Sat 11 Oct 07:19:27 BST 2025: Set wallpaper to /home/solomon/.config/hypr/wallpapers/2008-Mazda-Furai-Concept-004-1440.jpg
Sat 11 Oct 07:24:27 BST 2025: Set wallpaper to /home/solomon/.config/hypr/wallpapers/w11_pfp.webp
Sat 11 Oct 07:29:28 BST 2025: Set wallpaper to /home/solomon/.config/hypr/wallpapers/2014-Mercedes-Benz-SLS-AMG-Black-Series-009-1440.jpg
Sat 11 Oct 07:34:28 BST 2025: Set wallpaper to /home/solomon/.config/hypr/wallpapers/SilverW11.jpg
Sat 11 Oct 07:39:28 BST 2025: Set wallpaper to /home/solomon/.config/hypr/wallpapers/2008-Mazda-Furai-Concept-004-1440.jpg
Sat 11 Oct 07:44:28 BST 2025: Set wallpaper to /home/solomon/.config/hypr/wallpapers/w11_pfp.webp
Sat 11 Oct 07:49:28 BST 2025: Set wallpaper to /home/solomon/.config/hypr/wallpapers/thumb-1920-1345403.jpeg
Sat 11 Oct 11:03:06 BST 2025: Set wallpaper to /home/solomon/.config/hypr/wallpapers/2014-Mercedes-Benz-SLS-AMG-Black-Series-009-1440.jpg
Sat 11 Oct 11:08:06 BST 2025: Set wallpaper to /home/solomon/.config/hypr/wallpapers/mazda-mx5-miata-mazda-3351.jpg
Sat 11 Oct 11:13:06 BST 2025: Set wallpaper to /home/solomon/.config/hypr/wallpapers/w11_wets.webp
Sat 11 Oct 11:18:07 BST 2025: Set wallpaper to /home/solomon/.config/hypr/wallpapers/2008-Mazda-Furai-Concept_grey.png
Sat 11 Oct 11:23:07 BST 2025: Set wallpaper to /home/solomon/.config/hypr/wallpapers/hyprland_wallpaper.png
Sat 11 Oct 11:28:07 BST 2025: Set wallpaper to /home/solomon/.config/hypr/wallpapers/mercedes_amg_f1_m11_eq_performance_4k-HD.jpg
Sat 11 Oct 11:33:07 BST 2025: Set wallpaper to /home/solomon/.config/hypr/wallpapers/2005-Ferrari-F430-007-1080.jpg
Sat 11 Oct 11:38:07 BST 2025: Set wallpaper to /home/solomon/.config/hypr/wallpapers/2011-Mercedes-Benz-C63-AMG-Coupe-Black-002-1080.jpg
Sat 11 Oct 11:43:07 BST 2025: Set wallpaper to /home/solomon/.config/hypr/wallpapers/w11_pfp.webp
Sat 11 Oct 11:48:07 BST 2025: Set wallpaper to /home/solomon/.config/hypr/wallpapers/2008-Mazda-Furai-Concept_grey.png
Sat 11 Oct 11:53:07 BST 2025: Set wallpaper to /home/solomon/.config/hypr/wallpapers/hamilton_3079629.jpg
Sat 11 Oct 12:16:20 BST 2025: Set wallpaper to /home/solomon/.config/hypr/wallpapers/SilverW11.jpg
Sat 11 Oct 12:19:42 BST 2025: Set wallpaper to /home/solomon/.config/hypr/wallpapers/SilverW11.jpg
Sat 11 Oct 12:20:45 BST 2025: Set wallpaper to /home/solomon/.config/hypr/wallpapers/mercedes-w11.webp
Sat 11 Oct 12:21:45 BST 2025: Set wallpaper to /home/solomon/.config/hypr/wallpapers/simple.png
Sat 11 Oct 12:22:45 BST 2025: Set wallpaper to /home/solomon/.config/hypr/wallpapers/hyprland_wallpaper.png
Sat 11 Oct 12:23:45 BST 2025: Set wallpaper to /home/solomon/.config/hypr/wallpapers/2015-Porsche-918-Spyder-012-1440.jpg
Sat 11 Oct 12:24:45 BST 2025: Set wallpaper to /home/solomon/.config/hypr/wallpapers/2011-Mercedes-Benz-C63-AMG-Coupe-Black-002-1080.jpg
Sat 11 Oct 12:25:45 BST 2025: Set wallpaper to /home/solomon/.config/hypr/wallpapers/W05.jpg
Sat 11 Oct 12:26:45 BST 2025: Set wallpaper to /home/solomon/.config/hypr/wallpapers/w11_pfp.webp
Sat 11 Oct 12:27:45 BST 2025: Set wallpaper to /home/solomon/.config/hypr/wallpapers/2011-Mercedes-Benz-C63-AMG-Coupe-Black-002-1080.jpg
Sat 11 Oct 12:28:45 BST 2025: Set wallpaper to /home/solomon/.config/hypr/wallpapers/2005-Ferrari-F430-007-1080.jpg
Sat 11 Oct 12:29:45 BST 2025: Set wallpaper to /home/solomon/.config/hypr/wallpapers/hyprland_wallpaper.png
Sat 11 Oct 12:30:45 BST 2025: Set wallpaper to /home/solomon/.config/hypr/wallpapers/mercedes-w11.webp
Sat 11 Oct 12:31:45 BST 2025: Set wallpaper to /home/solomon/.config/hypr/wallpapers/2011-Mercedes-Benz-C63-AMG-Coupe-Black-002-1080.jpg
Sat 11 Oct 12:32:45 BST 2025: Set wallpaper to /home/solomon/.config/hypr/wallpapers/w05.webp
Sat 11 Oct 12:33:45 BST 2025: Set wallpaper to /home/solomon/.config/hypr/wallpapers/2005-Ferrari-F430-007-1080.jpg
Sat 11 Oct 12:34:45 BST 2025: Set wallpaper to /home/solomon/.config/hypr/wallpapers/2015-Porsche-918-Spyder-012-1440.jpg
Sat 11 Oct 12:35:45 BST 2025: Set wallpaper to /home/solomon/.config/hypr/wallpapers/w11_pfp.webp
Sat 11 Oct 12:36:45 BST 2025: Set wallpaper to /home/solomon/.config/hypr/wallpapers/thumb-1920-1345403.jpeg
Sat 11 Oct 12:37:45 BST 2025: Set wallpaper to /home/solomon/.config/hypr/wallpapers/mercedes-w11.webp
Sat 11 Oct 12:38:45 BST 2025: Set wallpaper to /home/solomon/.config/hypr/wallpapers/mercedes_amg_f1_m11_eq_performance_4k-HD.jpg
Sat 11 Oct 12:39:46 BST 2025: Set wallpaper to /home/solomon/.config/hypr/wallpapers/linux-nitros-dark-ov.jpg
Sat 11 Oct 12:40:46 BST 2025: Set wallpaper to /home/solomon/.config/hypr/wallpapers/mercedes-w11.webp
Sat 11 Oct 12:41:46 BST 2025: Set wallpaper to /home/solomon/.config/hypr/wallpapers/W05.jpg
Sat 11 Oct 12:42:46 BST 2025: Set wallpaper to /home/solomon/.config/hypr/wallpapers/mazda-mx5-miata-mazda-3351.jpg
Sat 11 Oct 12:43:46 BST 2025: Set wallpaper to /home/solomon/.config/hypr/wallpapers/2015-Porsche-918-Spyder-012-1440.jpg
Sat 11 Oct 12:44:46 BST 2025: Set wallpaper to /home/solomon/.config/hypr/wallpapers/2008-Mazda-Furai-Concept-004-1440.jpg
Sat 11 Oct 12:45:46 BST 2025: Set wallpaper to /home/solomon/.config/hypr/wallpapers/W11_with_DRS.jpg
Sat 11 Oct 12:46:46 BST 2025: Set wallpaper to /home/solomon/.config/hypr/wallpapers/thumb-1920-1345403.jpeg
Sat 11 Oct 12:47:46 BST 2025: Set wallpaper to /home/solomon/.config/hypr/wallpapers/2008-Mazda-Furai-Concept_grey.png
Sat 11 Oct 12:48:46 BST 2025: Set wallpaper to /home/solomon/.config/hypr/wallpapers/2014-Mercedes-Benz-SLS-AMG-Black-Series-009-1440.jpg
Sat 11 Oct 12:49:46 BST 2025: Set wallpaper to /home/solomon/.config/hypr/wallpapers/2019-Bugatti-Divo.jpg
Sat 11 Oct 12:50:46 BST 2025: Set wallpaper to /home/solomon/.config/hypr/wallpapers/hyprland_wallpaper.png
Sat 11 Oct 12:51:46 BST 2025: Set wallpaper to /home/solomon/.config/hypr/wallpapers/2009-Mercedes-Benz-SL-65-AMG-Black-003-1080.jpg
Sat 11 Oct 12:52:46 BST 2025: Set wallpaper to /home/solomon/.config/hypr/wallpapers/w11_wets.webp
Sat 11 Oct 12:53:46 BST 2025: Set wallpaper to /home/solomon/.config/hypr/wallpapers/SilverW11.jpg
Sat 11 Oct 12:54:46 BST 2025: Set wallpaper to /home/solomon/.config/hypr/wallpapers/W11_with_DRS.jpg
Sat 11 Oct 12:55:46 BST 2025: Set wallpaper to /home/solomon/.config/hypr/wallpapers/w11_pfp.webp
Sat 11 Oct 12:56:46 BST 2025: Set wallpaper to /home/solomon/.config/hypr/wallpapers/w11_wets.webp
Sat 11 Oct 12:57:46 BST 2025: Set wallpaper to /home/solomon/.config/hypr/wallpapers/2008-Mazda-Furai-Concept_grey.png
Sat 11 Oct 12:58:46 BST 2025: Set wallpaper to /home/solomon/.config/hypr/wallpapers/2014-Mercedes-Benz-SLS-AMG-Black-Series-009-1440.jpg
Sat 11 Oct 12:59:46 BST 2025: Set wallpaper to /home/solomon/.config/hypr/wallpapers/W05.jpg
Sat 11 Oct 13:00:46 BST 2025: Set wallpaper to /home/solomon/.config/hypr/wallpapers/hyprland_wallpaper.png
Sat 11 Oct 13:01:46 BST 2025: Set wallpaper to /home/solomon/.config/hypr/wallpapers/thumb-1920-1345403.jpeg
Sat 11 Oct 13:02:46 BST 2025: Set wallpaper to /home/solomon/.config/hypr/wallpapers/astize_cc0_split1.png
Sat 11 Oct 13:03:46 BST 2025: Set wallpaper to /home/solomon/.config/hypr/wallpapers/W11_with_DRS.jpg
Sat 11 Oct 13:04:47 BST 2025: Set wallpaper to /home/solomon/.config/hypr/wallpapers/astize_cc0_split1.png
Sat 11 Oct 13:05:47 BST 2025: Set wallpaper to /home/solomon/.config/hypr/wallpapers/2015-Porsche-918-Spyder-012-1440.jpg
Sat 11 Oct 13:06:47 BST 2025: Set wallpaper to /home/solomon/.config/hypr/wallpapers/2009-Mercedes-Benz-SL-65-AMG-Black-003-1080.jpg
Sat 11 Oct 13:07:47 BST 2025: Set wallpaper to /home/solomon/.config/hypr/wallpapers/2014-Mercedes-Benz-SLS-AMG-Black-Series-009-1440.jpg
Sat 11 Oct 13:08:47 BST 2025: Set wallpaper to /home/solomon/.config/hypr/wallpapers/1979-Canepa-BMW-M1-Procar_grey.png
Sat 11 Oct 13:09:47 BST 2025: Set wallpaper to /home/solomon/.config/hypr/wallpapers/1968-Lamborghini-Miura-Jota-SVR-001-1080.jpg
Sat 11 Oct 13:10:47 BST 2025: Set wallpaper to /home/solomon/.config/hypr/wallpapers/mercedes_amg_f1_m11_eq_performance_4k-HD.jpg
Sat 11 Oct 13:11:47 BST 2025: Set wallpaper to /home/solomon/.config/hypr/wallpapers/hyprland_wallpaper.png
Sat 11 Oct 13:12:47 BST 2025: Set wallpaper to /home/solomon/.config/hypr/wallpapers/1979-Canepa-BMW-M1-Procar_grey.png
Sat 11 Oct 13:13:47 BST 2025: Set wallpaper to /home/solomon/.config/hypr/wallpapers/2011-Mercedes-Benz-C63-AMG-Coupe-Black-001-1080.jpg
Sat 11 Oct 13:14:47 BST 2025: Set wallpaper to /home/solomon/.config/hypr/wallpapers/mercedes_amg_f1_m11_eq_performance_4k-HD.jpg
Sat 11 Oct 13:15:47 BST 2025: Set wallpaper to /home/solomon/.config/hypr/wallpapers/hyprland_wallpaper.png
Sat 11 Oct 13:16:47 BST 2025: Set wallpaper to /home/solomon/.config/hypr/wallpapers/hamilton_3079629.jpg
Sat 11 Oct 13:17:47 BST 2025: Set wallpaper to /home/solomon/.config/hypr/wallpapers/1979-Canepa-BMW-M1-Procar_grey.png
Sat 11 Oct 13:18:47 BST 2025: Set wallpaper to /home/solomon/.config/hypr/wallpapers/2005-Ferrari-F430-007-1080.jpg
Sat 11 Oct 13:19:47 BST 2025: Set wallpaper to /home/solomon/.config/hypr/wallpapers/w11_wets.webp
Sat 11 Oct 13:20:47 BST 2025: Set wallpaper to /home/solomon/.config/hypr/wallpapers/2005-Ferrari-F430-007-1080.jpg
Sat 11 Oct 13:21:47 BST 2025: Set wallpaper to /home/solomon/.config/hypr/wallpapers/linux-nitros-dark-ov.jpg
Sat 11 Oct 13:22:47 BST 2025: Set wallpaper to /home/solomon/.config/hypr/wallpapers/2005-Ferrari-F430-007-1080.jpg
Sat 11 Oct 13:23:47 BST 2025: Set wallpaper to /home/solomon/.config/hypr/wallpapers/w11_pfp.webp
Sat 11 Oct 13:24:47 BST 2025: Set wallpaper to /home/solomon/.config/hypr/wallpapers/hamilton_3079629.jpg
Sat 11 Oct 13:25:47 BST 2025: Set wallpaper to /home/solomon/.config/hypr/wallpapers/W11_with_DRS.jpg
Sat 11 Oct 13:26:47 BST 2025: Set wallpaper to /home/solomon/.config/hypr/wallpapers/SilverW11.jpg
Sat 11 Oct 13:27:47 BST 2025: Set wallpaper to /home/solomon/.config/hypr/wallpapers/simple.png
Sat 11 Oct 13:28:47 BST 2025: Set wallpaper to /home/solomon/.config/hypr/wallpapers/2015-Porsche-918-Spyder-012-1440.jpg
Sat 11 Oct 13:29:47 BST 2025: Set wallpaper to /home/solomon/.config/hypr/wallpapers/2015-Porsche-918-Spyder-012-1440.jpg
Sat 11 Oct 13:30:47 BST 2025: Set wallpaper to /home/solomon/.config/hypr/wallpapers/mercedes_amg_f1_m11_eq_performance_4k-HD.jpg
Sat 11 Oct 13:31:47 BST 2025: Set wallpaper to /home/solomon/.config/hypr/wallpapers/W11_with_DRS.jpg
Sat 11 Oct 15:50:40 BST 2025: Set wallpaper to /home/solomon/.config/hypr/wallpapers/w11_pfp.webp
Sat 11 Oct 15:51:40 BST 2025: Set wallpaper to /home/solomon/.config/hypr/wallpapers/2008-Mazda-Furai-Concept_grey.png
Sat 11 Oct 15:52:40 BST 2025: Set wallpaper to /home/solomon/.config/hypr/wallpapers/w11_wets.webp
Sat 11 Oct 15:53:40 BST 2025: Set wallpaper to /home/solomon/.config/hypr/wallpapers/w11_pfp.webp
Sat 11 Oct 15:54:40 BST 2025: Set wallpaper to /home/solomon/.config/hypr/wallpapers/w11_wets.webp
Sat 11 Oct 15:55:40 BST 2025: Set wallpaper to /home/solomon/.config/hypr/wallpapers/1979-Canepa-BMW-M1-Procar_grey.png
Sat 11 Oct 15:56:40 BST 2025: Set wallpaper to /home/solomon/.config/hypr/wallpapers/thumb-1920-1345403.jpeg
Sat 11 Oct 15:57:40 BST 2025: Set wallpaper to /home/solomon/.config/hypr/wallpapers/hamilton_3079629.jpg
Sat 11 Oct 15:58:40 BST 2025: Set wallpaper to /home/solomon/.config/hypr/wallpapers/1979-Canepa-BMW-M1-Procar_grey.png
Sat 11 Oct 15:59:41 BST 2025: Set wallpaper to /home/solomon/.config/hypr/wallpapers/mazda-mx5-miata-mazda-3351.jpg
Sat 11 Oct 16:00:41 BST 2025: Set wallpaper to /home/solomon/.config/hypr/wallpapers/mercedes_amg_f1_m11_eq_performance_4k-HD.jpg
Sat 11 Oct 16:01:41 BST 2025: Set wallpaper to /home/solomon/.config/hypr/wallpapers/W05.jpg
Sat 11 Oct 16:02:41 BST 2025: Set wallpaper to /home/solomon/.config/hypr/wallpapers/thumb-1920-1345403.jpeg
Sat 11 Oct 16:03:41 BST 2025: Set wallpaper to /home/solomon/.config/hypr/wallpapers/W11_with_DRS.jpg
Sat 11 Oct 16:04:41 BST 2025: Set wallpaper to /home/solomon/.config/hypr/wallpapers/2015-Porsche-918-Spyder-012-1440.jpg
Sat 11 Oct 16:05:41 BST 2025: Set wallpaper to /home/solomon/.config/hypr/wallpapers/astize_cc0_split1.png
Sat 11 Oct 16:06:41 BST 2025: Set wallpaper to /home/solomon/.config/hypr/wallpapers/linux-nitros-dark-ov.jpg
Sat 11 Oct 16:07:41 BST 2025: Set wallpaper to /home/solomon/.config/hypr/wallpapers/thumb-1920-1345403.jpeg
Sat 11 Oct 16:08:41 BST 2025: Set wallpaper to /home/solomon/.config/hypr/wallpapers/2011-Mercedes-Benz-C63-AMG-Coupe-Black-001-1080.jpg
Sat 11 Oct 16:09:41 BST 2025: Set wallpaper to /home/solomon/.config/hypr/wallpapers/simple.png
Sat 11 Oct 16:10:41 BST 2025: Set wallpaper to /home/solomon/.config/hypr/wallpapers/2011-Mercedes-Benz-C63-AMG-Coupe-Black-001-1080.jpg
Sat 11 Oct 16:11:41 BST 2025: Set wallpaper to /home/solomon/.config/hypr/wallpapers/mazda-mx5-miata-mazda-3351.jpg
Sat 11 Oct 16:12:41 BST 2025: Set wallpaper to /home/solomon/.config/hypr/wallpapers/w11_pfp.webp
Sat 11 Oct 16:13:41 BST 2025: Set wallpaper to /home/solomon/.config/hypr/wallpapers/1968-Lamborghini-Miura-Jota-SVR-001-1080.jpg
Sat 11 Oct 16:14:41 BST 2025: Set wallpaper to /home/solomon/.config/hypr/wallpapers/astize_cc0_split1.png
Sat 11 Oct 16:15:41 BST 2025: Set wallpaper to /home/solomon/.config/hypr/wallpapers/2008-Mazda-Furai-Concept_grey.png
Sat 11 Oct 16:16:41 BST 2025: Set wallpaper to /home/solomon/.config/hypr/wallpapers/thumb-1920-1345403.jpeg
Sat 11 Oct 16:17:41 BST 2025: Set wallpaper to /home/solomon/.config/hypr/wallpapers/2008-Mazda-Furai-Concept_grey.png
Sat 11 Oct 16:18:41 BST 2025: Set wallpaper to /home/solomon/.config/hypr/wallpapers/2008-Mazda-Furai-Concept_grey.png
Sat 11 Oct 16:19:41 BST 2025: Set wallpaper to /home/solomon/.config/hypr/wallpapers/hamilton_3079629.jpg
Sat 11 Oct 16:20:41 BST 2025: Set wallpaper to /home/solomon/.config/hypr/wallpapers/2014-Mercedes-Benz-SLS-AMG-Black-Series-009-1440.jpg
Sat 11 Oct 16:21:41 BST 2025: Set wallpaper to /home/solomon/.config/hypr/wallpapers/mazda-mx5-miata-mazda-3351.jpg
Sat 11 Oct 16:22:41 BST 2025: Set wallpaper to /home/solomon/.config/hypr/wallpapers/mercedes_amg_f1_m11_eq_performance_4k-HD.jpg
Sat 11 Oct 16:23:41 BST 2025: Set wallpaper to /home/solomon/.config/hypr/wallpapers/1968-Lamborghini-Miura-Jota-SVR-001-1080.jpg
Sat 11 Oct 16:24:41 BST 2025: Set wallpaper to /home/solomon/.config/hypr/wallpapers/w11_pfp.webp
Sat 11 Oct 16:25:41 BST 2025: Set wallpaper to /home/solomon/.config/hypr/wallpapers/2014-Mercedes-Benz-SLS-AMG-Black-Series-009-1440.jpg
Sat 11 Oct 16:26:42 BST 2025: Set wallpaper to /home/solomon/.config/hypr/wallpapers/2009-Mercedes-Benz-SL-65-AMG-Black-003-1080.jpg
Sat 11 Oct 16:27:42 BST 2025: Set wallpaper to /home/solomon/.config/hypr/wallpapers/w11_wets.webp
Sat 11 Oct 16:28:42 BST 2025: Set wallpaper to /home/solomon/.config/hypr/wallpapers/linux-nitros-dark-ov.jpg
Sat 11 Oct 16:29:42 BST 2025: Set wallpaper to /home/solomon/.config/hypr/wallpapers/1979-Canepa-BMW-M1-Procar_grey.png
Sat 11 Oct 16:30:42 BST 2025: Set wallpaper to /home/solomon/.config/hypr/wallpapers/hamilton_3079629.jpg
Sat 11 Oct 16:31:42 BST 2025: Set wallpaper to /home/solomon/.config/hypr/wallpapers/w05.webp
Sat 11 Oct 16:32:42 BST 2025: Set wallpaper to /home/solomon/.config/hypr/wallpapers/2009-Mercedes-Benz-SL-65-AMG-Black-003-1080.jpg
Sat 11 Oct 16:33:42 BST 2025: Set wallpaper to /home/solomon/.config/hypr/wallpapers/2011-Mercedes-Benz-C63-AMG-Coupe-Black-001-1080.jpg
Sat 11 Oct 16:34:42 BST 2025: Set wallpaper to /home/solomon/.config/hypr/wallpapers/w11_wets.webp
Sat 11 Oct 16:35:42 BST 2025: Set wallpaper to /home/solomon/.config/hypr/wallpapers/simple.png
Sat 11 Oct 16:36:42 BST 2025: Set wallpaper to /home/solomon/.config/hypr/wallpapers/mercedes_amg_f1_m11_eq_performance_4k-HD.jpg
Sat 11 Oct 16:37:42 BST 2025: Set wallpaper to /home/solomon/.config/hypr/wallpapers/w05.webp
Sat 11 Oct 16:38:42 BST 2025: Set wallpaper to /home/solomon/.config/hypr/wallpapers/2008-Mazda-Furai-Concept-004-1440.jpg
Sat 11 Oct 16:39:42 BST 2025: Set wallpaper to /home/solomon/.config/hypr/wallpapers/hamilton_3079629.jpg
Sat 11 Oct 16:40:42 BST 2025: Set wallpaper to /home/solomon/.config/hypr/wallpapers/w11_pfp.webp
Sat 11 Oct 16:41:42 BST 2025: Set wallpaper to /home/solomon/.config/hypr/wallpapers/W11_with_DRS.jpg
Sat 11 Oct 16:42:42 BST 2025: Set wallpaper to /home/solomon/.config/hypr/wallpapers/2011-Mercedes-Benz-C63-AMG-Coupe-Black-001-1080.jpg
Sat 11 Oct 16:43:42 BST 2025: Set wallpaper to /home/solomon/.config/hypr/wallpapers/w11_wets.webp
Sat 11 Oct 16:44:42 BST 2025: Set wallpaper to /home/solomon/.config/hypr/wallpapers/w11_pfp.webp
Sat 11 Oct 16:45:42 BST 2025: Set wallpaper to /home/solomon/.config/hypr/wallpapers/2011-Mercedes-Benz-C63-AMG-Coupe-Black-001-1080.jpg
Sat 11 Oct 16:46:42 BST 2025: Set wallpaper to /home/solomon/.config/hypr/wallpapers/w11_pfp.webp
Sat 11 Oct 16:47:42 BST 2025: Set wallpaper to /home/solomon/.config/hypr/wallpapers/1979-Canepa-BMW-M1-Procar_grey.png
Sat 11 Oct 16:48:42 BST 2025: Set wallpaper to /home/solomon/.config/hypr/wallpapers/w11_wets.webp
Sat 11 Oct 16:49:42 BST 2025: Set wallpaper to /home/solomon/.config/hypr/wallpapers/astize_cc0_split1.png
Sat 11 Oct 16:50:42 BST 2025: Set wallpaper to /home/solomon/.config/hypr/wallpapers/2005-Ferrari-F430-007-1080.jpg
Sat 11 Oct 16:51:42 BST 2025: Set wallpaper to /home/solomon/.config/hypr/wallpapers/2008-Mazda-Furai-Concept-004-1440.jpg
Sat 11 Oct 16:52:42 BST 2025: Set wallpaper to /home/solomon/.config/hypr/wallpapers/2011-Mercedes-Benz-C63-AMG-Coupe-Black-001-1080.jpg
Sat 11 Oct 16:53:42 BST 2025: Set wallpaper to /home/solomon/.config/hypr/wallpapers/1979-Canepa-BMW-M1-Procar_grey.png
Sat 11 Oct 16:54:42 BST 2025: Set wallpaper to /home/solomon/.config/hypr/wallpapers/2011-Mercedes-Benz-C63-AMG-Coupe-Black-002-1080.jpg
Sat 11 Oct 16:55:42 BST 2025: Set wallpaper to /home/solomon/.config/hypr/wallpapers/2019-Bugatti-Divo.jpg
Sat 11 Oct 16:56:42 BST 2025: Set wallpaper to /home/solomon/.config/hypr/wallpapers/astize_cc0_split1.png
Sat 11 Oct 16:57:42 BST 2025: Set wallpaper to /home/solomon/.config/hypr/wallpapers/1979-Canepa-BMW-M1-Procar_grey.png
Sat 11 Oct 16:58:43 BST 2025: Set wallpaper to /home/solomon/.config/hypr/wallpapers/thumb-1920-1345403.jpeg
Sat 11 Oct 16:59:43 BST 2025: Set wallpaper to /home/solomon/.config/hypr/wallpapers/hyprland_wallpaper.png
Sat 11 Oct 17:00:43 BST 2025: Set wallpaper to /home/solomon/.config/hypr/wallpapers/2009-Mercedes-Benz-SL-65-AMG-Black-003-1080.jpg
Sat 11 Oct 17:01:43 BST 2025: Set wallpaper to /home/solomon/.config/hypr/wallpapers/linux-nitros-dark-ov.jpg
Sat 11 Oct 17:02:43 BST 2025: Set wallpaper to /home/solomon/.config/hypr/wallpapers/SilverW11.jpg
Sat 11 Oct 17:03:43 BST 2025: Set wallpaper to /home/solomon/.config/hypr/wallpapers/mazda-mx5-miata-mazda-3351.jpg
Sat 11 Oct 17:04:43 BST 2025: Set wallpaper to /home/solomon/.config/hypr/wallpapers/2005-Ferrari-F430-007-1080.jpg
Sat 11 Oct 17:05:43 BST 2025: Set wallpaper to /home/solomon/.config/hypr/wallpapers/mazda-mx5-miata-mazda-3351.jpg
Sat 11 Oct 17:06:43 BST 2025: Set wallpaper to /home/solomon/.config/hypr/wallpapers/2014-Mercedes-Benz-SLS-AMG-Black-Series-009-1440.jpg
Sat 11 Oct 17:07:43 BST 2025: Set wallpaper to /home/solomon/.config/hypr/wallpapers/1968-Lamborghini-Miura-Jota-SVR-001-1080.jpg
Sat 11 Oct 17:08:43 BST 2025: Set wallpaper to /home/solomon/.config/hypr/wallpapers/2011-Mercedes-Benz-C63-AMG-Coupe-Black-002-1080.jpg
Sat 11 Oct 22:29:48 BST 2025: Set wallpaper to /home/solomon/.config/hypr/wallpapers/1979-Canepa-BMW-M1-Procar_grey.png
Sat 11 Oct 22:30:48 BST 2025: Set wallpaper to /home/solomon/.config/hypr/wallpapers/2011-Mercedes-Benz-C63-AMG-Coupe-Black-001-1080.jpg
Sat 11 Oct 22:31:48 BST 2025: Set wallpaper to /home/solomon/.config/hypr/wallpapers/1979-Canepa-BMW-M1-Procar_grey.png
Sat 11 Oct 22:32:48 BST 2025: Set wallpaper to /home/solomon/.config/hypr/wallpapers/hamilton_3079629.jpg
Sat 11 Oct 22:33:48 BST 2025: Set wallpaper to /home/solomon/.config/hypr/wallpapers/hamilton_3079629.jpg
Sat 11 Oct 22:34:48 BST 2025: Set wallpaper to /home/solomon/.config/hypr/wallpapers/mercedes-w11.webp
Sat 11 Oct 22:35:48 BST 2025: Set wallpaper to /home/solomon/.config/hypr/wallpapers/hyprland_wallpaper.png
Sat 11 Oct 22:36:48 BST 2025: Set wallpaper to /home/solomon/.config/hypr/wallpapers/hyprland_wallpaper.png
Sat 11 Oct 22:37:48 BST 2025: Set wallpaper to /home/solomon/.config/hypr/wallpapers/thumb-1920-1345403.jpeg
Sat 11 Oct 22:38:48 BST 2025: Set wallpaper to /home/solomon/.config/hypr/wallpapers/2011-Mercedes-Benz-C63-AMG-Coupe-Black-001-1080.jpg
Sat 11 Oct 22:39:49 BST 2025: Set wallpaper to /home/solomon/.config/hypr/wallpapers/w05.webp
Sat 11 Oct 22:40:49 BST 2025: Set wallpaper to /home/solomon/.config/hypr/wallpapers/thumb-1920-1345403.jpeg
Sat 11 Oct 22:41:49 BST 2025: Set wallpaper to /home/solomon/.config/hypr/wallpapers/2011-Mercedes-Benz-C63-AMG-Coupe-Black-001-1080.jpg
Sat 11 Oct 22:42:49 BST 2025: Set wallpaper to /home/solomon/.config/hypr/wallpapers/2019-Bugatti-Divo.jpg
Sat 11 Oct 22:43:49 BST 2025: Set wallpaper to /home/solomon/.config/hypr/wallpapers/linux-nitros-dark-ov.jpg
Sat 11 Oct 22:44:49 BST 2025: Set wallpaper to /home/solomon/.config/hypr/wallpapers/astize_cc0_split1.png
Sat 11 Oct 22:45:49 BST 2025: Set wallpaper to /home/solomon/.config/hypr/wallpapers/linux-nitros-dark-ov.jpg
Sat 11 Oct 22:46:49 BST 2025: Set wallpaper to /home/solomon/.config/hypr/wallpapers/linux-nitros-dark-ov.jpg
Sat 11 Oct 22:47:49 BST 2025: Set wallpaper to /home/solomon/.config/hypr/wallpapers/1968-Lamborghini-Miura-Jota-SVR-001-1080.jpg
Sat 11 Oct 22:48:49 BST 2025: Set wallpaper to /home/solomon/.config/hypr/wallpapers/2011-Mercedes-Benz-C63-AMG-Coupe-Black-001-1080.jpg
Sat 11 Oct 22:49:49 BST 2025: Set wallpaper to /home/solomon/.config/hypr/wallpapers/SilverW11.jpg
Sat 11 Oct 22:50:49 BST 2025: Set wallpaper to /home/solomon/.config/hypr/wallpapers/2011-Mercedes-Benz-C63-AMG-Coupe-Black-002-1080.jpg
Sat 11 Oct 22:51:49 BST 2025: Set wallpaper to /home/solomon/.config/hypr/wallpapers/w11_wets.webp
Sat 11 Oct 22:52:49 BST 2025: Set wallpaper to /home/solomon/.config/hypr/wallpapers/1968-Lamborghini-Miura-Jota-SVR-001-1080.jpg
Sun 12 Oct 09:34:49 BST 2025: Set wallpaper to /home/solomon/.config/hypr/wallpapers/2019-Bugatti-Divo.jpg
Sun 12 Oct 09:36:51 BST 2025: Set wallpaper to /home/solomon/.config/hypr/wallpapers/2011-Mercedes-Benz-C63-AMG-Coupe-Black-002-1080.jpg
Sun 12 Oct 09:38:51 BST 2025: Set wallpaper to /home/solomon/.config/hypr/wallpapers/simple.png
Sun 12 Oct 09:40:51 BST 2025: Set wallpaper to /home/solomon/.config/hypr/wallpapers/hamilton_3079629.jpg
Sun 12 Oct 09:42:51 BST 2025: Set wallpaper to /home/solomon/.config/hypr/wallpapers/2008-Mazda-Furai-Concept_grey.png
Sun 12 Oct 09:44:51 BST 2025: Set wallpaper to /home/solomon/.config/hypr/wallpapers/1968-Lamborghini-Miura-Jota-SVR-001-1080.jpg
Sun 12 Oct 09:46:51 BST 2025: Set wallpaper to /home/solomon/.config/hypr/wallpapers/2015-Porsche-918-Spyder-012-1440.jpg
Sun 12 Oct 09:48:51 BST 2025: Set wallpaper to /home/solomon/.config/hypr/wallpapers/mercedes_amg_f1_m11_eq_performance_4k-HD.jpg
Sun 12 Oct 09:50:51 BST 2025: Set wallpaper to /home/solomon/.config/hypr/wallpapers/mazda-mx5-miata-mazda-3351.jpg
Sun 12 Oct 09:52:51 BST 2025: Set wallpaper to /home/solomon/.config/hypr/wallpapers/hyprland_wallpaper.png
Sun 12 Oct 09:54:51 BST 2025: Set wallpaper to /home/solomon/.config/hypr/wallpapers/2019-Bugatti-Divo.jpg
Sun 12 Oct 09:56:51 BST 2025: Set wallpaper to /home/solomon/.config/hypr/wallpapers/w11_wets.webp
Sun 12 Oct 09:58:51 BST 2025: Set wallpaper to /home/solomon/.config/hypr/wallpapers/2008-Mazda-Furai-Concept_grey.png
Sun 12 Oct 10:00:51 BST 2025: Set wallpaper to /home/solomon/.config/hypr/wallpapers/w05.webp
Sun 12 Oct 10:02:51 BST 2025: Set wallpaper to /home/solomon/.config/hypr/wallpapers/W11_with_DRS.jpg
Sun 12 Oct 10:04:51 BST 2025: Set wallpaper to /home/solomon/.config/hypr/wallpapers/hyprland_wallpaper.png
Sun 12 Oct 10:06:51 BST 2025: Set wallpaper to /home/solomon/.config/hypr/wallpapers/mercedes_amg_f1_m11_eq_performance_4k-HD.jpg
Sun 12 Oct 10:08:51 BST 2025: Set wallpaper to /home/solomon/.config/hypr/wallpapers/W05.jpg
Sun 12 Oct 10:10:51 BST 2025: Set wallpaper to /home/solomon/.config/hypr/wallpapers/2015-Porsche-918-Spyder-012-1440.jpg
Sun 12 Oct 14:43:33 BST 2025: Set wallpaper to /home/solomon/.config/hypr/wallpapers/2014-Mercedes-Benz-SLS-AMG-Black-Series-009-1440.jpg
Sun 12 Oct 14:45:33 BST 2025: Set wallpaper to /home/solomon/.config/hypr/wallpapers/astize_cc0_split1.png
Sun 12 Oct 14:47:33 BST 2025: Set wallpaper to /home/solomon/.config/hypr/wallpapers/2008-Mazda-Furai-Concept-004-1440.jpg
Sun 12 Oct 14:49:33 BST 2025: Set wallpaper to /home/solomon/.config/hypr/wallpapers/2008-Mazda-Furai-Concept-004-1440.jpg
Sun 12 Oct 14:51:33 BST 2025: Set wallpaper to /home/solomon/.config/hypr/wallpapers/astize_cc0_split1.png
Sun 12 Oct 14:53:33 BST 2025: Set wallpaper to /home/solomon/.config/hypr/wallpapers/2005-Ferrari-F430-007-1080.jpg
Sun 12 Oct 14:55:33 BST 2025: Set wallpaper to /home/solomon/.config/hypr/wallpapers/2005-Ferrari-F430-007-1080.jpg
Sun 12 Oct 14:57:33 BST 2025: Set wallpaper to /home/solomon/.config/hypr/wallpapers/linux-nitros-dark-ov.jpg
Sun 12 Oct 14:59:33 BST 2025: Set wallpaper to /home/solomon/.config/hypr/wallpapers/hamilton_3079629.jpg
Sun 12 Oct 15:01:33 BST 2025: Set wallpaper to /home/solomon/.config/hypr/wallpapers/linux-nitros-dark-ov.jpg
Sun 12 Oct 15:03:33 BST 2025: Set wallpaper to /home/solomon/.config/hypr/wallpapers/1979-Canepa-BMW-M1-Procar_grey.png
Sun 12 Oct 15:05:33 BST 2025: Set wallpaper to /home/solomon/.config/hypr/wallpapers/W11_with_DRS.jpg
Sun 12 Oct 15:07:33 BST 2025: Set wallpaper to /home/solomon/.config/hypr/wallpapers/2011-Mercedes-Benz-C63-AMG-Coupe-Black-001-1080.jpg
Sun 12 Oct 15:09:33 BST 2025: Set wallpaper to /home/solomon/.config/hypr/wallpapers/2008-Mazda-Furai-Concept-004-1440.jpg
Sun 12 Oct 15:11:33 BST 2025: Set wallpaper to /home/solomon/.config/hypr/wallpapers/1968-Lamborghini-Miura-Jota-SVR-001-1080.jpg
Sun 12 Oct 15:13:33 BST 2025: Set wallpaper to /home/solomon/.config/hypr/wallpapers/mazda-mx5-miata-mazda-3351.jpg
Sun 12 Oct 15:15:33 BST 2025: Set wallpaper to /home/solomon/.config/hypr/wallpapers/w11_wets.webp
Sun 12 Oct 15:17:33 BST 2025: Set wallpaper to /home/solomon/.config/hypr/wallpapers/simple.png
Sun 12 Oct 15:19:33 BST 2025: Set wallpaper to /home/solomon/.config/hypr/wallpapers/simple.png
Sun 12 Oct 15:21:33 BST 2025: Set wallpaper to /home/solomon/.config/hypr/wallpapers/2008-Mazda-Furai-Concept-004-1440.jpg
Sun 12 Oct 15:23:33 BST 2025: Set wallpaper to /home/solomon/.config/hypr/wallpapers/W11_with_DRS.jpg
Sun 12 Oct 15:25:33 BST 2025: Set wallpaper to /home/solomon/.config/hypr/wallpapers/hyprland_wallpaper.png
Sun 12 Oct 15:27:33 BST 2025: Set wallpaper to /home/solomon/.config/hypr/wallpapers/hamilton_3079629.jpg
Sun 12 Oct 15:29:33 BST 2025: Set wallpaper to /home/solomon/.config/hypr/wallpapers/1979-Canepa-BMW-M1-Procar_grey.png
Sun 12 Oct 15:31:33 BST 2025: Set wallpaper to /home/solomon/.config/hypr/wallpapers/1968-Lamborghini-Miura-Jota-SVR-001-1080.jpg
Sun 12 Oct 15:33:33 BST 2025: Set wallpaper to /home/solomon/.config/hypr/wallpapers/w11_pfp.webp
Sun 12 Oct 15:35:34 BST 2025: Set wallpaper to /home/solomon/.config/hypr/wallpapers/hamilton_3079629.jpg
Sun 12 Oct 15:37:34 BST 2025: Set wallpaper to /home/solomon/.config/hypr/wallpapers/mazda-mx5-miata-mazda-3351.jpg
Sun 12 Oct 15:39:34 BST 2025: Set wallpaper to /home/solomon/.config/hypr/wallpapers/thumb-1920-1345403.jpeg
Sun 12 Oct 15:41:34 BST 2025: Set wallpaper to /home/solomon/.config/hypr/wallpapers/thumb-1920-1345403.jpeg
Sun 12 Oct 15:43:34 BST 2025: Set wallpaper to /home/solomon/.config/hypr/wallpapers/2019-Bugatti-Divo.jpg
Sun 12 Oct 15:45:34 BST 2025: Set wallpaper to /home/solomon/.config/hypr/wallpapers/2008-Mazda-Furai-Concept-004-1440.jpg
Sun 12 Oct 15:47:34 BST 2025: Set wallpaper to /home/solomon/.config/hypr/wallpapers/w11_pfp.webp
Sun 12 Oct 21:11:21 BST 2025: Set wallpaper to /home/solomon/.config/hypr/wallpapers/1968-Lamborghini-Miura-Jota-SVR-001-1080.jpg
Sun 12 Oct 21:13:21 BST 2025: Set wallpaper to /home/solomon/.config/hypr/wallpapers/w11_pfp.webp
Sun 12 Oct 21:15:21 BST 2025: Set wallpaper to /home/solomon/.config/hypr/wallpapers/2009-Mercedes-Benz-SL-65-AMG-Black-003-1080.jpg
Sun 12 Oct 21:17:21 BST 2025: Set wallpaper to /home/solomon/.config/hypr/wallpapers/w11_pfp.webp
Sun 12 Oct 21:19:21 BST 2025: Set wallpaper to /home/solomon/.config/hypr/wallpapers/SilverW11.jpg
Sun 12 Oct 21:21:21 BST 2025: Set wallpaper to /home/solomon/.config/hypr/wallpapers/hamilton_3079629.jpg
Sun 12 Oct 21:23:21 BST 2025: Set wallpaper to /home/solomon/.config/hypr/wallpapers/astize_cc0_split1.png
Sun 12 Oct 21:25:21 BST 2025: Set wallpaper to /home/solomon/.config/hypr/wallpapers/simple.png
Sun 12 Oct 21:27:22 BST 2025: Set wallpaper to /home/solomon/.config/hypr/wallpapers/thumb-1920-1345403.jpeg
Sun 12 Oct 21:29:22 BST 2025: Set wallpaper to /home/solomon/.config/hypr/wallpapers/linux-nitros-dark-ov.jpg
Sun 12 Oct 21:31:22 BST 2025: Set wallpaper to /home/solomon/.config/hypr/wallpapers/1979-Canepa-BMW-M1-Procar_grey.png
Sun 12 Oct 21:33:22 BST 2025: Set wallpaper to /home/solomon/.config/hypr/wallpapers/w05.webp
Sun 12 Oct 21:35:22 BST 2025: Set wallpaper to /home/solomon/.config/hypr/wallpapers/2019-Bugatti-Divo.jpg
Sun 12 Oct 21:37:22 BST 2025: Set wallpaper to /home/solomon/.config/hypr/wallpapers/2008-Mazda-Furai-Concept-004-1440.jpg
Sun 12 Oct 21:39:22 BST 2025: Set wallpaper to /home/solomon/.config/hypr/wallpapers/2008-Mazda-Furai-Concept_grey.png
Sun 12 Oct 21:41:22 BST 2025: Set wallpaper to /home/solomon/.config/hypr/wallpapers/w11_pfp.webp
Sun 12 Oct 21:43:22 BST 2025: Set wallpaper to /home/solomon/.config/hypr/wallpapers/w11_pfp.webp
Sun 12 Oct 21:45:22 BST 2025: Set wallpaper to /home/solomon/.config/hypr/wallpapers/W05.jpg
Sun 12 Oct 21:47:17 BST 2025: Set wallpaper to /home/solomon/.config/hypr/wallpapers/w11_pfp.webp
Sun 12 Oct 21:49:17 BST 2025: Set wallpaper to /home/solomon/.config/hypr/wallpapers/w11_pfp.webp
Sun 12 Oct 21:51:17 BST 2025: Set wallpaper to /home/solomon/.config/hypr/wallpapers/w05.webp
Sun 12 Oct 21:53:17 BST 2025: Set wallpaper to /home/solomon/.config/hypr/wallpapers/w11_pfp.webp
Sun 12 Oct 21:55:17 BST 2025: Set wallpaper to /home/solomon/.config/hypr/wallpapers/thumb-1920-1345403.jpeg
Sun 12 Oct 21:57:17 BST 2025: Set wallpaper to /home/solomon/.config/hypr/wallpapers/2014-Mercedes-Benz-SLS-AMG-Black-Series-009-1440.jpg
Sun 12 Oct 21:59:17 BST 2025: Set wallpaper to /home/solomon/.config/hypr/wallpapers/2005-Ferrari-F430-007-1080.jpg
Sun 12 Oct 22:01:17 BST 2025: Set wallpaper to /home/solomon/.config/hypr/wallpapers/2005-Ferrari-F430-007-1080.jpg
Sun 12 Oct 22:03:18 BST 2025: Set wallpaper to /home/solomon/.config/hypr/wallpapers/W11_with_DRS.jpg
Sun 12 Oct 22:05:18 BST 2025: Set wallpaper to /home/solomon/.config/hypr/wallpapers/mazda-mx5-miata-mazda-3351.jpg
Sun 12 Oct 22:07:20 BST 2025: Set wallpaper to /home/solomon/.config/hypr/wallpapers/1979-Canepa-BMW-M1-Procar_grey.png
Sun 12 Oct 22:09:20 BST 2025: Set wallpaper to /home/solomon/.config/hypr/wallpapers/w11_pfp.webp
Sun 12 Oct 22:11:20 BST 2025: Set wallpaper to /home/solomon/.config/hypr/wallpapers/mercedes-w11.webp
Sun 12 Oct 22:13:20 BST 2025: Set wallpaper to /home/solomon/.config/hypr/wallpapers/W05.jpg
Sun 12 Oct 22:15:20 BST 2025: Set wallpaper to /home/solomon/.config/hypr/wallpapers/2009-Mercedes-Benz-SL-65-AMG-Black-003-1080.jpg
Sun 12 Oct 22:17:20 BST 2025: Set wallpaper to /home/solomon/.config/hypr/wallpapers/2008-Mazda-Furai-Concept_grey.png
Sun 12 Oct 22:19:20 BST 2025: Set wallpaper to /home/solomon/.config/hypr/wallpapers/mercedes_amg_f1_m11_eq_performance_4k-HD.jpg
Sun 12 Oct 22:21:20 BST 2025: Set wallpaper to /home/solomon/.config/hypr/wallpapers/W05.jpg
Sun 12 Oct 22:23:20 BST 2025: Set wallpaper to /home/solomon/.config/hypr/wallpapers/2011-Mercedes-Benz-C63-AMG-Coupe-Black-002-1080.jpg
Sun 12 Oct 22:25:20 BST 2025: Set wallpaper to /home/solomon/.config/hypr/wallpapers/2008-Mazda-Furai-Concept_grey.png
Sun 12 Oct 22:27:20 BST 2025: Set wallpaper to /home/solomon/.config/hypr/wallpapers/w11_wets.webp
Sun 12 Oct 22:29:20 BST 2025: Set wallpaper to /home/solomon/.config/hypr/wallpapers/w11_wets.webp
Sun 12 Oct 22:31:20 BST 2025: Set wallpaper to /home/solomon/.config/hypr/wallpapers/hyprland_wallpaper.png
Sun 12 Oct 22:33:20 BST 2025: Set wallpaper to /home/solomon/.config/hypr/wallpapers/thumb-1920-1345403.jpeg
Sun 12 Oct 22:35:20 BST 2025: Set wallpaper to /home/solomon/.config/hypr/wallpapers/w11_pfp.webp
Sun 12 Oct 22:37:20 BST 2025: Set wallpaper to /home/solomon/.config/hypr/wallpapers/w11_wets.webp
Sun 12 Oct 22:39:20 BST 2025: Set wallpaper to /home/solomon/.config/hypr/wallpapers/mercedes-w11.webp
Sun 12 Oct 22:41:21 BST 2025: Set wallpaper to /home/solomon/.config/hypr/wallpapers/simple.png
Sun 12 Oct 22:43:21 BST 2025: Set wallpaper to /home/solomon/.config/hypr/wallpapers/linux-nitros-dark-ov.jpg
Sun 12 Oct 22:45:21 BST 2025: Set wallpaper to /home/solomon/.config/hypr/wallpapers/1979-Canepa-BMW-M1-Procar_grey.png
Sun 12 Oct 22:47:21 BST 2025: Set wallpaper to /home/solomon/.config/hypr/wallpapers/2009-Mercedes-Benz-SL-65-AMG-Black-003-1080.jpg
Sun 12 Oct 22:49:21 BST 2025: Set wallpaper to /home/solomon/.config/hypr/wallpapers/hyprland_wallpaper.png
Sun 12 Oct 22:51:21 BST 2025: Set wallpaper to /home/solomon/.config/hypr/wallpapers/astize_cc0_split1.png
Sun 12 Oct 22:53:21 BST 2025: Set wallpaper to /home/solomon/.config/hypr/wallpapers/mercedes_amg_f1_m11_eq_performance_4k-HD.jpg
Sun 12 Oct 22:55:21 BST 2025: Set wallpaper to /home/solomon/.config/hypr/wallpapers/simple.png
Sun 12 Oct 22:57:21 BST 2025: Set wallpaper to /home/solomon/.config/hypr/wallpapers/w11_wets.webp
Sun 12 Oct 22:59:21 BST 2025: Set wallpaper to /home/solomon/.config/hypr/wallpapers/2008-Mazda-Furai-Concept-004-1440.jpg
Sun 12 Oct 23:01:21 BST 2025: Set wallpaper to /home/solomon/.config/hypr/wallpapers/2008-Mazda-Furai-Concept-004-1440.jpg
Sun 12 Oct 23:03:21 BST 2025: Set wallpaper to /home/solomon/.config/hypr/wallpapers/SilverW11.jpg
Sun 12 Oct 23:05:21 BST 2025: Set wallpaper to /home/solomon/.config/hypr/wallpapers/hamilton_3079629.jpg
Sun 12 Oct 23:07:21 BST 2025: Set wallpaper to /home/solomon/.config/hypr/wallpapers/1968-Lamborghini-Miura-Jota-SVR-001-1080.jpg
Sun 12 Oct 23:09:21 BST 2025: Set wallpaper to /home/solomon/.config/hypr/wallpapers/1979-Canepa-BMW-M1-Procar_grey.png
Sun 12 Oct 23:11:21 BST 2025: Set wallpaper to /home/solomon/.config/hypr/wallpapers/2008-Mazda-Furai-Concept_grey.png
Sun 12 Oct 23:13:21 BST 2025: Set wallpaper to /home/solomon/.config/hypr/wallpapers/w05.webp
Sun 12 Oct 23:15:21 BST 2025: Set wallpaper to /home/solomon/.config/hypr/wallpapers/mazda-mx5-miata-mazda-3351.jpg
Sun 12 Oct 23:17:21 BST 2025: Set wallpaper to /home/solomon/.config/hypr/wallpapers/w05.webp
Sun 12 Oct 23:19:21 BST 2025: Set wallpaper to /home/solomon/.config/hypr/wallpapers/2009-Mercedes-Benz-SL-65-AMG-Black-003-1080.jpg
Sun 12 Oct 23:21:22 BST 2025: Set wallpaper to /home/solomon/.config/hypr/wallpapers/2019-Bugatti-Divo.jpg
Sun 12 Oct 23:23:22 BST 2025: Set wallpaper to /home/solomon/.config/hypr/wallpapers/mazda-mx5-miata-mazda-3351.jpg
Sun 12 Oct 23:25:22 BST 2025: Set wallpaper to /home/solomon/.config/hypr/wallpapers/hamilton_3079629.jpg
Sun 12 Oct 23:27:22 BST 2025: Set wallpaper to /home/solomon/.config/hypr/wallpapers/thumb-1920-1345403.jpeg
Sun 12 Oct 23:29:22 BST 2025: Set wallpaper to /home/solomon/.config/hypr/wallpapers/2005-Ferrari-F430-007-1080.jpg
Sun 12 Oct 23:31:22 BST 2025: Set wallpaper to /home/solomon/.config/hypr/wallpapers/2008-Mazda-Furai-Concept_grey.png
Sun 12 Oct 23:33:22 BST 2025: Set wallpaper to /home/solomon/.config/hypr/wallpapers/w11_wets.webp
Sun 12 Oct 23:35:22 BST 2025: Set wallpaper to /home/solomon/.config/hypr/wallpapers/2005-Ferrari-F430-007-1080.jpg
Sun 12 Oct 23:37:22 BST 2025: Set wallpaper to /home/solomon/.config/hypr/wallpapers/mercedes-w11.webp
Mon 13 Oct 02:05:59 BST 2025: Set wallpaper to /home/solomon/.config/hypr/wallpapers/2005-Ferrari-F430-007-1080.jpg
Mon 13 Oct 02:07:59 BST 2025: Set wallpaper to /home/solomon/.config/hypr/wallpapers/astize_cc0_split1.png
Mon 13 Oct 02:09:59 BST 2025: Set wallpaper to /home/solomon/.config/hypr/wallpapers/hyprland_wallpaper.png
Mon 13 Oct 02:12:00 BST 2025: Set wallpaper to /home/solomon/.config/hypr/wallpapers/2008-Mazda-Furai-Concept-004-1440.jpg
Mon 13 Oct 02:14:00 BST 2025: Set wallpaper to /home/solomon/.config/hypr/wallpapers/2011-Mercedes-Benz-C63-AMG-Coupe-Black-002-1080.jpg
Mon 13 Oct 02:16:00 BST 2025: Set wallpaper to /home/solomon/.config/hypr/wallpapers/thumb-1920-1345403.jpeg
Mon 13 Oct 02:18:00 BST 2025: Set wallpaper to /home/solomon/.config/hypr/wallpapers/hyprland_wallpaper.png
Mon 13 Oct 02:20:00 BST 2025: Set wallpaper to /home/solomon/.config/hypr/wallpapers/simple.png
Mon 13 Oct 02:22:00 BST 2025: Set wallpaper to /home/solomon/.config/hypr/wallpapers/mercedes-w11.webp
Mon 13 Oct 02:24:00 BST 2025: Set wallpaper to /home/solomon/.config/hypr/wallpapers/2008-Mazda-Furai-Concept_grey.png
Mon 13 Oct 02:26:00 BST 2025: Set wallpaper to /home/solomon/.config/hypr/wallpapers/thumb-1920-1345403.jpeg
Mon 13 Oct 02:28:00 BST 2025: Set wallpaper to /home/solomon/.config/hypr/wallpapers/linux-nitros-dark-ov.jpg
Mon 13 Oct 02:30:00 BST 2025: Set wallpaper to /home/solomon/.config/hypr/wallpapers/hamilton_3079629.jpg
Mon 13 Oct 02:32:00 BST 2025: Set wallpaper to /home/solomon/.config/hypr/wallpapers/2008-Mazda-Furai-Concept_grey.png
Mon 13 Oct 02:34:00 BST 2025: Set wallpaper to /home/solomon/.config/hypr/wallpapers/simple.png
Mon 13 Oct 02:36:00 BST 2025: Set wallpaper to /home/solomon/.config/hypr/wallpapers/2008-Mazda-Furai-Concept_grey.png
Mon 13 Oct 02:38:00 BST 2025: Set wallpaper to /home/solomon/.config/hypr/wallpapers/2005-Ferrari-F430-007-1080.jpg
Mon 13 Oct 02:40:00 BST 2025: Set wallpaper to /home/solomon/.config/hypr/wallpapers/W11_with_DRS.jpg
Mon 13 Oct 02:42:00 BST 2025: Set wallpaper to /home/solomon/.config/hypr/wallpapers/2011-Mercedes-Benz-C63-AMG-Coupe-Black-002-1080.jpg
Mon 13 Oct 02:44:00 BST 2025: Set wallpaper to /home/solomon/.config/hypr/wallpapers/2008-Mazda-Furai-Concept_grey.png
Mon 13 Oct 02:46:00 BST 2025: Set wallpaper to /home/solomon/.config/hypr/wallpapers/SilverW11.jpg
Mon 13 Oct 02:48:00 BST 2025: Set wallpaper to /home/solomon/.config/hypr/wallpapers/2011-Mercedes-Benz-C63-AMG-Coupe-Black-002-1080.jpg
Mon 13 Oct 02:50:00 BST 2025: Set wallpaper to /home/solomon/.config/hypr/wallpapers/w11_wets.webp
Mon 13 Oct 02:52:00 BST 2025: Set wallpaper to /home/solomon/.config/hypr/wallpapers/2009-Mercedes-Benz-SL-65-AMG-Black-003-1080.jpg
Mon 13 Oct 02:54:01 BST 2025: Set wallpaper to /home/solomon/.config/hypr/wallpapers/2019-Bugatti-Divo.jpg
Mon 13 Oct 02:56:01 BST 2025: Set wallpaper to /home/solomon/.config/hypr/wallpapers/mazda-mx5-miata-mazda-3351.jpg
Mon 13 Oct 02:58:01 BST 2025: Set wallpaper to /home/solomon/.config/hypr/wallpapers/2011-Mercedes-Benz-C63-AMG-Coupe-Black-002-1080.jpg
Mon 13 Oct 03:00:01 BST 2025: Set wallpaper to /home/solomon/.config/hypr/wallpapers/2008-Mazda-Furai-Concept-004-1440.jpg
Mon 13 Oct 03:02:01 BST 2025: Set wallpaper to /home/solomon/.config/hypr/wallpapers/astize_cc0_split1.png
Mon 13 Oct 03:04:01 BST 2025: Set wallpaper to /home/solomon/.config/hypr/wallpapers/2008-Mazda-Furai-Concept_grey.png
Mon 13 Oct 03:06:01 BST 2025: Set wallpaper to /home/solomon/.config/hypr/wallpapers/hamilton_3079629.jpg
Mon 13 Oct 03:08:01 BST 2025: Set wallpaper to /home/solomon/.config/hypr/wallpapers/thumb-1920-1345403.jpeg
Mon 13 Oct 03:10:01 BST 2025: Set wallpaper to /home/solomon/.config/hypr/wallpapers/W11_with_DRS.jpg
Mon 13 Oct 03:12:01 BST 2025: Set wallpaper to /home/solomon/.config/hypr/wallpapers/hamilton_3079629.jpg
Mon 13 Oct 03:14:01 BST 2025: Set wallpaper to /home/solomon/.config/hypr/wallpapers/w11_wets.webp
Mon 13 Oct 03:16:01 BST 2025: Set wallpaper to /home/solomon/.config/hypr/wallpapers/W05.jpg
Mon 13 Oct 03:18:01 BST 2025: Set wallpaper to /home/solomon/.config/hypr/wallpapers/2005-Ferrari-F430-007-1080.jpg
Mon 13 Oct 03:20:01 BST 2025: Set wallpaper to /home/solomon/.config/hypr/wallpapers/simple.png
Mon 13 Oct 07:36:24 BST 2025: Set wallpaper to /home/solomon/.config/hypr/wallpapers/hyprland_wallpaper.png
Mon 13 Oct 07:38:24 BST 2025: Set wallpaper to /home/solomon/.config/hypr/wallpapers/mercedes-w11.webp
Mon 13 Oct 07:40:24 BST 2025: Set wallpaper to /home/solomon/.config/hypr/wallpapers/hamilton_3079629.jpg
Mon 13 Oct 07:42:24 BST 2025: Set wallpaper to /home/solomon/.config/hypr/wallpapers/simple.png
Mon 13 Oct 07:44:24 BST 2025: Set wallpaper to /home/solomon/.config/hypr/wallpapers/2014-Mercedes-Benz-SLS-AMG-Black-Series-009-1440.jpg
Mon 13 Oct 07:46:24 BST 2025: Set wallpaper to /home/solomon/.config/hypr/wallpapers/w05.webp
Mon 13 Oct 07:48:24 BST 2025: Set wallpaper to /home/solomon/.config/hypr/wallpapers/w11_pfp.webp
Mon 13 Oct 07:50:24 BST 2025: Set wallpaper to /home/solomon/.config/hypr/wallpapers/2014-Mercedes-Benz-SLS-AMG-Black-Series-009-1440.jpg
Mon 13 Oct 07:52:24 BST 2025: Set wallpaper to /home/solomon/.config/hypr/wallpapers/hamilton_3079629.jpg
Mon 13 Oct 07:54:24 BST 2025: Set wallpaper to /home/solomon/.config/hypr/wallpapers/astize_cc0_split1.png
Mon 13 Oct 07:56:24 BST 2025: Set wallpaper to /home/solomon/.config/hypr/wallpapers/2011-Mercedes-Benz-C63-AMG-Coupe-Black-001-1080.jpg
Mon 13 Oct 07:58:24 BST 2025: Set wallpaper to /home/solomon/.config/hypr/wallpapers/2011-Mercedes-Benz-C63-AMG-Coupe-Black-002-1080.jpg
Mon 13 Oct 08:00:24 BST 2025: Set wallpaper to /home/solomon/.config/hypr/wallpapers/simple.png
Mon 13 Oct 08:02:24 BST 2025: Set wallpaper to /home/solomon/.config/hypr/wallpapers/hyprland_wallpaper.png
Mon 13 Oct 08:04:24 BST 2025: Set wallpaper to /home/solomon/.config/hypr/wallpapers/astize_cc0_split1.png
Mon 13 Oct 08:06:25 BST 2025: Set wallpaper to /home/solomon/.config/hypr/wallpapers/1979-Canepa-BMW-M1-Procar_grey.png
Mon 13 Oct 08:15:49 BST 2025: Set wallpaper to /home/solomon/.config/hypr/wallpapers/mercedes_amg_f1_m11_eq_performance_4k-HD.jpg
Mon 13 Oct 08:17:49 BST 2025: Set wallpaper to /home/solomon/.config/hypr/wallpapers/2014-Mercedes-Benz-SLS-AMG-Black-Series-009-1440.jpg
Mon 13 Oct 08:19:49 BST 2025: Set wallpaper to /home/solomon/.config/hypr/wallpapers/mercedes-w11.webp
Mon 13 Oct 08:21:49 BST 2025: Set wallpaper to /home/solomon/.config/hypr/wallpapers/W05.jpg
Mon 13 Oct 08:23:50 BST 2025: Set wallpaper to /home/solomon/.config/hypr/wallpapers/2015-Porsche-918-Spyder-012-1440.jpg
Mon 13 Oct 08:25:50 BST 2025: Set wallpaper to /home/solomon/.config/hypr/wallpapers/mazda-mx5-miata-mazda-3351.jpg
Mon 13 Oct 08:27:50 BST 2025: Set wallpaper to /home/solomon/.config/hypr/wallpapers/2015-Porsche-918-Spyder-012-1440.jpg
Mon 13 Oct 08:29:50 BST 2025: Set wallpaper to /home/solomon/.config/hypr/wallpapers/2015-Porsche-918-Spyder-012-1440.jpg
Mon 13 Oct 08:31:50 BST 2025: Set wallpaper to /home/solomon/.config/hypr/wallpapers/w11_wets.webp
Mon 13 Oct 08:33:50 BST 2025: Set wallpaper to /home/solomon/.config/hypr/wallpapers/w11_wets.webp
Mon 13 Oct 08:35:50 BST 2025: Set wallpaper to /home/solomon/.config/hypr/wallpapers/hyprland_wallpaper.png
Mon 13 Oct 08:37:50 BST 2025: Set wallpaper to /home/solomon/.config/hypr/wallpapers/2011-Mercedes-Benz-C63-AMG-Coupe-Black-001-1080.jpg
Mon 13 Oct 08:39:50 BST 2025: Set wallpaper to /home/solomon/.config/hypr/wallpapers/2005-Ferrari-F430-007-1080.jpg
Mon 13 Oct 08:41:50 BST 2025: Set wallpaper to /home/solomon/.config/hypr/wallpapers/simple.png
Mon 13 Oct 08:43:50 BST 2025: Set wallpaper to /home/solomon/.config/hypr/wallpapers/linux-nitros-dark-ov.jpg
Mon 13 Oct 08:45:50 BST 2025: Set wallpaper to /home/solomon/.config/hypr/wallpapers/mazda-mx5-miata-mazda-3351.jpg
Mon 13 Oct 08:47:50 BST 2025: Set wallpaper to /home/solomon/.config/hypr/wallpapers/mercedes-w11.webp
Mon 13 Oct 08:49:50 BST 2025: Set wallpaper to /home/solomon/.config/hypr/wallpapers/astize_cc0_split1.png
Mon 13 Oct 08:51:51 BST 2025: Set wallpaper to /home/solomon/.config/hypr/wallpapers/2008-Mazda-Furai-Concept_grey.png
Mon 13 Oct 08:53:51 BST 2025: Set wallpaper to /home/solomon/.config/hypr/wallpapers/2008-Mazda-Furai-Concept-004-1440.jpg
Mon 13 Oct 09:16:42 BST 2025: Set wallpaper to /home/solomon/.config/hypr/wallpapers/2015-Porsche-918-Spyder-012-1440.jpg
Mon 13 Oct 09:18:42 BST 2025: Set wallpaper to /home/solomon/.config/hypr/wallpapers/mercedes-w11.webp
Mon 13 Oct 09:20:42 BST 2025: Set wallpaper to /home/solomon/.config/hypr/wallpapers/2011-Mercedes-Benz-C63-AMG-Coupe-Black-001-1080.jpg
Mon 13 Oct 09:22:42 BST 2025: Set wallpaper to /home/solomon/.config/hypr/wallpapers/hyprland_wallpaper.png
Mon 13 Oct 09:24:42 BST 2025: Set wallpaper to /home/solomon/.config/hypr/wallpapers/2011-Mercedes-Benz-C63-AMG-Coupe-Black-001-1080.jpg
Mon 13 Oct 09:26:42 BST 2025: Set wallpaper to /home/solomon/.config/hypr/wallpapers/2009-Mercedes-Benz-SL-65-AMG-Black-003-1080.jpg
Mon 13 Oct 09:28:42 BST 2025: Set wallpaper to /home/solomon/.config/hypr/wallpapers/2014-Mercedes-Benz-SLS-AMG-Black-Series-009-1440.jpg
Mon 13 Oct 09:30:42 BST 2025: Set wallpaper to /home/solomon/.config/hypr/wallpapers/2015-Porsche-918-Spyder-012-1440.jpg
Mon 13 Oct 09:32:42 BST 2025: Set wallpaper to /home/solomon/.config/hypr/wallpapers/mercedes-w11.webp
Mon 13 Oct 09:34:42 BST 2025: Set wallpaper to /home/solomon/.config/hypr/wallpapers/1968-Lamborghini-Miura-Jota-SVR-001-1080.jpg
Mon 13 Oct 09:36:42 BST 2025: Set wallpaper to /home/solomon/.config/hypr/wallpapers/2015-Porsche-918-Spyder-012-1440.jpg
Mon 13 Oct 09:38:42 BST 2025: Set wallpaper to /home/solomon/.config/hypr/wallpapers/2015-Porsche-918-Spyder-012-1440.jpg
Mon 13 Oct 09:40:42 BST 2025: Set wallpaper to /home/solomon/.config/hypr/wallpapers/w11_pfp.webp
Mon 13 Oct 09:42:42 BST 2025: Set wallpaper to /home/solomon/.config/hypr/wallpapers/W11_with_DRS.jpg
Mon 13 Oct 09:44:42 BST 2025: Set wallpaper to /home/solomon/.config/hypr/wallpapers/2019-Bugatti-Divo.jpg
Mon 13 Oct 09:46:42 BST 2025: Set wallpaper to /home/solomon/.config/hypr/wallpapers/hamilton_3079629.jpg
Mon 13 Oct 09:48:42 BST 2025: Set wallpaper to /home/solomon/.config/hypr/wallpapers/hyprland_wallpaper.png
Mon 13 Oct 09:50:42 BST 2025: Set wallpaper to /home/solomon/.config/hypr/wallpapers/w11_pfp.webp
Mon 13 Oct 09:52:43 BST 2025: Set wallpaper to /home/solomon/.config/hypr/wallpapers/hyprland_wallpaper.png
Mon 13 Oct 09:54:43 BST 2025: Set wallpaper to /home/solomon/.config/hypr/wallpapers/2008-Mazda-Furai-Concept-004-1440.jpg
Mon 13 Oct 09:56:43 BST 2025: Set wallpaper to /home/solomon/.config/hypr/wallpapers/w05.webp
Mon 13 Oct 09:58:43 BST 2025: Set wallpaper to /home/solomon/.config/hypr/wallpapers/astize_cc0_split1.png
Mon 13 Oct 10:00:43 BST 2025: Set wallpaper to /home/solomon/.config/hypr/wallpapers/SilverW11.jpg
Mon 13 Oct 10:02:43 BST 2025: Set wallpaper to /home/solomon/.config/hypr/wallpapers/1968-Lamborghini-Miura-Jota-SVR-001-1080.jpg
Mon 13 Oct 10:04:43 BST 2025: Set wallpaper to /home/solomon/.config/hypr/wallpapers/w11_wets.webp
Mon 13 Oct 10:06:43 BST 2025: Set wallpaper to /home/solomon/.config/hypr/wallpapers/1979-Canepa-BMW-M1-Procar_grey.png
Mon 13 Oct 10:08:43 BST 2025: Set wallpaper to /home/solomon/.config/hypr/wallpapers/2008-Mazda-Furai-Concept_grey.png
Mon 13 Oct 10:10:43 BST 2025: Set wallpaper to /home/solomon/.config/hypr/wallpapers/2008-Mazda-Furai-Concept-004-1440.jpg
Mon 13 Oct 10:12:43 BST 2025: Set wallpaper to /home/solomon/.config/hypr/wallpapers/W05.jpg
Mon 13 Oct 10:14:43 BST 2025: Set wallpaper to /home/solomon/.config/hypr/wallpapers/w05.webp
Mon 13 Oct 10:16:43 BST 2025: Set wallpaper to /home/solomon/.config/hypr/wallpapers/W11_with_DRS.jpg
Mon 13 Oct 10:18:43 BST 2025: Set wallpaper to /home/solomon/.config/hypr/wallpapers/2011-Mercedes-Benz-C63-AMG-Coupe-Black-002-1080.jpg
Mon 13 Oct 10:20:43 BST 2025: Set wallpaper to /home/solomon/.config/hypr/wallpapers/2014-Mercedes-Benz-SLS-AMG-Black-Series-009-1440.jpg
Mon 13 Oct 10:22:43 BST 2025: Set wallpaper to /home/solomon/.config/hypr/wallpapers/2008-Mazda-Furai-Concept-004-1440.jpg
Mon 13 Oct 10:24:43 BST 2025: Set wallpaper to /home/solomon/.config/hypr/wallpapers/1979-Canepa-BMW-M1-Procar_grey.png
Mon 13 Oct 10:26:43 BST 2025: Set wallpaper to /home/solomon/.config/hypr/wallpapers/2009-Mercedes-Benz-SL-65-AMG-Black-003-1080.jpg
Mon 13 Oct 10:28:43 BST 2025: Set wallpaper to /home/solomon/.config/hypr/wallpapers/2019-Bugatti-Divo.jpg
Mon 13 Oct 10:30:43 BST 2025: Set wallpaper to /home/solomon/.config/hypr/wallpapers/SilverW11.jpg
Mon 13 Oct 10:32:43 BST 2025: Set wallpaper to /home/solomon/.config/hypr/wallpapers/SilverW11.jpg
Mon 13 Oct 10:34:43 BST 2025: Set wallpaper to /home/solomon/.config/hypr/wallpapers/2019-Bugatti-Divo.jpg
Mon 13 Oct 10:36:43 BST 2025: Set wallpaper to /home/solomon/.config/hypr/wallpapers/linux-nitros-dark-ov.jpg
Mon 13 Oct 10:38:43 BST 2025: Set wallpaper to /home/solomon/.config/hypr/wallpapers/2019-Bugatti-Divo.jpg
Mon 13 Oct 11:04:04 BST 2025: Set wallpaper to /home/solomon/.config/hypr/wallpapers/W11_with_DRS.jpg
Mon 13 Oct 11:06:04 BST 2025: Set wallpaper to /home/solomon/.config/hypr/wallpapers/linux-nitros-dark-ov.jpg
Mon 13 Oct 11:08:04 BST 2025: Set wallpaper to /home/solomon/.config/hypr/wallpapers/2008-Mazda-Furai-Concept-004-1440.jpg
Mon 13 Oct 11:10:04 BST 2025: Set wallpaper to /home/solomon/.config/hypr/wallpapers/thumb-1920-1345403.jpeg
Mon 13 Oct 11:12:04 BST 2025: Set wallpaper to /home/solomon/.config/hypr/wallpapers/mercedes_amg_f1_m11_eq_performance_4k-HD.jpg
Mon 13 Oct 11:14:04 BST 2025: Set wallpaper to /home/solomon/.config/hypr/wallpapers/2011-Mercedes-Benz-C63-AMG-Coupe-Black-002-1080.jpg
Mon 13 Oct 11:16:05 BST 2025: Set wallpaper to /home/solomon/.config/hypr/wallpapers/2009-Mercedes-Benz-SL-65-AMG-Black-003-1080.jpg
Mon 13 Oct 11:18:05 BST 2025: Set wallpaper to /home/solomon/.config/hypr/wallpapers/W05.jpg
Mon 13 Oct 11:20:05 BST 2025: Set wallpaper to /home/solomon/.config/hypr/wallpapers/w11_pfp.webp
Mon 13 Oct 11:22:05 BST 2025: Set wallpaper to /home/solomon/.config/hypr/wallpapers/hyprland_wallpaper.png
Mon 13 Oct 11:24:05 BST 2025: Set wallpaper to /home/solomon/.config/hypr/wallpapers/2009-Mercedes-Benz-SL-65-AMG-Black-003-1080.jpg
Mon 13 Oct 11:26:05 BST 2025: Set wallpaper to /home/solomon/.config/hypr/wallpapers/mercedes-w11.webp
Mon 13 Oct 11:28:05 BST 2025: Set wallpaper to /home/solomon/.config/hypr/wallpapers/2008-Mazda-Furai-Concept_grey.png
Mon 13 Oct 11:30:05 BST 2025: Set wallpaper to /home/solomon/.config/hypr/wallpapers/1979-Canepa-BMW-M1-Procar_grey.png
Mon 13 Oct 11:32:05 BST 2025: Set wallpaper to /home/solomon/.config/hypr/wallpapers/1968-Lamborghini-Miura-Jota-SVR-001-1080.jpg
Mon 13 Oct 11:34:05 BST 2025: Set wallpaper to /home/solomon/.config/hypr/wallpapers/1968-Lamborghini-Miura-Jota-SVR-001-1080.jpg
Mon 13 Oct 11:36:05 BST 2025: Set wallpaper to /home/solomon/.config/hypr/wallpapers/w11_wets.webp
Mon 13 Oct 11:38:06 BST 2025: Set wallpaper to /home/solomon/.config/hypr/wallpapers/simple.png
Mon 13 Oct 11:40:06 BST 2025: Set wallpaper to /home/solomon/.config/hypr/wallpapers/W11_with_DRS.jpg
Mon 13 Oct 11:42:06 BST 2025: Set wallpaper to /home/solomon/.config/hypr/wallpapers/thumb-1920-1345403.jpeg
Mon 13 Oct 11:44:06 BST 2025: Set wallpaper to /home/solomon/.config/hypr/wallpapers/linux-nitros-dark-ov.jpg
Mon 13 Oct 11:46:06 BST 2025: Set wallpaper to /home/solomon/.config/hypr/wallpapers/mercedes-w11.webp
Mon 13 Oct 11:48:06 BST 2025: Set wallpaper to /home/solomon/.config/hypr/wallpapers/2011-Mercedes-Benz-C63-AMG-Coupe-Black-002-1080.jpg
Mon 13 Oct 11:50:06 BST 2025: Set wallpaper to /home/solomon/.config/hypr/wallpapers/2011-Mercedes-Benz-C63-AMG-Coupe-Black-001-1080.jpg
Mon 13 Oct 11:52:06 BST 2025: Set wallpaper to /home/solomon/.config/hypr/wallpapers/2011-Mercedes-Benz-C63-AMG-Coupe-Black-002-1080.jpg
Mon 13 Oct 11:54:06 BST 2025: Set wallpaper to /home/solomon/.config/hypr/wallpapers/mazda-mx5-miata-mazda-3351.jpg
Mon 13 Oct 11:56:06 BST 2025: Set wallpaper to /home/solomon/.config/hypr/wallpapers/2009-Mercedes-Benz-SL-65-AMG-Black-003-1080.jpg
Mon 13 Oct 11:58:06 BST 2025: Set wallpaper to /home/solomon/.config/hypr/wallpapers/hamilton_3079629.jpg
Mon 13 Oct 12:00:06 BST 2025: Set wallpaper to /home/solomon/.config/hypr/wallpapers/2008-Mazda-Furai-Concept_grey.png
Mon 13 Oct 12:02:06 BST 2025: Set wallpaper to /home/solomon/.config/hypr/wallpapers/w11_pfp.webp
Mon 13 Oct 12:04:06 BST 2025: Set wallpaper to /home/solomon/.config/hypr/wallpapers/mazda-mx5-miata-mazda-3351.jpg
Mon 13 Oct 12:06:06 BST 2025: Set wallpaper to /home/solomon/.config/hypr/wallpapers/thumb-1920-1345403.jpeg
Mon 13 Oct 12:34:19 BST 2025: Set wallpaper to /home/solomon/.config/hypr/wallpapers/2011-Mercedes-Benz-C63-AMG-Coupe-Black-001-1080.jpg
Mon 13 Oct 12:36:19 BST 2025: Set wallpaper to /home/solomon/.config/hypr/wallpapers/2011-Mercedes-Benz-C63-AMG-Coupe-Black-001-1080.jpg
Mon 13 Oct 12:38:19 BST 2025: Set wallpaper to /home/solomon/.config/hypr/wallpapers/thumb-1920-1345403.jpeg
Mon 13 Oct 12:40:19 BST 2025: Set wallpaper to /home/solomon/.config/hypr/wallpapers/w11_pfp.webp
Mon 13 Oct 12:42:19 BST 2025: Set wallpaper to /home/solomon/.config/hypr/wallpapers/mercedes-w11.webp
Mon 13 Oct 12:44:19 BST 2025: Set wallpaper to /home/solomon/.config/hypr/wallpapers/hamilton_3079629.jpg
Mon 13 Oct 12:46:19 BST 2025: Set wallpaper to /home/solomon/.config/hypr/wallpapers/W05.jpg
Mon 13 Oct 12:48:19 BST 2025: Set wallpaper to /home/solomon/.config/hypr/wallpapers/astize_cc0_split1.png
Mon 13 Oct 12:50:19 BST 2025: Set wallpaper to /home/solomon/.config/hypr/wallpapers/linux-nitros-dark-ov.jpg
Mon 13 Oct 12:52:20 BST 2025: Set wallpaper to /home/solomon/.config/hypr/wallpapers/2014-Mercedes-Benz-SLS-AMG-Black-Series-009-1440.jpg
Mon 13 Oct 12:54:20 BST 2025: Set wallpaper to /home/solomon/.config/hypr/wallpapers/2005-Ferrari-F430-007-1080.jpg
Mon 13 Oct 12:56:20 BST 2025: Set wallpaper to /home/solomon/.config/hypr/wallpapers/W05.jpg
Mon 13 Oct 12:58:20 BST 2025: Set wallpaper to /home/solomon/.config/hypr/wallpapers/2008-Mazda-Furai-Concept_grey.png
Mon 13 Oct 13:00:20 BST 2025: Set wallpaper to /home/solomon/.config/hypr/wallpapers/2011-Mercedes-Benz-C63-AMG-Coupe-Black-001-1080.jpg
Mon 13 Oct 13:02:20 BST 2025: Set wallpaper to /home/solomon/.config/hypr/wallpapers/2008-Mazda-Furai-Concept_grey.png
Mon 13 Oct 13:04:20 BST 2025: Set wallpaper to /home/solomon/.config/hypr/wallpapers/2008-Mazda-Furai-Concept_grey.png
Mon 13 Oct 13:06:20 BST 2025: Set wallpaper to /home/solomon/.config/hypr/wallpapers/2005-Ferrari-F430-007-1080.jpg
Mon 13 Oct 13:08:20 BST 2025: Set wallpaper to /home/solomon/.config/hypr/wallpapers/SilverW11.jpg
Mon 13 Oct 13:10:20 BST 2025: Set wallpaper to /home/solomon/.config/hypr/wallpapers/W11_with_DRS.jpg
Mon 13 Oct 13:12:20 BST 2025: Set wallpaper to /home/solomon/.config/hypr/wallpapers/1979-Canepa-BMW-M1-Procar_grey.png
Mon 13 Oct 13:14:20 BST 2025: Set wallpaper to /home/solomon/.config/hypr/wallpapers/mercedes_amg_f1_m11_eq_performance_4k-HD.jpg
Mon 13 Oct 13:16:20 BST 2025: Set wallpaper to /home/solomon/.config/hypr/wallpapers/astize_cc0_split1.png
Mon 13 Oct 13:18:20 BST 2025: Set wallpaper to /home/solomon/.config/hypr/wallpapers/2009-Mercedes-Benz-SL-65-AMG-Black-003-1080.jpg
Mon 13 Oct 13:20:20 BST 2025: Set wallpaper to /home/solomon/.config/hypr/wallpapers/hamilton_3079629.jpg
Mon 13 Oct 13:22:20 BST 2025: Set wallpaper to /home/solomon/.config/hypr/wallpapers/2008-Mazda-Furai-Concept_grey.png
Mon 13 Oct 13:24:20 BST 2025: Set wallpaper to /home/solomon/.config/hypr/wallpapers/2009-Mercedes-Benz-SL-65-AMG-Black-003-1080.jpg
Mon 13 Oct 13:26:20 BST 2025: Set wallpaper to /home/solomon/.config/hypr/wallpapers/SoloLinux4.png
Mon 13 Oct 13:28:20 BST 2025: Set wallpaper to /home/solomon/.config/hypr/wallpapers/thumb-1920-1345403.jpeg
Mon 13 Oct 13:30:20 BST 2025: Set wallpaper to /home/solomon/.config/hypr/wallpapers/w11_wets.webp
Mon 13 Oct 13:32:20 BST 2025: Set wallpaper to /home/solomon/.config/hypr/wallpapers/2011-Mercedes-Benz-C63-AMG-Coupe-Black-002-1080.jpg
Mon 13 Oct 13:34:20 BST 2025: Set wallpaper to /home/solomon/.config/hypr/wallpapers/mercedes-w11.webp
Mon 13 Oct 13:36:20 BST 2025: Set wallpaper to /home/solomon/.config/hypr/wallpapers/2009-Mercedes-Benz-SL-65-AMG-Black-003-1080.jpg
Mon 13 Oct 13:38:20 BST 2025: Set wallpaper to /home/solomon/.config/hypr/wallpapers/astize_cc0_split1.png
Mon 13 Oct 13:40:20 BST 2025: Set wallpaper to /home/solomon/.config/hypr/wallpapers/2008-Mazda-Furai-Concept-004-1440.jpg
Mon 13 Oct 13:42:20 BST 2025: Set wallpaper to /home/solomon/.config/hypr/wallpapers/2019-Bugatti-Divo.jpg
Mon 13 Oct 13:44:20 BST 2025: Set wallpaper to /home/solomon/.config/hypr/wallpapers/mazda-mx5-miata-mazda-3351.jpg
Mon 13 Oct 13:46:20 BST 2025: Set wallpaper to /home/solomon/.config/hypr/wallpapers/2005-Ferrari-F430-007-1080.jpg
Mon 13 Oct 13:48:20 BST 2025: Set wallpaper to /home/solomon/.config/hypr/wallpapers/2019-Bugatti-Divo.jpg
Mon 13 Oct 13:50:20 BST 2025: Set wallpaper to /home/solomon/.config/hypr/wallpapers/hamilton_3079629.jpg
Mon 13 Oct 13:52:20 BST 2025: Set wallpaper to /home/solomon/.config/hypr/wallpapers/2008-Mazda-Furai-Concept-004-1440.jpg
Mon 13 Oct 13:54:20 BST 2025: Set wallpaper to /home/solomon/.config/hypr/wallpapers/2011-Mercedes-Benz-C63-AMG-Coupe-Black-002-1080.jpg
Mon 13 Oct 13:56:20 BST 2025: Set wallpaper to /home/solomon/.config/hypr/wallpapers/hamilton_3079629.jpg
Mon 13 Oct 13:58:20 BST 2025: Set wallpaper to /home/solomon/.config/hypr/wallpapers/w05.webp
Mon 13 Oct 14:00:20 BST 2025: Set wallpaper to /home/solomon/.config/hypr/wallpapers/1979-Canepa-BMW-M1-Procar_grey.png
Mon 13 Oct 14:02:20 BST 2025: Set wallpaper to /home/solomon/.config/hypr/wallpapers/2009-Mercedes-Benz-SL-65-AMG-Black-003-1080.jpg
Mon 13 Oct 14:04:20 BST 2025: Set wallpaper to /home/solomon/.config/hypr/wallpapers/2008-Mazda-Furai-Concept_grey.png
Mon 13 Oct 14:06:20 BST 2025: Set wallpaper to /home/solomon/.config/hypr/wallpapers/2011-Mercedes-Benz-C63-AMG-Coupe-Black-001-1080.jpg
Mon 13 Oct 14:08:20 BST 2025: Set wallpaper to /home/solomon/.config/hypr/wallpapers/w11_wets.webp
Mon 13 Oct 14:10:20 BST 2025: Set wallpaper to /home/solomon/.config/hypr/wallpapers/hamilton_3079629.jpg
Mon 13 Oct 14:12:20 BST 2025: Set wallpaper to /home/solomon/.config/hypr/wallpapers/2011-Mercedes-Benz-C63-AMG-Coupe-Black-001-1080.jpg
Mon 13 Oct 14:14:20 BST 2025: Set wallpaper to /home/solomon/.config/hypr/wallpapers/linux-nitros-dark-ov.jpg
Mon 13 Oct 14:16:20 BST 2025: Set wallpaper to /home/solomon/.config/hypr/wallpapers/1968-Lamborghini-Miura-Jota-SVR-001-1080.jpg
Mon 13 Oct 14:18:20 BST 2025: Set wallpaper to /home/solomon/.config/hypr/wallpapers/1979-Canepa-BMW-M1-Procar_grey.png
Mon 13 Oct 14:20:20 BST 2025: Set wallpaper to /home/solomon/.config/hypr/wallpapers/hyprland_wallpaper.png
Mon 13 Oct 14:22:20 BST 2025: Set wallpaper to /home/solomon/.config/hypr/wallpapers/2014-Mercedes-Benz-SLS-AMG-Black-Series-009-1440.jpg
Mon 13 Oct 14:24:21 BST 2025: Set wallpaper to /home/solomon/.config/hypr/wallpapers/W05.jpg
Mon 13 Oct 14:26:21 BST 2025: Set wallpaper to /home/solomon/.config/hypr/wallpapers/2008-Mazda-Furai-Concept-004-1440.jpg
Mon 13 Oct 14:28:21 BST 2025: Set wallpaper to /home/solomon/.config/hypr/wallpapers/w05.webp
Mon 13 Oct 14:30:21 BST 2025: Set wallpaper to /home/solomon/.config/hypr/wallpapers/astize_cc0_split1.png
Mon 13 Oct 14:32:21 BST 2025: Set wallpaper to /home/solomon/.config/hypr/wallpapers/mercedes-w11.webp
Mon 13 Oct 14:34:21 BST 2025: Set wallpaper to /home/solomon/.config/hypr/wallpapers/hamilton_3079629.jpg
Mon 13 Oct 14:36:21 BST 2025: Set wallpaper to /home/solomon/.config/hypr/wallpapers/hyprland_wallpaper.png
Mon 13 Oct 14:38:21 BST 2025: Set wallpaper to /home/solomon/.config/hypr/wallpapers/mercedes-w11.webp
Mon 13 Oct 14:40:21 BST 2025: Set wallpaper to /home/solomon/.config/hypr/wallpapers/2011-Mercedes-Benz-C63-AMG-Coupe-Black-002-1080.jpg
Mon 13 Oct 14:42:21 BST 2025: Set wallpaper to /home/solomon/.config/hypr/wallpapers/hyprland_wallpaper.png
Mon 13 Oct 14:44:21 BST 2025: Set wallpaper to /home/solomon/.config/hypr/wallpapers/2008-Mazda-Furai-Concept-004-1440.jpg
Mon 13 Oct 14:46:21 BST 2025: Set wallpaper to /home/solomon/.config/hypr/wallpapers/2008-Mazda-Furai-Concept-004-1440.jpg
Mon 13 Oct 14:48:21 BST 2025: Set wallpaper to /home/solomon/.config/hypr/wallpapers/hyprland_wallpaper.png
Mon 13 Oct 14:50:21 BST 2025: Set wallpaper to /home/solomon/.config/hypr/wallpapers/linux-nitros-dark-ov.jpg
Mon 13 Oct 14:52:21 BST 2025: Set wallpaper to /home/solomon/.config/hypr/wallpapers/mercedes-w11.webp
Mon 13 Oct 14:54:21 BST 2025: Set wallpaper to /home/solomon/.config/hypr/wallpapers/W11_with_DRS.jpg
Mon 13 Oct 14:56:21 BST 2025: Set wallpaper to /home/solomon/.config/hypr/wallpapers/2008-Mazda-Furai-Concept_grey.png
Mon 13 Oct 14:58:21 BST 2025: Set wallpaper to /home/solomon/.config/hypr/wallpapers/SilverW11.jpg
Mon 13 Oct 15:00:21 BST 2025: Set wallpaper to /home/solomon/.config/hypr/wallpapers/SilverW11.jpg
Mon 13 Oct 15:02:21 BST 2025: Set wallpaper to /home/solomon/.config/hypr/wallpapers/2011-Mercedes-Benz-C63-AMG-Coupe-Black-002-1080.jpg
Mon 13 Oct 15:04:21 BST 2025: Set wallpaper to /home/solomon/.config/hypr/wallpapers/w11_wets.webp
Mon 13 Oct 15:06:21 BST 2025: Set wallpaper to /home/solomon/.config/hypr/wallpapers/astize_cc0_split1.png
Mon 13 Oct 15:08:21 BST 2025: Set wallpaper to /home/solomon/.config/hypr/wallpapers/mazda-mx5-miata-mazda-3351.jpg
Mon 13 Oct 15:10:21 BST 2025: Set wallpaper to /home/solomon/.config/hypr/wallpapers/2008-Mazda-Furai-Concept_grey.png
Mon 13 Oct 15:12:21 BST 2025: Set wallpaper to /home/solomon/.config/hypr/wallpapers/thumb-1920-1345403.jpeg
Mon 13 Oct 15:14:21 BST 2025: Set wallpaper to /home/solomon/.config/hypr/wallpapers/simple.png
Mon 13 Oct 15:16:21 BST 2025: Set wallpaper to /home/solomon/.config/hypr/wallpapers/2019-Bugatti-Divo.jpg
Mon 13 Oct 15:18:21 BST 2025: Set wallpaper to /home/solomon/.config/hypr/wallpapers/2011-Mercedes-Benz-C63-AMG-Coupe-Black-002-1080.jpg
Mon 13 Oct 15:20:21 BST 2025: Set wallpaper to /home/solomon/.config/hypr/wallpapers/simple.png
Mon 13 Oct 15:22:21 BST 2025: Set wallpaper to /home/solomon/.config/hypr/wallpapers/2009-Mercedes-Benz-SL-65-AMG-Black-003-1080.jpg
Mon 13 Oct 15:24:21 BST 2025: Set wallpaper to /home/solomon/.config/hypr/wallpapers/1968-Lamborghini-Miura-Jota-SVR-001-1080.jpg
Mon 13 Oct 15:26:21 BST 2025: Set wallpaper to /home/solomon/.config/hypr/wallpapers/W11_with_DRS.jpg
Mon 13 Oct 15:28:21 BST 2025: Set wallpaper to /home/solomon/.config/hypr/wallpapers/2009-Mercedes-Benz-SL-65-AMG-Black-003-1080.jpg
Mon 13 Oct 15:30:21 BST 2025: Set wallpaper to /home/solomon/.config/hypr/wallpapers/2005-Ferrari-F430-007-1080.jpg
Mon 13 Oct 15:32:21 BST 2025: Set wallpaper to /home/solomon/.config/hypr/wallpapers/thumb-1920-1345403.jpeg
Mon 13 Oct 15:34:21 BST 2025: Set wallpaper to /home/solomon/.config/hypr/wallpapers/2005-Ferrari-F430-007-1080.jpg
Mon 13 Oct 15:36:21 BST 2025: Set wallpaper to /home/solomon/.config/hypr/wallpapers/2008-Mazda-Furai-Concept_grey.png
Mon 13 Oct 15:38:21 BST 2025: Set wallpaper to /home/solomon/.config/hypr/wallpapers/2008-Mazda-Furai-Concept_grey.png
Mon 13 Oct 15:40:21 BST 2025: Set wallpaper to /home/solomon/.config/hypr/wallpapers/hyprland_wallpaper.png
Mon 13 Oct 15:42:21 BST 2025: Set wallpaper to /home/solomon/.config/hypr/wallpapers/W05.jpg
Mon 13 Oct 17:20:59 BST 2025: Set wallpaper to /home/solomon/.config/hypr/wallpapers/astize_cc0_split1.png
Mon 13 Oct 17:22:59 BST 2025: Set wallpaper to /home/solomon/.config/hypr/wallpapers/thumb-1920-1345403.jpeg
Mon 13 Oct 17:24:59 BST 2025: Set wallpaper to /home/solomon/.config/hypr/wallpapers/2015-Porsche-918-Spyder-012-1440.jpg
Mon 13 Oct 17:26:59 BST 2025: Set wallpaper to /home/solomon/.config/hypr/wallpapers/2009-Mercedes-Benz-SL-65-AMG-Black-003-1080.jpg
Mon 13 Oct 17:28:59 BST 2025: Set wallpaper to /home/solomon/.config/hypr/wallpapers/2011-Mercedes-Benz-C63-AMG-Coupe-Black-001-1080.jpg
Mon 13 Oct 17:30:59 BST 2025: Set wallpaper to /home/solomon/.config/hypr/wallpapers/w11_wets.webp
Mon 13 Oct 17:32:59 BST 2025: Set wallpaper to /home/solomon/.config/hypr/wallpapers/2011-Mercedes-Benz-C63-AMG-Coupe-Black-002-1080.jpg
Mon 13 Oct 17:34:59 BST 2025: Set wallpaper to /home/solomon/.config/hypr/wallpapers/W11_with_DRS.jpg
Mon 13 Oct 17:36:59 BST 2025: Set wallpaper to /home/solomon/.config/hypr/wallpapers/1979-Canepa-BMW-M1-Procar_grey.png
Mon 13 Oct 17:38:59 BST 2025: Set wallpaper to /home/solomon/.config/hypr/wallpapers/2008-Mazda-Furai-Concept-004-1440.jpg
Mon 13 Oct 17:40:59 BST 2025: Set wallpaper to /home/solomon/.config/hypr/wallpapers/linux-nitros-dark-ov.jpg
Mon 13 Oct 17:42:59 BST 2025: Set wallpaper to /home/solomon/.config/hypr/wallpapers/thumb-1920-1345403.jpeg
Mon 13 Oct 17:44:59 BST 2025: Set wallpaper to /home/solomon/.config/hypr/wallpapers/hamilton_3079629.jpg
Mon 13 Oct 17:46:59 BST 2025: Set wallpaper to /home/solomon/.config/hypr/wallpapers/2011-Mercedes-Benz-C63-AMG-Coupe-Black-001-1080.jpg
Mon 13 Oct 17:48:59 BST 2025: Set wallpaper to /home/solomon/.config/hypr/wallpapers/W11_with_DRS.jpg
Mon 13 Oct 17:50:59 BST 2025: Set wallpaper to /home/solomon/.config/hypr/wallpapers/2011-Mercedes-Benz-C63-AMG-Coupe-Black-002-1080.jpg
Mon 13 Oct 17:52:59 BST 2025: Set wallpaper to /home/solomon/.config/hypr/wallpapers/W11_with_DRS.jpg
Mon 13 Oct 17:54:59 BST 2025: Set wallpaper to /home/solomon/.config/hypr/wallpapers/2008-Mazda-Furai-Concept-004-1440.jpg
Mon 13 Oct 17:56:59 BST 2025: Set wallpaper to /home/solomon/.config/hypr/wallpapers/2011-Mercedes-Benz-C63-AMG-Coupe-Black-002-1080.jpg
Mon 13 Oct 17:58:59 BST 2025: Set wallpaper to /home/solomon/.config/hypr/wallpapers/2015-Porsche-918-Spyder-012-1440.jpg
Mon 13 Oct 18:00:59 BST 2025: Set wallpaper to /home/solomon/.config/hypr/wallpapers/mercedes-w11.webp
Mon 13 Oct 18:02:59 BST 2025: Set wallpaper to /home/solomon/.config/hypr/wallpapers/W11_with_DRS.jpg
Mon 13 Oct 18:04:59 BST 2025: Set wallpaper to /home/solomon/.config/hypr/wallpapers/mazda-mx5-miata-mazda-3351.jpg
Mon 13 Oct 18:06:59 BST 2025: Set wallpaper to /home/solomon/.config/hypr/wallpapers/W11_with_DRS.jpg
Mon 13 Oct 18:08:59 BST 2025: Set wallpaper to /home/solomon/.config/hypr/wallpapers/1979-Canepa-BMW-M1-Procar_grey.png
Mon 13 Oct 18:10:59 BST 2025: Set wallpaper to /home/solomon/.config/hypr/wallpapers/2019-Bugatti-Divo.jpg
Mon 13 Oct 18:12:59 BST 2025: Set wallpaper to /home/solomon/.config/hypr/wallpapers/thumb-1920-1345403.jpeg
Mon 13 Oct 18:14:59 BST 2025: Set wallpaper to /home/solomon/.config/hypr/wallpapers/2008-Mazda-Furai-Concept_grey.png
Mon 13 Oct 18:16:59 BST 2025: Set wallpaper to /home/solomon/.config/hypr/wallpapers/SoloLinux4.png
Mon 13 Oct 18:18:59 BST 2025: Set wallpaper to /home/solomon/.config/hypr/wallpapers/2011-Mercedes-Benz-C63-AMG-Coupe-Black-001-1080.jpg
Mon 13 Oct 18:20:59 BST 2025: Set wallpaper to /home/solomon/.config/hypr/wallpapers/2008-Mazda-Furai-Concept-004-1440.jpg
Mon 13 Oct 18:22:59 BST 2025: Set wallpaper to /home/solomon/.config/hypr/wallpapers/astize_cc0_split1.png
Mon 13 Oct 18:24:59 BST 2025: Set wallpaper to /home/solomon/.config/hypr/wallpapers/SoloLinux4.png
Mon 13 Oct 18:27:00 BST 2025: Set wallpaper to /home/solomon/.config/hypr/wallpapers/simple.png
Mon 13 Oct 18:29:00 BST 2025: Set wallpaper to /home/solomon/.config/hypr/wallpapers/w05.webp
Mon 13 Oct 18:31:00 BST 2025: Set wallpaper to /home/solomon/.config/hypr/wallpapers/W05.jpg
Mon 13 Oct 18:33:00 BST 2025: Set wallpaper to /home/solomon/.config/hypr/wallpapers/2014-Mercedes-Benz-SLS-AMG-Black-Series-009-1440.jpg
Mon 13 Oct 18:35:00 BST 2025: Set wallpaper to /home/solomon/.config/hypr/wallpapers/2011-Mercedes-Benz-C63-AMG-Coupe-Black-002-1080.jpg
Mon 13 Oct 18:37:00 BST 2025: Set wallpaper to /home/solomon/.config/hypr/wallpapers/1979-Canepa-BMW-M1-Procar_grey.png
Mon 13 Oct 18:39:00 BST 2025: Set wallpaper to /home/solomon/.config/hypr/wallpapers/hamilton_3079629.jpg
Mon 13 Oct 18:41:00 BST 2025: Set wallpaper to /home/solomon/.config/hypr/wallpapers/mercedes-w11.webp
Mon 13 Oct 18:43:00 BST 2025: Set wallpaper to /home/solomon/.config/hypr/wallpapers/2019-Bugatti-Divo.jpg
Mon 13 Oct 18:45:00 BST 2025: Set wallpaper to /home/solomon/.config/hypr/wallpapers/2008-Mazda-Furai-Concept_grey.png
Mon 13 Oct 18:47:00 BST 2025: Set wallpaper to /home/solomon/.config/hypr/wallpapers/2011-Mercedes-Benz-C63-AMG-Coupe-Black-002-1080.jpg
Mon 13 Oct 18:49:00 BST 2025: Set wallpaper to /home/solomon/.config/hypr/wallpapers/thumb-1920-1345403.jpeg
Mon 13 Oct 18:51:00 BST 2025: Set wallpaper to /home/solomon/.config/hypr/wallpapers/2011-Mercedes-Benz-C63-AMG-Coupe-Black-001-1080.jpg
Mon 13 Oct 18:53:00 BST 2025: Set wallpaper to /home/solomon/.config/hypr/wallpapers/2014-Mercedes-Benz-SLS-AMG-Black-Series-009-1440.jpg
Mon 13 Oct 18:55:00 BST 2025: Set wallpaper to /home/solomon/.config/hypr/wallpapers/w11_wets.webp
Mon 13 Oct 18:57:00 BST 2025: Set wallpaper to /home/solomon/.config/hypr/wallpapers/W05.jpg
Mon 13 Oct 18:59:00 BST 2025: Set wallpaper to /home/solomon/.config/hypr/wallpapers/2014-Mercedes-Benz-SLS-AMG-Black-Series-009-1440.jpg
Mon 13 Oct 19:01:00 BST 2025: Set wallpaper to /home/solomon/.config/hypr/wallpapers/1968-Lamborghini-Miura-Jota-SVR-001-1080.jpg
Tue 14 Oct 09:23:24 BST 2025: Set wallpaper to /home/solomon/.config/hypr/wallpapers/2005-Ferrari-F430-007-1080.jpg
Tue 14 Oct 09:26:27 BST 2025: Set wallpaper to /home/solomon/.config/hypr/wallpapers/1968-Lamborghini-Miura-Jota-SVR-001-1080.jpg
Tue 14 Oct 09:28:27 BST 2025: Set wallpaper to /home/solomon/.config/hypr/wallpapers/W11_with_DRS.jpg
Tue 14 Oct 09:30:28 BST 2025: Set wallpaper to /home/solomon/.config/hypr/wallpapers/2015-Porsche-918-Spyder-012-1440.jpg
Tue 14 Oct 09:32:28 BST 2025: Set wallpaper to /home/solomon/.config/hypr/wallpapers/W05.jpg
Tue 14 Oct 09:34:28 BST 2025: Set wallpaper to /home/solomon/.config/hypr/wallpapers/2009-Mercedes-Benz-SL-65-AMG-Black-003-1080.jpg
Tue 14 Oct 09:36:28 BST 2025: Set wallpaper to /home/solomon/.config/hypr/wallpapers/2014-Mercedes-Benz-SLS-AMG-Black-Series-009-1440.jpg
Tue 14 Oct 09:38:28 BST 2025: Set wallpaper to /home/solomon/.config/hypr/wallpapers/2011-Mercedes-Benz-C63-AMG-Coupe-Black-002-1080.jpg
Tue 14 Oct 09:40:28 BST 2025: Set wallpaper to /home/solomon/.config/hypr/wallpapers/1979-Canepa-BMW-M1-Procar_grey.png
Tue 28 Oct 08:20:36 GMT 2025: Set wallpaper to /home/solomon/.config/hypr/wallpapers/2014-Mercedes-Benz-SLS-AMG-Black-Series-009-1440.jpg
Tue 28 Oct 08:22:36 GMT 2025: Set wallpaper to /home/solomon/.config/hypr/wallpapers/2011-Mercedes-Benz-C63-AMG-Coupe-Black-002-1080.jpg
Tue 28 Oct 08:24:36 GMT 2025: Set wallpaper to /home/solomon/.config/hypr/wallpapers/2011-Mercedes-Benz-C63-AMG-Coupe-Black-002-1080.jpg
Tue 28 Oct 08:26:36 GMT 2025: Set wallpaper to /home/solomon/.config/hypr/wallpapers/W11_with_DRS.jpg
Tue 28 Oct 08:28:36 GMT 2025: Set wallpaper to /home/solomon/.config/hypr/wallpapers/1979-Canepa-BMW-M1-Procar_grey.png
Tue 28 Oct 08:30:37 GMT 2025: Set wallpaper to /home/solomon/.config/hypr/wallpapers/mazda-mx5-miata-mazda-3351.jpg
Tue 28 Oct 08:32:37 GMT 2025: Set wallpaper to /home/solomon/.config/hypr/wallpapers/w11_pfp.webp
Tue 28 Oct 08:34:37 GMT 2025: Set wallpaper to /home/solomon/.config/hypr/wallpapers/2015-Porsche-918-Spyder-012-1440.jpg
Tue 28 Oct 08:36:37 GMT 2025: Set wallpaper to /home/solomon/.config/hypr/wallpapers/simple.png
Tue 28 Oct 08:38:37 GMT 2025: Set wallpaper to /home/solomon/.config/hypr/wallpapers/2008-Mazda-Furai-Concept-004-1440.jpg
Tue 28 Oct 08:40:37 GMT 2025: Set wallpaper to /home/solomon/.config/hypr/wallpapers/2008-Mazda-Furai-Concept_grey.png
Tue 28 Oct 08:42:37 GMT 2025: Set wallpaper to /home/solomon/.config/hypr/wallpapers/2015-Porsche-918-Spyder-012-1440.jpg
Tue 28 Oct 08:44:37 GMT 2025: Set wallpaper to /home/solomon/.config/hypr/wallpapers/2009-Mercedes-Benz-SL-65-AMG-Black-003-1080.jpg
Tue 28 Oct 08:46:37 GMT 2025: Set wallpaper to /home/solomon/.config/hypr/wallpapers/2019-Bugatti-Divo.jpg
Tue 28 Oct 08:48:37 GMT 2025: Set wallpaper to /home/solomon/.config/hypr/wallpapers/simple.png
Tue 28 Oct 08:50:37 GMT 2025: Set wallpaper to /home/solomon/.config/hypr/wallpapers/mercedes-w11.webp
Tue 28 Oct 08:52:37 GMT 2025: Set wallpaper to /home/solomon/.config/hypr/wallpapers/mercedes_amg_f1_m11_eq_performance_4k-HD.jpg
Tue 28 Oct 08:54:37 GMT 2025: Set wallpaper to /home/solomon/.config/hypr/wallpapers/hamilton_3079629.jpg
Tue 28 Oct 08:56:37 GMT 2025: Set wallpaper to /home/solomon/.config/hypr/wallpapers/SilverW11.jpg
Tue 28 Oct 08:58:37 GMT 2025: Set wallpaper to /home/solomon/.config/hypr/wallpapers/thumb-1920-1345403.jpeg
Tue 28 Oct 09:00:37 GMT 2025: Set wallpaper to /home/solomon/.config/hypr/wallpapers/2008-Mazda-Furai-Concept-004-1440.jpg
Tue 28 Oct 09:02:37 GMT 2025: Set wallpaper to /home/solomon/.config/hypr/wallpapers/hamilton_3079629.jpg
Tue 28 Oct 09:04:37 GMT 2025: Set wallpaper to /home/solomon/.config/hypr/wallpapers/1979-Canepa-BMW-M1-Procar_grey.png
Tue 28 Oct 09:06:37 GMT 2025: Set wallpaper to /home/solomon/.config/hypr/wallpapers/hamilton_3079629.jpg
Tue 28 Oct 09:08:37 GMT 2025: Set wallpaper to /home/solomon/.config/hypr/wallpapers/SilverW11.jpg
Tue 28 Oct 09:10:37 GMT 2025: Set wallpaper to /home/solomon/.config/hypr/wallpapers/2009-Mercedes-Benz-SL-65-AMG-Black-003-1080.jpg
Tue 28 Oct 09:12:37 GMT 2025: Set wallpaper to /home/solomon/.config/hypr/wallpapers/1968-Lamborghini-Miura-Jota-SVR-001-1080.jpg
Tue 28 Oct 09:14:37 GMT 2025: Set wallpaper to /home/solomon/.config/hypr/wallpapers/simple.png
Tue 28 Oct 09:16:37 GMT 2025: Set wallpaper to /home/solomon/.config/hypr/wallpapers/w05.webp
Tue 28 Oct 09:18:37 GMT 2025: Set wallpaper to /home/solomon/.config/hypr/wallpapers/2015-Porsche-918-Spyder-012-1440.jpg
Tue 28 Oct 09:20:37 GMT 2025: Set wallpaper to /home/solomon/.config/hypr/wallpapers/1968-Lamborghini-Miura-Jota-SVR-001-1080.jpg
Tue 28 Oct 09:22:38 GMT 2025: Set wallpaper to /home/solomon/.config/hypr/wallpapers/astize_cc0_split1.png
Tue 28 Oct 09:24:38 GMT 2025: Set wallpaper to /home/solomon/.config/hypr/wallpapers/W11_with_DRS.jpg
Tue 28 Oct 09:26:38 GMT 2025: Set wallpaper to /home/solomon/.config/hypr/wallpapers/2011-Mercedes-Benz-C63-AMG-Coupe-Black-002-1080.jpg
Tue 28 Oct 09:28:38 GMT 2025: Set wallpaper to /home/solomon/.config/hypr/wallpapers/2011-Mercedes-Benz-C63-AMG-Coupe-Black-002-1080.jpg
Tue 28 Oct 09:30:38 GMT 2025: Set wallpaper to /home/solomon/.config/hypr/wallpapers/thumb-1920-1345403.jpeg
Tue 28 Oct 09:32:38 GMT 2025: Set wallpaper to /home/solomon/.config/hypr/wallpapers/w11_pfp.webp
Tue 28 Oct 09:34:38 GMT 2025: Set wallpaper to /home/solomon/.config/hypr/wallpapers/2019-Bugatti-Divo.jpg
Tue 28 Oct 09:36:38 GMT 2025: Set wallpaper to /home/solomon/.config/hypr/wallpapers/linux-nitros-dark-ov.jpg
Tue 28 Oct 09:38:38 GMT 2025: Set wallpaper to /home/solomon/.config/hypr/wallpapers/w11_pfp.webp
Tue 28 Oct 09:40:38 GMT 2025: Set wallpaper to /home/solomon/.config/hypr/wallpapers/SilverW11.jpg
Tue 28 Oct 09:42:38 GMT 2025: Set wallpaper to /home/solomon/.config/hypr/wallpapers/2014-Mercedes-Benz-SLS-AMG-Black-Series-009-1440.jpg
Tue 28 Oct 09:44:38 GMT 2025: Set wallpaper to /home/solomon/.config/hypr/wallpapers/mazda-mx5-miata-mazda-3351.jpg
Tue 28 Oct 09:46:38 GMT 2025: Set wallpaper to /home/solomon/.config/hypr/wallpapers/hyprland_wallpaper.png
Tue 28 Oct 09:48:38 GMT 2025: Set wallpaper to /home/solomon/.config/hypr/wallpapers/W05.jpg
Tue 28 Oct 09:50:38 GMT 2025: Set wallpaper to /home/solomon/.config/hypr/wallpapers/hamilton_3079629.jpg
Tue 28 Oct 09:52:38 GMT 2025: Set wallpaper to /home/solomon/.config/hypr/wallpapers/hyprland_wallpaper.png
Tue 28 Oct 09:54:38 GMT 2025: Set wallpaper to /home/solomon/.config/hypr/wallpapers/SoloLinux4.png
Tue 28 Oct 09:56:38 GMT 2025: Set wallpaper to /home/solomon/.config/hypr/wallpapers/2008-Mazda-Furai-Concept_grey.png
Tue 28 Oct 09:58:38 GMT 2025: Set wallpaper to /home/solomon/.config/hypr/wallpapers/2008-Mazda-Furai-Concept-004-1440.jpg
Tue 28 Oct 10:00:38 GMT 2025: Set wallpaper to /home/solomon/.config/hypr/wallpapers/2014-Mercedes-Benz-SLS-AMG-Black-Series-009-1440.jpg
Tue 28 Oct 10:02:38 GMT 2025: Set wallpaper to /home/solomon/.config/hypr/wallpapers/2019-Bugatti-Divo.jpg
Tue 28 Oct 10:04:38 GMT 2025: Set wallpaper to /home/solomon/.config/hypr/wallpapers/2015-Porsche-918-Spyder-012-1440.jpg
Tue 28 Oct 10:06:38 GMT 2025: Set wallpaper to /home/solomon/.config/hypr/wallpapers/hamilton_3079629.jpg
Tue 28 Oct 10:08:38 GMT 2025: Set wallpaper to /home/solomon/.config/hypr/wallpapers/mercedes-w11.webp
Tue 28 Oct 10:10:38 GMT 2025: Set wallpaper to /home/solomon/.config/hypr/wallpapers/w05.webp
Tue 28 Oct 10:12:38 GMT 2025: Set wallpaper to /home/solomon/.config/hypr/wallpapers/W05.jpg
Tue 28 Oct 10:14:38 GMT 2025: Set wallpaper to /home/solomon/.config/hypr/wallpapers/SilverW11.jpg
Tue 28 Oct 10:16:38 GMT 2025: Set wallpaper to /home/solomon/.config/hypr/wallpapers/simple.png
Tue 28 Oct 10:18:38 GMT 2025: Set wallpaper to /home/solomon/.config/hypr/wallpapers/SoloLinux4.png
Tue 28 Oct 10:20:38 GMT 2025: Set wallpaper to /home/solomon/.config/hypr/wallpapers/2011-Mercedes-Benz-C63-AMG-Coupe-Black-002-1080.jpg
Tue 28 Oct 10:22:38 GMT 2025: Set wallpaper to /home/solomon/.config/hypr/wallpapers/w05.webp
Tue 28 Oct 10:24:38 GMT 2025: Set wallpaper to /home/solomon/.config/hypr/wallpapers/2014-Mercedes-Benz-SLS-AMG-Black-Series-009-1440.jpg
Tue 28 Oct 10:26:38 GMT 2025: Set wallpaper to /home/solomon/.config/hypr/wallpapers/mercedes_amg_f1_m11_eq_performance_4k-HD.jpg
Tue 28 Oct 10:28:38 GMT 2025: Set wallpaper to /home/solomon/.config/hypr/wallpapers/2008-Mazda-Furai-Concept_grey.png
Tue 28 Oct 10:30:39 GMT 2025: Set wallpaper to /home/solomon/.config/hypr/wallpapers/hyprland_wallpaper.png
Tue 28 Oct 10:32:39 GMT 2025: Set wallpaper to /home/solomon/.config/hypr/wallpapers/linux-nitros-dark-ov.jpg
Tue 28 Oct 10:34:39 GMT 2025: Set wallpaper to /home/solomon/.config/hypr/wallpapers/SilverW11.jpg
Tue 28 Oct 10:36:39 GMT 2025: Set wallpaper to /home/solomon/.config/hypr/wallpapers/linux-nitros-dark-ov.jpg
Tue 28 Oct 10:38:39 GMT 2025: Set wallpaper to /home/solomon/.config/hypr/wallpapers/hamilton_3079629.jpg
Tue 28 Oct 10:40:39 GMT 2025: Set wallpaper to /home/solomon/.config/hypr/wallpapers/mercedes_amg_f1_m11_eq_performance_4k-HD.jpg
Tue 28 Oct 10:42:39 GMT 2025: Set wallpaper to /home/solomon/.config/hypr/wallpapers/hyprland_wallpaper.png
Tue 28 Oct 10:44:39 GMT 2025: Set wallpaper to /home/solomon/.config/hypr/wallpapers/2005-Ferrari-F430-007-1080.jpg
Tue 28 Oct 10:46:39 GMT 2025: Set wallpaper to /home/solomon/.config/hypr/wallpapers/w11_wets.webp
Tue 28 Oct 10:48:39 GMT 2025: Set wallpaper to /home/solomon/.config/hypr/wallpapers/2005-Ferrari-F430-007-1080.jpg
Tue 28 Oct 10:50:39 GMT 2025: Set wallpaper to /home/solomon/.config/hypr/wallpapers/SoloLinux4.png
Tue 28 Oct 10:52:39 GMT 2025: Set wallpaper to /home/solomon/.config/hypr/wallpapers/2008-Mazda-Furai-Concept-004-1440.jpg
Tue 28 Oct 10:54:39 GMT 2025: Set wallpaper to /home/solomon/.config/hypr/wallpapers/2014-Mercedes-Benz-SLS-AMG-Black-Series-009-1440.jpg
Tue 28 Oct 10:56:39 GMT 2025: Set wallpaper to /home/solomon/.config/hypr/wallpapers/W05.jpg
Tue 28 Oct 10:58:39 GMT 2025: Set wallpaper to /home/solomon/.config/hypr/wallpapers/W05.jpg
Tue 28 Oct 11:00:39 GMT 2025: Set wallpaper to /home/solomon/.config/hypr/wallpapers/1968-Lamborghini-Miura-Jota-SVR-001-1080.jpg
Tue 28 Oct 11:02:39 GMT 2025: Set wallpaper to /home/solomon/.config/hypr/wallpapers/w11_wets.webp
Tue 28 Oct 11:04:39 GMT 2025: Set wallpaper to /home/solomon/.config/hypr/wallpapers/1968-Lamborghini-Miura-Jota-SVR-001-1080.jpg
Tue 28 Oct 11:06:39 GMT 2025: Set wallpaper to /home/solomon/.config/hypr/wallpapers/2005-Ferrari-F430-007-1080.jpg
Tue 28 Oct 11:08:39 GMT 2025: Set wallpaper to /home/solomon/.config/hypr/wallpapers/2011-Mercedes-Benz-C63-AMG-Coupe-Black-001-1080.jpg
Tue 28 Oct 11:10:39 GMT 2025: Set wallpaper to /home/solomon/.config/hypr/wallpapers/2015-Porsche-918-Spyder-012-1440.jpg
Tue 28 Oct 11:12:39 GMT 2025: Set wallpaper to /home/solomon/.config/hypr/wallpapers/2011-Mercedes-Benz-C63-AMG-Coupe-Black-001-1080.jpg
Tue 28 Oct 11:14:39 GMT 2025: Set wallpaper to /home/solomon/.config/hypr/wallpapers/w05.webp
Tue 28 Oct 12:15:06 GMT 2025: Set wallpaper to /home/solomon/.config/hypr/wallpapers/simple.png
Tue 28 Oct 12:17:06 GMT 2025: Set wallpaper to /home/solomon/.config/hypr/wallpapers/2014-Mercedes-Benz-SLS-AMG-Black-Series-009-1440.jpg
Tue 28 Oct 12:19:06 GMT 2025: Set wallpaper to /home/solomon/.config/hypr/wallpapers/SilverW11.jpg
Tue 28 Oct 12:21:06 GMT 2025: Set wallpaper to /home/solomon/.config/hypr/wallpapers/1968-Lamborghini-Miura-Jota-SVR-001-1080.jpg
Tue 28 Oct 12:23:06 GMT 2025: Set wallpaper to /home/solomon/.config/hypr/wallpapers/w11_pfp.webp
Tue 28 Oct 12:25:06 GMT 2025: Set wallpaper to /home/solomon/.config/hypr/wallpapers/SoloLinux4.png
Tue 28 Oct 12:27:07 GMT 2025: Set wallpaper to /home/solomon/.config/hypr/wallpapers/mazda-mx5-miata-mazda-3351.jpg
Tue 28 Oct 12:29:07 GMT 2025: Set wallpaper to /home/solomon/.config/hypr/wallpapers/mercedes_amg_f1_m11_eq_performance_4k-HD.jpg
Tue 28 Oct 12:31:07 GMT 2025: Set wallpaper to /home/solomon/.config/hypr/wallpapers/simple.png
Tue 28 Oct 12:33:07 GMT 2025: Set wallpaper to /home/solomon/.config/hypr/wallpapers/2008-Mazda-Furai-Concept-004-1440.jpg
Tue 28 Oct 12:35:07 GMT 2025: Set wallpaper to /home/solomon/.config/hypr/wallpapers/2019-Bugatti-Divo.jpg
Tue 28 Oct 12:37:07 GMT 2025: Set wallpaper to /home/solomon/.config/hypr/wallpapers/mazda-mx5-miata-mazda-3351.jpg
Tue 28 Oct 12:39:07 GMT 2025: Set wallpaper to /home/solomon/.config/hypr/wallpapers/hamilton_3079629.jpg
Tue 28 Oct 12:41:07 GMT 2025: Set wallpaper to /home/solomon/.config/hypr/wallpapers/w11_wets.webp
Tue 28 Oct 12:43:07 GMT 2025: Set wallpaper to /home/solomon/.config/hypr/wallpapers/hamilton_3079629.jpg
Tue 28 Oct 12:45:07 GMT 2025: Set wallpaper to /home/solomon/.config/hypr/wallpapers/2019-Bugatti-Divo.jpg
Tue 28 Oct 12:47:07 GMT 2025: Set wallpaper to /home/solomon/.config/hypr/wallpapers/2014-Mercedes-Benz-SLS-AMG-Black-Series-009-1440.jpg
Tue 28 Oct 12:49:07 GMT 2025: Set wallpaper to /home/solomon/.config/hypr/wallpapers/w05.webp
Tue 28 Oct 12:51:07 GMT 2025: Set wallpaper to /home/solomon/.config/hypr/wallpapers/SoloLinux4.png
Tue 28 Oct 12:53:07 GMT 2025: Set wallpaper to /home/solomon/.config/hypr/wallpapers/2005-Ferrari-F430-007-1080.jpg
Tue 28 Oct 12:55:07 GMT 2025: Set wallpaper to /home/solomon/.config/hypr/wallpapers/hyprland_wallpaper.png
Tue 28 Oct 12:57:07 GMT 2025: Set wallpaper to /home/solomon/.config/hypr/wallpapers/hamilton_3079629.jpg
Tue 28 Oct 12:59:07 GMT 2025: Set wallpaper to /home/solomon/.config/hypr/wallpapers/simple.png
Tue 28 Oct 13:01:07 GMT 2025: Set wallpaper to /home/solomon/.config/hypr/wallpapers/w11_wets.webp
Tue 28 Oct 13:03:07 GMT 2025: Set wallpaper to /home/solomon/.config/hypr/wallpapers/2011-Mercedes-Benz-C63-AMG-Coupe-Black-001-1080.jpg
Tue 28 Oct 13:05:07 GMT 2025: Set wallpaper to /home/solomon/.config/hypr/wallpapers/1979-Canepa-BMW-M1-Procar_grey.png
Tue 28 Oct 13:07:07 GMT 2025: Set wallpaper to /home/solomon/.config/hypr/wallpapers/W11_with_DRS.jpg
Tue 28 Oct 13:09:07 GMT 2025: Set wallpaper to /home/solomon/.config/hypr/wallpapers/2011-Mercedes-Benz-C63-AMG-Coupe-Black-001-1080.jpg
Tue 28 Oct 13:11:07 GMT 2025: Set wallpaper to /home/solomon/.config/hypr/wallpapers/W11_with_DRS.jpg
Tue 28 Oct 13:13:07 GMT 2025: Set wallpaper to /home/solomon/.config/hypr/wallpapers/1979-Canepa-BMW-M1-Procar_grey.png
Tue 28 Oct 13:15:07 GMT 2025: Set wallpaper to /home/solomon/.config/hypr/wallpapers/SoloLinux4.png
Tue 28 Oct 13:17:07 GMT 2025: Set wallpaper to /home/solomon/.config/hypr/wallpapers/hyprland_wallpaper.png
Tue 28 Oct 13:19:07 GMT 2025: Set wallpaper to /home/solomon/.config/hypr/wallpapers/thumb-1920-1345403.jpeg
Tue 28 Oct 13:21:07 GMT 2025: Set wallpaper to /home/solomon/.config/hypr/wallpapers/mercedes_amg_f1_m11_eq_performance_4k-HD.jpg
Tue 28 Oct 13:23:07 GMT 2025: Set wallpaper to /home/solomon/.config/hypr/wallpapers/hyprland_wallpaper.png
Tue 28 Oct 13:25:07 GMT 2025: Set wallpaper to /home/solomon/.config/hypr/wallpapers/w05.webp
Tue 28 Oct 13:27:07 GMT 2025: Set wallpaper to /home/solomon/.config/hypr/wallpapers/2015-Porsche-918-Spyder-012-1440.jpg
Tue 28 Oct 13:29:07 GMT 2025: Set wallpaper to /home/solomon/.config/hypr/wallpapers/thumb-1920-1345403.jpeg
Tue 28 Oct 13:31:07 GMT 2025: Set wallpaper to /home/solomon/.config/hypr/wallpapers/linux-nitros-dark-ov.jpg
Tue 28 Oct 13:33:07 GMT 2025: Set wallpaper to /home/solomon/.config/hypr/wallpapers/2009-Mercedes-Benz-SL-65-AMG-Black-003-1080.jpg
Tue 28 Oct 13:35:07 GMT 2025: Set wallpaper to /home/solomon/.config/hypr/wallpapers/w11_pfp.webp
Tue 28 Oct 13:37:07 GMT 2025: Set wallpaper to /home/solomon/.config/hypr/wallpapers/hamilton_3079629.jpg
Tue 28 Oct 13:39:07 GMT 2025: Set wallpaper to /home/solomon/.config/hypr/wallpapers/mercedes-w11.webp
Tue 28 Oct 13:41:08 GMT 2025: Set wallpaper to /home/solomon/.config/hypr/wallpapers/w05.webp
Tue 28 Oct 13:43:08 GMT 2025: Set wallpaper to /home/solomon/.config/hypr/wallpapers/1979-Canepa-BMW-M1-Procar_grey.png
Tue 28 Oct 13:45:08 GMT 2025: Set wallpaper to /home/solomon/.config/hypr/wallpapers/W05.jpg
Tue 28 Oct 13:47:08 GMT 2025: Set wallpaper to /home/solomon/.config/hypr/wallpapers/mazda-mx5-miata-mazda-3351.jpg
Tue 28 Oct 13:49:08 GMT 2025: Set wallpaper to /home/solomon/.config/hypr/wallpapers/2011-Mercedes-Benz-C63-AMG-Coupe-Black-002-1080.jpg
Tue 28 Oct 13:51:08 GMT 2025: Set wallpaper to /home/solomon/.config/hypr/wallpapers/2008-Mazda-Furai-Concept-004-1440.jpg
Tue 28 Oct 13:53:08 GMT 2025: Set wallpaper to /home/solomon/.config/hypr/wallpapers/linux-nitros-dark-ov.jpg
Tue 28 Oct 13:55:08 GMT 2025: Set wallpaper to /home/solomon/.config/hypr/wallpapers/2009-Mercedes-Benz-SL-65-AMG-Black-003-1080.jpg
Tue 28 Oct 13:57:08 GMT 2025: Set wallpaper to /home/solomon/.config/hypr/wallpapers/w11_pfp.webp
Tue 28 Oct 13:59:08 GMT 2025: Set wallpaper to /home/solomon/.config/hypr/wallpapers/SoloLinux4.png
Tue 28 Oct 14:01:08 GMT 2025: Set wallpaper to /home/solomon/.config/hypr/wallpapers/mercedes-w11.webp
Tue 28 Oct 14:03:08 GMT 2025: Set wallpaper to /home/solomon/.config/hypr/wallpapers/W11_with_DRS.jpg
Tue 28 Oct 14:05:08 GMT 2025: Set wallpaper to /home/solomon/.config/hypr/wallpapers/w05.webp
Tue 28 Oct 14:07:08 GMT 2025: Set wallpaper to /home/solomon/.config/hypr/wallpapers/2005-Ferrari-F430-007-1080.jpg
Tue 28 Oct 14:09:08 GMT 2025: Set wallpaper to /home/solomon/.config/hypr/wallpapers/mercedes_amg_f1_m11_eq_performance_4k-HD.jpg
Tue 28 Oct 14:11:08 GMT 2025: Set wallpaper to /home/solomon/.config/hypr/wallpapers/w11_wets.webp
Tue 28 Oct 14:13:08 GMT 2025: Set wallpaper to /home/solomon/.config/hypr/wallpapers/2009-Mercedes-Benz-SL-65-AMG-Black-003-1080.jpg
Tue 28 Oct 17:30:51 GMT 2025: Set wallpaper to /home/solomon/.config/hypr/wallpapers/1979-Canepa-BMW-M1-Procar_grey.png
Tue 28 Oct 17:32:51 GMT 2025: Set wallpaper to /home/solomon/.config/hypr/wallpapers/linux-nitros-dark-ov.jpg
Tue 28 Oct 17:34:51 GMT 2025: Set wallpaper to /home/solomon/.config/hypr/wallpapers/2011-Mercedes-Benz-C63-AMG-Coupe-Black-001-1080.jpg
Tue 28 Oct 17:36:51 GMT 2025: Set wallpaper to /home/solomon/.config/hypr/wallpapers/w05.webp
Tue 28 Oct 17:38:51 GMT 2025: Set wallpaper to /home/solomon/.config/hypr/wallpapers/2015-Porsche-918-Spyder-012-1440.jpg
Tue 28 Oct 17:40:51 GMT 2025: Set wallpaper to /home/solomon/.config/hypr/wallpapers/2019-Bugatti-Divo.jpg
Tue 28 Oct 17:42:51 GMT 2025: Set wallpaper to /home/solomon/.config/hypr/wallpapers/w11_pfp.webp
Tue 28 Oct 17:44:51 GMT 2025: Set wallpaper to /home/solomon/.config/hypr/wallpapers/2011-Mercedes-Benz-C63-AMG-Coupe-Black-001-1080.jpg
Tue 28 Oct 17:46:51 GMT 2025: Set wallpaper to /home/solomon/.config/hypr/wallpapers/hyprland_wallpaper.png
Tue 28 Oct 17:48:51 GMT 2025: Set wallpaper to /home/solomon/.config/hypr/wallpapers/astize_cc0_split1.png
Tue 28 Oct 17:50:51 GMT 2025: Set wallpaper to /home/solomon/.config/hypr/wallpapers/SilverW11.jpg
Tue 28 Oct 17:52:51 GMT 2025: Set wallpaper to /home/solomon/.config/hypr/wallpapers/w11_wets.webp
Tue 28 Oct 17:54:52 GMT 2025: Set wallpaper to /home/solomon/.config/hypr/wallpapers/hamilton_3079629.jpg
Tue 28 Oct 17:56:52 GMT 2025: Set wallpaper to /home/solomon/.config/hypr/wallpapers/2009-Mercedes-Benz-SL-65-AMG-Black-003-1080.jpg
Tue 28 Oct 17:58:52 GMT 2025: Set wallpaper to /home/solomon/.config/hypr/wallpapers/2008-Mazda-Furai-Concept-004-1440.jpg
Tue 28 Oct 18:00:52 GMT 2025: Set wallpaper to /home/solomon/.config/hypr/wallpapers/SilverW11.jpg
Tue 28 Oct 18:02:52 GMT 2025: Set wallpaper to /home/solomon/.config/hypr/wallpapers/2008-Mazda-Furai-Concept_grey.png
Tue 28 Oct 18:04:52 GMT 2025: Set wallpaper to /home/solomon/.config/hypr/wallpapers/w11_pfp.webp
Tue 28 Oct 18:06:52 GMT 2025: Set wallpaper to /home/solomon/.config/hypr/wallpapers/W11_with_DRS.jpg
Tue 28 Oct 18:08:52 GMT 2025: Set wallpaper to /home/solomon/.config/hypr/wallpapers/1979-Canepa-BMW-M1-Procar_grey.png
Tue 28 Oct 18:10:52 GMT 2025: Set wallpaper to /home/solomon/.config/hypr/wallpapers/W11_with_DRS.jpg
Tue 28 Oct 18:12:52 GMT 2025: Set wallpaper to /home/solomon/.config/hypr/wallpapers/2011-Mercedes-Benz-C63-AMG-Coupe-Black-002-1080.jpg
Tue 28 Oct 18:14:52 GMT 2025: Set wallpaper to /home/solomon/.config/hypr/wallpapers/w11_wets.webp
Tue 28 Oct 18:16:52 GMT 2025: Set wallpaper to /home/solomon/.config/hypr/wallpapers/2014-Mercedes-Benz-SLS-AMG-Black-Series-009-1440.jpg
Tue 28 Oct 18:18:52 GMT 2025: Set wallpaper to /home/solomon/.config/hypr/wallpapers/2009-Mercedes-Benz-SL-65-AMG-Black-003-1080.jpg
Tue 28 Oct 18:20:52 GMT 2025: Set wallpaper to /home/solomon/.config/hypr/wallpapers/mercedes_amg_f1_m11_eq_performance_4k-HD.jpg
Tue 28 Oct 18:22:52 GMT 2025: Set wallpaper to /home/solomon/.config/hypr/wallpapers/2011-Mercedes-Benz-C63-AMG-Coupe-Black-002-1080.jpg
Tue 28 Oct 18:24:52 GMT 2025: Set wallpaper to /home/solomon/.config/hypr/wallpapers/simple.png
Tue 28 Oct 18:26:52 GMT 2025: Set wallpaper to /home/solomon/.config/hypr/wallpapers/2014-Mercedes-Benz-SLS-AMG-Black-Series-009-1440.jpg
Tue 28 Oct 18:28:52 GMT 2025: Set wallpaper to /home/solomon/.config/hypr/wallpapers/simple.png
Tue 28 Oct 18:30:52 GMT 2025: Set wallpaper to /home/solomon/.config/hypr/wallpapers/2014-Mercedes-Benz-SLS-AMG-Black-Series-009-1440.jpg
Tue 28 Oct 18:32:52 GMT 2025: Set wallpaper to /home/solomon/.config/hypr/wallpapers/W11_with_DRS.jpg
Tue 28 Oct 18:34:52 GMT 2025: Set wallpaper to /home/solomon/.config/hypr/wallpapers/w05.webp
Tue 28 Oct 18:36:52 GMT 2025: Set wallpaper to /home/solomon/.config/hypr/wallpapers/w11_pfp.webp
Tue 28 Oct 18:38:52 GMT 2025: Set wallpaper to /home/solomon/.config/hypr/wallpapers/astize_cc0_split1.png
Tue 28 Oct 18:40:52 GMT 2025: Set wallpaper to /home/solomon/.config/hypr/wallpapers/astize_cc0_split1.png
Tue 28 Oct 18:42:52 GMT 2025: Set wallpaper to /home/solomon/.config/hypr/wallpapers/mercedes_amg_f1_m11_eq_performance_4k-HD.jpg
Tue 28 Oct 18:44:52 GMT 2025: Set wallpaper to /home/solomon/.config/hypr/wallpapers/linux-nitros-dark-ov.jpg
Tue 28 Oct 18:46:52 GMT 2025: Set wallpaper to /home/solomon/.config/hypr/wallpapers/1968-Lamborghini-Miura-Jota-SVR-001-1080.jpg
Tue 28 Oct 18:48:52 GMT 2025: Set wallpaper to /home/solomon/.config/hypr/wallpapers/2009-Mercedes-Benz-SL-65-AMG-Black-003-1080.jpg
Tue 28 Oct 18:50:52 GMT 2025: Set wallpaper to /home/solomon/.config/hypr/wallpapers/w05.webp
Tue 28 Oct 18:52:52 GMT 2025: Set wallpaper to /home/solomon/.config/hypr/wallpapers/2005-Ferrari-F430-007-1080.jpg
Tue 28 Oct 18:54:52 GMT 2025: Set wallpaper to /home/solomon/.config/hypr/wallpapers/2014-Mercedes-Benz-SLS-AMG-Black-Series-009-1440.jpg
Tue 28 Oct 18:56:52 GMT 2025: Set wallpaper to /home/solomon/.config/hypr/wallpapers/2015-Porsche-918-Spyder-012-1440.jpg
Tue 28 Oct 18:58:52 GMT 2025: Set wallpaper to /home/solomon/.config/hypr/wallpapers/mercedes-w11.webp
Tue 28 Oct 19:00:52 GMT 2025: Set wallpaper to /home/solomon/.config/hypr/wallpapers/2008-Mazda-Furai-Concept_grey.png
Tue 28 Oct 19:02:52 GMT 2025: Set wallpaper to /home/solomon/.config/hypr/wallpapers/2008-Mazda-Furai-Concept_grey.png
Tue 28 Oct 19:04:52 GMT 2025: Set wallpaper to /home/solomon/.config/hypr/wallpapers/1968-Lamborghini-Miura-Jota-SVR-001-1080.jpg
Tue 28 Oct 19:06:53 GMT 2025: Set wallpaper to /home/solomon/.config/hypr/wallpapers/2005-Ferrari-F430-007-1080.jpg
Tue 28 Oct 19:08:53 GMT 2025: Set wallpaper to /home/solomon/.config/hypr/wallpapers/2014-Mercedes-Benz-SLS-AMG-Black-Series-009-1440.jpg
Tue 28 Oct 19:10:53 GMT 2025: Set wallpaper to /home/solomon/.config/hypr/wallpapers/astize_cc0_split1.png
Tue 28 Oct 20:28:05 GMT 2025: Set wallpaper to /home/solomon/.config/hypr/wallpapers/1968-Lamborghini-Miura-Jota-SVR-001-1080.jpg
Tue 28 Oct 20:30:05 GMT 2025: Set wallpaper to /home/solomon/.config/hypr/wallpapers/2008-Mazda-Furai-Concept_grey.png
Tue 28 Oct 20:32:05 GMT 2025: Set wallpaper to /home/solomon/.config/hypr/wallpapers/w11_wets.webp
Tue 28 Oct 20:34:05 GMT 2025: Set wallpaper to /home/solomon/.config/hypr/wallpapers/simple.png
Tue 28 Oct 20:36:05 GMT 2025: Set wallpaper to /home/solomon/.config/hypr/wallpapers/mazda-mx5-miata-mazda-3351.jpg
Tue 28 Oct 20:38:05 GMT 2025: Set wallpaper to /home/solomon/.config/hypr/wallpapers/w11_pfp.webp
Tue 28 Oct 20:40:05 GMT 2025: Set wallpaper to /home/solomon/.config/hypr/wallpapers/mercedes-w11.webp
Tue 28 Oct 20:42:05 GMT 2025: Set wallpaper to /home/solomon/.config/hypr/wallpapers/astize_cc0_split1.png
Tue 28 Oct 20:44:05 GMT 2025: Set wallpaper to /home/solomon/.config/hypr/wallpapers/2011-Mercedes-Benz-C63-AMG-Coupe-Black-001-1080.jpg
Tue 28 Oct 20:46:05 GMT 2025: Set wallpaper to /home/solomon/.config/hypr/wallpapers/W11_with_DRS.jpg
Tue 28 Oct 20:48:05 GMT 2025: Set wallpaper to /home/solomon/.config/hypr/wallpapers/2015-Porsche-918-Spyder-012-1440.jpg
Tue 28 Oct 20:50:05 GMT 2025: Set wallpaper to /home/solomon/.config/hypr/wallpapers/1968-Lamborghini-Miura-Jota-SVR-001-1080.jpg
Tue 28 Oct 20:52:05 GMT 2025: Set wallpaper to /home/solomon/.config/hypr/wallpapers/2008-Mazda-Furai-Concept-004-1440.jpg
Tue 28 Oct 20:54:05 GMT 2025: Set wallpaper to /home/solomon/.config/hypr/wallpapers/1979-Canepa-BMW-M1-Procar_grey.png
Tue 28 Oct 20:56:06 GMT 2025: Set wallpaper to /home/solomon/.config/hypr/wallpapers/w11_wets.webp
Tue 28 Oct 20:58:06 GMT 2025: Set wallpaper to /home/solomon/.config/hypr/wallpapers/w11_wets.webp
Tue 28 Oct 21:00:06 GMT 2025: Set wallpaper to /home/solomon/.config/hypr/wallpapers/2019-Bugatti-Divo.jpg
Tue 28 Oct 23:48:52 GMT 2025: Set wallpaper to /home/solomon/.config/hypr/wallpapers/1968-Lamborghini-Miura-Jota-SVR-001-1080.jpg
Tue 28 Oct 23:50:52 GMT 2025: Set wallpaper to /home/solomon/.config/hypr/wallpapers/2005-Ferrari-F430-007-1080.jpg
Tue 28 Oct 23:52:52 GMT 2025: Set wallpaper to /home/solomon/.config/hypr/wallpapers/W11_with_DRS.jpg
Tue 28 Oct 23:54:52 GMT 2025: Set wallpaper to /home/solomon/.config/hypr/wallpapers/2008-Mazda-Furai-Concept_grey.png
Tue 28 Oct 23:56:52 GMT 2025: Set wallpaper to /home/solomon/.config/hypr/wallpapers/2008-Mazda-Furai-Concept_grey.png
Tue 28 Oct 23:58:52 GMT 2025: Set wallpaper to /home/solomon/.config/hypr/wallpapers/linux-nitros-dark-ov.jpg
Wed 29 Oct 00:00:52 GMT 2025: Set wallpaper to /home/solomon/.config/hypr/wallpapers/astize_cc0_split1.png
Wed 29 Oct 00:02:52 GMT 2025: Set wallpaper to /home/solomon/.config/hypr/wallpapers/2019-Bugatti-Divo.jpg
Wed 29 Oct 00:04:53 GMT 2025: Set wallpaper to /home/solomon/.config/hypr/wallpapers/SilverW11.jpg
Wed 29 Oct 00:06:53 GMT 2025: Set wallpaper to /home/solomon/.config/hypr/wallpapers/simple.png
Wed 29 Oct 00:08:53 GMT 2025: Set wallpaper to /home/solomon/.config/hypr/wallpapers/2015-Porsche-918-Spyder-012-1440.jpg
Wed 29 Oct 00:10:53 GMT 2025: Set wallpaper to /home/solomon/.config/hypr/wallpapers/thumb-1920-1345403.jpeg
Wed 29 Oct 00:12:53 GMT 2025: Set wallpaper to /home/solomon/.config/hypr/wallpapers/linux-nitros-dark-ov.jpg
Wed 29 Oct 00:14:53 GMT 2025: Set wallpaper to /home/solomon/.config/hypr/wallpapers/mercedes_amg_f1_m11_eq_performance_4k-HD.jpg
Wed 29 Oct 00:16:53 GMT 2025: Set wallpaper to /home/solomon/.config/hypr/wallpapers/simple.png
Wed 29 Oct 00:18:53 GMT 2025: Set wallpaper to /home/solomon/.config/hypr/wallpapers/SoloLinux4.png
Wed 29 Oct 00:20:53 GMT 2025: Set wallpaper to /home/solomon/.config/hypr/wallpapers/2008-Mazda-Furai-Concept-004-1440.jpg
Wed 29 Oct 10:38:10 GMT 2025: Set wallpaper to /home/solomon/.config/hypr/wallpapers/hyprland_wallpaper.png
Wed 29 Oct 10:40:10 GMT 2025: Set wallpaper to /home/solomon/.config/hypr/wallpapers/mercedes_amg_f1_m11_eq_performance_4k-HD.jpg
Wed 29 Oct 10:42:10 GMT 2025: Set wallpaper to /home/solomon/.config/hypr/wallpapers/2019-Bugatti-Divo.jpg
Wed 29 Oct 10:44:10 GMT 2025: Set wallpaper to /home/solomon/.config/hypr/wallpapers/mercedes-w11.webp
Wed 29 Oct 10:46:10 GMT 2025: Set wallpaper to /home/solomon/.config/hypr/wallpapers/thumb-1920-1345403.jpeg
Wed 29 Oct 10:48:10 GMT 2025: Set wallpaper to /home/solomon/.config/hypr/wallpapers/astize_cc0_split1.png
Wed 29 Oct 10:50:10 GMT 2025: Set wallpaper to /home/solomon/.config/hypr/wallpapers/1979-Canepa-BMW-M1-Procar_grey.png
Wed 29 Oct 10:52:10 GMT 2025: Set wallpaper to /home/solomon/.config/hypr/wallpapers/linux-nitros-dark-ov.jpg
Wed 29 Oct 10:54:10 GMT 2025: Set wallpaper to /home/solomon/.config/hypr/wallpapers/linux-nitros-dark-ov.jpg
Wed 29 Oct 10:56:10 GMT 2025: Set wallpaper to /home/solomon/.config/hypr/wallpapers/2011-Mercedes-Benz-C63-AMG-Coupe-Black-001-1080.jpg
Wed 29 Oct 10:58:10 GMT 2025: Set wallpaper to /home/solomon/.config/hypr/wallpapers/thumb-1920-1345403.jpeg
Wed 29 Oct 11:00:10 GMT 2025: Set wallpaper to /home/solomon/.config/hypr/wallpapers/mercedes_amg_f1_m11_eq_performance_4k-HD.jpg
Wed 29 Oct 11:02:10 GMT 2025: Set wallpaper to /home/solomon/.config/hypr/wallpapers/w11_pfp.webp
Wed 29 Oct 11:04:10 GMT 2025: Set wallpaper to /home/solomon/.config/hypr/wallpapers/mercedes_amg_f1_m11_eq_performance_4k-HD.jpg
Wed 29 Oct 11:06:10 GMT 2025: Set wallpaper to /home/solomon/.config/hypr/wallpapers/linux-nitros-dark-ov.jpg
Wed 29 Oct 13:39:21 GMT 2025: Set wallpaper to /home/solomon/.config/hypr/wallpapers/2011-Mercedes-Benz-C63-AMG-Coupe-Black-001-1080.jpg
Wed 29 Oct 13:41:21 GMT 2025: Set wallpaper to /home/solomon/.config/hypr/wallpapers/2011-Mercedes-Benz-C63-AMG-Coupe-Black-001-1080.jpg
Wed 29 Oct 13:43:21 GMT 2025: Set wallpaper to /home/solomon/.config/hypr/wallpapers/mercedes-w11.webp
Wed 29 Oct 13:45:21 GMT 2025: Set wallpaper to /home/solomon/.config/hypr/wallpapers/thumb-1920-1345403.jpeg
Wed 29 Oct 13:47:21 GMT 2025: Set wallpaper to /home/solomon/.config/hypr/wallpapers/w11_wets.webp
Wed 29 Oct 13:49:21 GMT 2025: Set wallpaper to /home/solomon/.config/hypr/wallpapers/hyprland_wallpaper.png
Wed 29 Oct 13:51:21 GMT 2025: Set wallpaper to /home/solomon/.config/hypr/wallpapers/2008-Mazda-Furai-Concept-004-1440.jpg
Wed 29 Oct 13:53:21 GMT 2025: Set wallpaper to /home/solomon/.config/hypr/wallpapers/w11_wets.webp
Wed 29 Oct 13:55:21 GMT 2025: Set wallpaper to /home/solomon/.config/hypr/wallpapers/1968-Lamborghini-Miura-Jota-SVR-001-1080.jpg
Wed 29 Oct 13:57:21 GMT 2025: Set wallpaper to /home/solomon/.config/hypr/wallpapers/hamilton_3079629.jpg
Wed 29 Oct 13:59:21 GMT 2025: Set wallpaper to /home/solomon/.config/hypr/wallpapers/2011-Mercedes-Benz-C63-AMG-Coupe-Black-001-1080.jpg
Wed 29 Oct 14:01:21 GMT 2025: Set wallpaper to /home/solomon/.config/hypr/wallpapers/hyprland_wallpaper.png
Wed 29 Oct 14:03:22 GMT 2025: Set wallpaper to /home/solomon/.config/hypr/wallpapers/SilverW11.jpg
Wed 29 Oct 14:05:22 GMT 2025: Set wallpaper to /home/solomon/.config/hypr/wallpapers/2008-Mazda-Furai-Concept-004-1440.jpg
Wed 29 Oct 14:07:22 GMT 2025: Set wallpaper to /home/solomon/.config/hypr/wallpapers/hamilton_3079629.jpg
Wed 29 Oct 14:09:22 GMT 2025: Set wallpaper to /home/solomon/.config/hypr/wallpapers/2015-Porsche-918-Spyder-012-1440.jpg
Wed 29 Oct 14:11:22 GMT 2025: Set wallpaper to /home/solomon/.config/hypr/wallpapers/w11_wets.webp
Wed 29 Oct 14:13:22 GMT 2025: Set wallpaper to /home/solomon/.config/hypr/wallpapers/2015-Porsche-918-Spyder-012-1440.jpg
Wed 29 Oct 14:15:22 GMT 2025: Set wallpaper to /home/solomon/.config/hypr/wallpapers/2005-Ferrari-F430-007-1080.jpg
Wed 29 Oct 14:17:22 GMT 2025: Set wallpaper to /home/solomon/.config/hypr/wallpapers/w11_wets.webp
Wed 29 Oct 14:19:22 GMT 2025: Set wallpaper to /home/solomon/.config/hypr/wallpapers/2011-Mercedes-Benz-C63-AMG-Coupe-Black-001-1080.jpg
Wed 29 Oct 14:21:22 GMT 2025: Set wallpaper to /home/solomon/.config/hypr/wallpapers/2008-Mazda-Furai-Concept_grey.png
Wed 29 Oct 14:23:22 GMT 2025: Set wallpaper to /home/solomon/.config/hypr/wallpapers/w11_wets.webp
Wed 29 Oct 14:25:22 GMT 2025: Set wallpaper to /home/solomon/.config/hypr/wallpapers/2011-Mercedes-Benz-C63-AMG-Coupe-Black-002-1080.jpg
Wed 29 Oct 14:27:22 GMT 2025: Set wallpaper to /home/solomon/.config/hypr/wallpapers/2011-Mercedes-Benz-C63-AMG-Coupe-Black-002-1080.jpg
Wed 29 Oct 14:29:22 GMT 2025: Set wallpaper to /home/solomon/.config/hypr/wallpapers/2011-Mercedes-Benz-C63-AMG-Coupe-Black-002-1080.jpg
Wed 29 Oct 14:31:22 GMT 2025: Set wallpaper to /home/solomon/.config/hypr/wallpapers/1968-Lamborghini-Miura-Jota-SVR-001-1080.jpg
Wed 29 Oct 14:33:22 GMT 2025: Set wallpaper to /home/solomon/.config/hypr/wallpapers/2005-Ferrari-F430-007-1080.jpg
Wed 29 Oct 14:35:22 GMT 2025: Set wallpaper to /home/solomon/.config/hypr/wallpapers/1979-Canepa-BMW-M1-Procar_grey.png
Wed 29 Oct 14:37:22 GMT 2025: Set wallpaper to /home/solomon/.config/hypr/wallpapers/2014-Mercedes-Benz-SLS-AMG-Black-Series-009-1440.jpg
Wed 29 Oct 14:39:22 GMT 2025: Set wallpaper to /home/solomon/.config/hypr/wallpapers/2008-Mazda-Furai-Concept-004-1440.jpg
Wed 29 Oct 14:41:22 GMT 2025: Set wallpaper to /home/solomon/.config/hypr/wallpapers/2005-Ferrari-F430-007-1080.jpg
Wed 29 Oct 14:43:22 GMT 2025: Set wallpaper to /home/solomon/.config/hypr/wallpapers/2019-Bugatti-Divo.jpg
Wed 29 Oct 14:45:22 GMT 2025: Set wallpaper to /home/solomon/.config/hypr/wallpapers/2015-Porsche-918-Spyder-012-1440.jpg
Wed 29 Oct 14:47:22 GMT 2025: Set wallpaper to /home/solomon/.config/hypr/wallpapers/1979-Canepa-BMW-M1-Procar_grey.png
Wed 29 Oct 14:49:22 GMT 2025: Set wallpaper to /home/solomon/.config/hypr/wallpapers/2009-Mercedes-Benz-SL-65-AMG-Black-003-1080.jpg
Wed 29 Oct 14:51:22 GMT 2025: Set wallpaper to /home/solomon/.config/hypr/wallpapers/W05.jpg
Wed 29 Oct 14:53:22 GMT 2025: Set wallpaper to /home/solomon/.config/hypr/wallpapers/w11_pfp.webp
Wed 29 Oct 14:55:22 GMT 2025: Set wallpaper to /home/solomon/.config/hypr/wallpapers/2005-Ferrari-F430-007-1080.jpg
Wed 29 Oct 14:57:22 GMT 2025: Set wallpaper to /home/solomon/.config/hypr/wallpapers/w11_pfp.webp
Wed 29 Oct 14:59:22 GMT 2025: Set wallpaper to /home/solomon/.config/hypr/wallpapers/astize_cc0_split1.png
Wed 29 Oct 15:01:22 GMT 2025: Set wallpaper to /home/solomon/.config/hypr/wallpapers/1979-Canepa-BMW-M1-Procar_grey.png
Wed 29 Oct 15:03:22 GMT 2025: Set wallpaper to /home/solomon/.config/hypr/wallpapers/W05.jpg
Wed 29 Oct 15:05:22 GMT 2025: Set wallpaper to /home/solomon/.config/hypr/wallpapers/SilverW11.jpg
Wed 29 Oct 15:07:22 GMT 2025: Set wallpaper to /home/solomon/.config/hypr/wallpapers/w11_pfp.webp
Wed 29 Oct 15:09:22 GMT 2025: Set wallpaper to /home/solomon/.config/hypr/wallpapers/W11_with_DRS.jpg
Wed 29 Oct 15:11:22 GMT 2025: Set wallpaper to /home/solomon/.config/hypr/wallpapers/2011-Mercedes-Benz-C63-AMG-Coupe-Black-001-1080.jpg
Wed 29 Oct 15:13:22 GMT 2025: Set wallpaper to /home/solomon/.config/hypr/wallpapers/thumb-1920-1345403.jpeg
Wed 29 Oct 15:15:22 GMT 2025: Set wallpaper to /home/solomon/.config/hypr/wallpapers/2019-Bugatti-Divo.jpg
Wed 29 Oct 15:17:22 GMT 2025: Set wallpaper to /home/solomon/.config/hypr/wallpapers/1979-Canepa-BMW-M1-Procar_grey.png
Wed 29 Oct 15:19:22 GMT 2025: Set wallpaper to /home/solomon/.config/hypr/wallpapers/2019-Bugatti-Divo.jpg
Wed 29 Oct 15:21:22 GMT 2025: Set wallpaper to /home/solomon/.config/hypr/wallpapers/w11_wets.webp
Wed 29 Oct 15:23:22 GMT 2025: Set wallpaper to /home/solomon/.config/hypr/wallpapers/mercedes_amg_f1_m11_eq_performance_4k-HD.jpg
Wed 29 Oct 15:25:22 GMT 2025: Set wallpaper to /home/solomon/.config/hypr/wallpapers/2008-Mazda-Furai-Concept-004-1440.jpg
Wed 29 Oct 15:27:22 GMT 2025: Set wallpaper to /home/solomon/.config/hypr/wallpapers/2011-Mercedes-Benz-C63-AMG-Coupe-Black-001-1080.jpg
Wed 29 Oct 15:29:22 GMT 2025: Set wallpaper to /home/solomon/.config/hypr/wallpapers/astize_cc0_split1.png
Wed 29 Oct 15:31:22 GMT 2025: Set wallpaper to /home/solomon/.config/hypr/wallpapers/mercedes_amg_f1_m11_eq_performance_4k-HD.jpg
Wed 29 Oct 15:33:22 GMT 2025: Set wallpaper to /home/solomon/.config/hypr/wallpapers/hamilton_3079629.jpg
Wed 29 Oct 15:35:22 GMT 2025: Set wallpaper to /home/solomon/.config/hypr/wallpapers/2015-Porsche-918-Spyder-012-1440.jpg
Wed 29 Oct 15:37:22 GMT 2025: Set wallpaper to /home/solomon/.config/hypr/wallpapers/W05.jpg
Wed 29 Oct 15:39:23 GMT 2025: Set wallpaper to /home/solomon/.config/hypr/wallpapers/mercedes-w11.webp
Wed 29 Oct 15:41:23 GMT 2025: Set wallpaper to /home/solomon/.config/hypr/wallpapers/2005-Ferrari-F430-007-1080.jpg
Wed 29 Oct 15:43:23 GMT 2025: Set wallpaper to /home/solomon/.config/hypr/wallpapers/astize_cc0_split1.png
Wed 29 Oct 15:45:23 GMT 2025: Set wallpaper to /home/solomon/.config/hypr/wallpapers/linux-nitros-dark-ov.jpg
Wed 29 Oct 15:47:23 GMT 2025: Set wallpaper to /home/solomon/.config/hypr/wallpapers/w11_wets.webp
Wed 29 Oct 15:49:23 GMT 2025: Set wallpaper to /home/solomon/.config/hypr/wallpapers/thumb-1920-1345403.jpeg
Wed 29 Oct 15:51:23 GMT 2025: Set wallpaper to /home/solomon/.config/hypr/wallpapers/hyprland_wallpaper.png
Wed 29 Oct 15:53:23 GMT 2025: Set wallpaper to /home/solomon/.config/hypr/wallpapers/mazda-mx5-miata-mazda-3351.jpg
Wed 29 Oct 15:55:23 GMT 2025: Set wallpaper to /home/solomon/.config/hypr/wallpapers/2015-Porsche-918-Spyder-012-1440.jpg
Wed 29 Oct 15:57:23 GMT 2025: Set wallpaper to /home/solomon/.config/hypr/wallpapers/W05.jpg
Wed 29 Oct 15:59:23 GMT 2025: Set wallpaper to /home/solomon/.config/hypr/wallpapers/2005-Ferrari-F430-007-1080.jpg
Wed 29 Oct 16:01:23 GMT 2025: Set wallpaper to /home/solomon/.config/hypr/wallpapers/2009-Mercedes-Benz-SL-65-AMG-Black-003-1080.jpg
Wed 29 Oct 16:03:23 GMT 2025: Set wallpaper to /home/solomon/.config/hypr/wallpapers/w05.webp
Wed 29 Oct 16:05:23 GMT 2025: Set wallpaper to /home/solomon/.config/hypr/wallpapers/2008-Mazda-Furai-Concept_grey.png
Wed 29 Oct 16:07:23 GMT 2025: Set wallpaper to /home/solomon/.config/hypr/wallpapers/astize_cc0_split1.png
Wed 29 Oct 16:09:23 GMT 2025: Set wallpaper to /home/solomon/.config/hypr/wallpapers/hamilton_3079629.jpg
Wed 29 Oct 16:11:23 GMT 2025: Set wallpaper to /home/solomon/.config/hypr/wallpapers/1968-Lamborghini-Miura-Jota-SVR-001-1080.jpg
Wed 29 Oct 16:13:23 GMT 2025: Set wallpaper to /home/solomon/.config/hypr/wallpapers/1968-Lamborghini-Miura-Jota-SVR-001-1080.jpg
Wed 29 Oct 16:15:23 GMT 2025: Set wallpaper to /home/solomon/.config/hypr/wallpapers/mercedes_amg_f1_m11_eq_performance_4k-HD.jpg
Wed 29 Oct 16:17:23 GMT 2025: Set wallpaper to /home/solomon/.config/hypr/wallpapers/mazda-mx5-miata-mazda-3351.jpg
Wed 29 Oct 16:19:23 GMT 2025: Set wallpaper to /home/solomon/.config/hypr/wallpapers/hamilton_3079629.jpg
Wed 29 Oct 16:21:23 GMT 2025: Set wallpaper to /home/solomon/.config/hypr/wallpapers/SoloLinux4.png
Wed 29 Oct 16:23:23 GMT 2025: Set wallpaper to /home/solomon/.config/hypr/wallpapers/simple.png
Wed 29 Oct 16:25:23 GMT 2025: Set wallpaper to /home/solomon/.config/hypr/wallpapers/2009-Mercedes-Benz-SL-65-AMG-Black-003-1080.jpg
Wed 29 Oct 16:27:23 GMT 2025: Set wallpaper to /home/solomon/.config/hypr/wallpapers/astize_cc0_split1.png
Wed 29 Oct 16:29:23 GMT 2025: Set wallpaper to /home/solomon/.config/hypr/wallpapers/2019-Bugatti-Divo.jpg
Wed 29 Oct 16:31:23 GMT 2025: Set wallpaper to /home/solomon/.config/hypr/wallpapers/2008-Mazda-Furai-Concept_grey.png
Wed 29 Oct 16:33:23 GMT 2025: Set wallpaper to /home/solomon/.config/hypr/wallpapers/SilverW11.jpg
Wed 29 Oct 16:35:23 GMT 2025: Set wallpaper to /home/solomon/.config/hypr/wallpapers/SoloLinux4.png
Wed 29 Oct 16:37:23 GMT 2025: Set wallpaper to /home/solomon/.config/hypr/wallpapers/w11_wets.webp
Wed 29 Oct 16:39:23 GMT 2025: Set wallpaper to /home/solomon/.config/hypr/wallpapers/SilverW11.jpg
Wed 29 Oct 16:41:23 GMT 2025: Set wallpaper to /home/solomon/.config/hypr/wallpapers/mercedes-w11.webp
Wed 29 Oct 16:43:23 GMT 2025: Set wallpaper to /home/solomon/.config/hypr/wallpapers/2011-Mercedes-Benz-C63-AMG-Coupe-Black-001-1080.jpg
Wed 29 Oct 16:45:23 GMT 2025: Set wallpaper to /home/solomon/.config/hypr/wallpapers/2008-Mazda-Furai-Concept_grey.png
Wed 29 Oct 16:47:23 GMT 2025: Set wallpaper to /home/solomon/.config/hypr/wallpapers/mercedes_amg_f1_m11_eq_performance_4k-HD.jpg
Wed 29 Oct 16:49:23 GMT 2025: Set wallpaper to /home/solomon/.config/hypr/wallpapers/W05.jpg
Wed 29 Oct 16:51:23 GMT 2025: Set wallpaper to /home/solomon/.config/hypr/wallpapers/2011-Mercedes-Benz-C63-AMG-Coupe-Black-002-1080.jpg
Wed 29 Oct 16:53:23 GMT 2025: Set wallpaper to /home/solomon/.config/hypr/wallpapers/2005-Ferrari-F430-007-1080.jpg
Wed 29 Oct 16:55:23 GMT 2025: Set wallpaper to /home/solomon/.config/hypr/wallpapers/2011-Mercedes-Benz-C63-AMG-Coupe-Black-002-1080.jpg
Wed 29 Oct 16:57:23 GMT 2025: Set wallpaper to /home/solomon/.config/hypr/wallpapers/1968-Lamborghini-Miura-Jota-SVR-001-1080.jpg
Wed 29 Oct 16:59:23 GMT 2025: Set wallpaper to /home/solomon/.config/hypr/wallpapers/mazda-mx5-miata-mazda-3351.jpg
Wed 29 Oct 17:01:23 GMT 2025: Set wallpaper to /home/solomon/.config/hypr/wallpapers/2011-Mercedes-Benz-C63-AMG-Coupe-Black-002-1080.jpg
Wed 29 Oct 17:03:23 GMT 2025: Set wallpaper to /home/solomon/.config/hypr/wallpapers/2015-Porsche-918-Spyder-012-1440.jpg
Wed 29 Oct 17:05:23 GMT 2025: Set wallpaper to /home/solomon/.config/hypr/wallpapers/2008-Mazda-Furai-Concept_grey.png
Wed 29 Oct 17:07:23 GMT 2025: Set wallpaper to /home/solomon/.config/hypr/wallpapers/SilverW11.jpg
Wed 29 Oct 17:09:23 GMT 2025: Set wallpaper to /home/solomon/.config/hypr/wallpapers/astize_cc0_split1.png
Wed 29 Oct 17:11:23 GMT 2025: Set wallpaper to /home/solomon/.config/hypr/wallpapers/w11_wets.webp
Wed 29 Oct 17:13:24 GMT 2025: Set wallpaper to /home/solomon/.config/hypr/wallpapers/SilverW11.jpg
Wed 29 Oct 17:15:24 GMT 2025: Set wallpaper to /home/solomon/.config/hypr/wallpapers/W11_with_DRS.jpg
Wed 29 Oct 17:17:24 GMT 2025: Set wallpaper to /home/solomon/.config/hypr/wallpapers/2011-Mercedes-Benz-C63-AMG-Coupe-Black-002-1080.jpg
Wed 29 Oct 17:19:24 GMT 2025: Set wallpaper to /home/solomon/.config/hypr/wallpapers/SoloLinux4.png
Wed 29 Oct 17:21:24 GMT 2025: Set wallpaper to /home/solomon/.config/hypr/wallpapers/hyprland_wallpaper.png
Wed 29 Oct 17:23:24 GMT 2025: Set wallpaper to /home/solomon/.config/hypr/wallpapers/2008-Mazda-Furai-Concept_grey.png
Wed 29 Oct 17:25:24 GMT 2025: Set wallpaper to /home/solomon/.config/hypr/wallpapers/SoloLinux4.png
Wed 29 Oct 17:27:24 GMT 2025: Set wallpaper to /home/solomon/.config/hypr/wallpapers/SoloLinux4.png
Wed 29 Oct 17:29:24 GMT 2025: Set wallpaper to /home/solomon/.config/hypr/wallpapers/mercedes-w11.webp
Wed 29 Oct 17:31:24 GMT 2025: Set wallpaper to /home/solomon/.config/hypr/wallpapers/W11_with_DRS.jpg
Wed 29 Oct 17:33:24 GMT 2025: Set wallpaper to /home/solomon/.config/hypr/wallpapers/2011-Mercedes-Benz-C63-AMG-Coupe-Black-002-1080.jpg
Wed 29 Oct 17:35:24 GMT 2025: Set wallpaper to /home/solomon/.config/hypr/wallpapers/2011-Mercedes-Benz-C63-AMG-Coupe-Black-001-1080.jpg
Wed 29 Oct 17:37:24 GMT 2025: Set wallpaper to /home/solomon/.config/hypr/wallpapers/astize_cc0_split1.png
Wed 29 Oct 17:39:24 GMT 2025: Set wallpaper to /home/solomon/.config/hypr/wallpapers/2011-Mercedes-Benz-C63-AMG-Coupe-Black-002-1080.jpg
Wed 29 Oct 17:41:24 GMT 2025: Set wallpaper to /home/solomon/.config/hypr/wallpapers/W05.jpg
Wed 29 Oct 17:43:24 GMT 2025: Set wallpaper to /home/solomon/.config/hypr/wallpapers/mercedes_amg_f1_m11_eq_performance_4k-HD.jpg
Wed 29 Oct 17:45:24 GMT 2025: Set wallpaper to /home/solomon/.config/hypr/wallpapers/mercedes_amg_f1_m11_eq_performance_4k-HD.jpg
Wed 29 Oct 17:47:24 GMT 2025: Set wallpaper to /home/solomon/.config/hypr/wallpapers/2011-Mercedes-Benz-C63-AMG-Coupe-Black-002-1080.jpg
Wed 29 Oct 17:49:24 GMT 2025: Set wallpaper to /home/solomon/.config/hypr/wallpapers/SoloLinux4.png
Wed 29 Oct 17:51:24 GMT 2025: Set wallpaper to /home/solomon/.config/hypr/wallpapers/mercedes-w11.webp
Wed 29 Oct 17:53:24 GMT 2025: Set wallpaper to /home/solomon/.config/hypr/wallpapers/simple.png
Wed 29 Oct 17:55:24 GMT 2025: Set wallpaper to /home/solomon/.config/hypr/wallpapers/W11_with_DRS.jpg
Wed 29 Oct 17:57:24 GMT 2025: Set wallpaper to /home/solomon/.config/hypr/wallpapers/2009-Mercedes-Benz-SL-65-AMG-Black-003-1080.jpg
Wed 29 Oct 17:59:24 GMT 2025: Set wallpaper to /home/solomon/.config/hypr/wallpapers/W11_with_DRS.jpg
Wed 29 Oct 18:01:24 GMT 2025: Set wallpaper to /home/solomon/.config/hypr/wallpapers/1968-Lamborghini-Miura-Jota-SVR-001-1080.jpg
Wed 29 Oct 18:03:24 GMT 2025: Set wallpaper to /home/solomon/.config/hypr/wallpapers/2019-Bugatti-Divo.jpg
Wed 29 Oct 18:05:24 GMT 2025: Set wallpaper to /home/solomon/.config/hypr/wallpapers/2008-Mazda-Furai-Concept_grey.png
Wed 29 Oct 18:07:24 GMT 2025: Set wallpaper to /home/solomon/.config/hypr/wallpapers/2011-Mercedes-Benz-C63-AMG-Coupe-Black-002-1080.jpg
Wed 29 Oct 18:09:24 GMT 2025: Set wallpaper to /home/solomon/.config/hypr/wallpapers/linux-nitros-dark-ov.jpg
Wed 29 Oct 18:11:24 GMT 2025: Set wallpaper to /home/solomon/.config/hypr/wallpapers/2008-Mazda-Furai-Concept_grey.png
Wed 29 Oct 18:13:24 GMT 2025: Set wallpaper to /home/solomon/.config/hypr/wallpapers/hamilton_3079629.jpg
Wed 29 Oct 18:15:24 GMT 2025: Set wallpaper to /home/solomon/.config/hypr/wallpapers/2019-Bugatti-Divo.jpg
Wed 29 Oct 18:17:24 GMT 2025: Set wallpaper to /home/solomon/.config/hypr/wallpapers/1979-Canepa-BMW-M1-Procar_grey.png
Wed 29 Oct 18:19:24 GMT 2025: Set wallpaper to /home/solomon/.config/hypr/wallpapers/mercedes_amg_f1_m11_eq_performance_4k-HD.jpg
Wed 29 Oct 18:21:24 GMT 2025: Set wallpaper to /home/solomon/.config/hypr/wallpapers/2008-Mazda-Furai-Concept_grey.png
Wed 29 Oct 18:23:24 GMT 2025: Set wallpaper to /home/solomon/.config/hypr/wallpapers/2011-Mercedes-Benz-C63-AMG-Coupe-Black-001-1080.jpg
Wed 29 Oct 18:25:24 GMT 2025: Set wallpaper to /home/solomon/.config/hypr/wallpapers/SilverW11.jpg
Wed 29 Oct 18:27:24 GMT 2025: Set wallpaper to /home/solomon/.config/hypr/wallpapers/hyprland_wallpaper.png
Wed 29 Oct 18:29:24 GMT 2025: Set wallpaper to /home/solomon/.config/hypr/wallpapers/mercedes-w11.webp
Wed 29 Oct 18:31:24 GMT 2025: Set wallpaper to /home/solomon/.config/hypr/wallpapers/2014-Mercedes-Benz-SLS-AMG-Black-Series-009-1440.jpg
Wed 29 Oct 18:33:24 GMT 2025: Set wallpaper to /home/solomon/.config/hypr/wallpapers/mercedes_amg_f1_m11_eq_performance_4k-HD.jpg
Wed 29 Oct 18:35:24 GMT 2025: Set wallpaper to /home/solomon/.config/hypr/wallpapers/2008-Mazda-Furai-Concept-004-1440.jpg
Wed 29 Oct 18:37:24 GMT 2025: Set wallpaper to /home/solomon/.config/hypr/wallpapers/W11_with_DRS.jpg
Wed 29 Oct 18:39:24 GMT 2025: Set wallpaper to /home/solomon/.config/hypr/wallpapers/2011-Mercedes-Benz-C63-AMG-Coupe-Black-002-1080.jpg
Wed 29 Oct 18:41:24 GMT 2025: Set wallpaper to /home/solomon/.config/hypr/wallpapers/w05.webp
Wed 29 Oct 18:43:24 GMT 2025: Set wallpaper to /home/solomon/.config/hypr/wallpapers/2005-Ferrari-F430-007-1080.jpg
Wed 29 Oct 18:45:24 GMT 2025: Set wallpaper to /home/solomon/.config/hypr/wallpapers/1968-Lamborghini-Miura-Jota-SVR-001-1080.jpg
Wed 29 Oct 18:47:24 GMT 2025: Set wallpaper to /home/solomon/.config/hypr/wallpapers/w05.webp
Wed 29 Oct 18:49:24 GMT 2025: Set wallpaper to /home/solomon/.config/hypr/wallpapers/w11_pfp.webp
Wed 29 Oct 18:51:24 GMT 2025: Set wallpaper to /home/solomon/.config/hypr/wallpapers/SoloLinux4.png
Wed 29 Oct 18:53:24 GMT 2025: Set wallpaper to /home/solomon/.config/hypr/wallpapers/thumb-1920-1345403.jpeg
Wed 29 Oct 18:55:24 GMT 2025: Set wallpaper to /home/solomon/.config/hypr/wallpapers/mercedes_amg_f1_m11_eq_performance_4k-HD.jpg
Wed 29 Oct 18:57:24 GMT 2025: Set wallpaper to /home/solomon/.config/hypr/wallpapers/hamilton_3079629.jpg
Wed 29 Oct 18:59:24 GMT 2025: Set wallpaper to /home/solomon/.config/hypr/wallpapers/2015-Porsche-918-Spyder-012-1440.jpg
Wed 29 Oct 19:01:24 GMT 2025: Set wallpaper to /home/solomon/.config/hypr/wallpapers/2015-Porsche-918-Spyder-012-1440.jpg
Wed 29 Oct 19:03:24 GMT 2025: Set wallpaper to /home/solomon/.config/hypr/wallpapers/2011-Mercedes-Benz-C63-AMG-Coupe-Black-002-1080.jpg
Wed 29 Oct 19:05:24 GMT 2025: Set wallpaper to /home/solomon/.config/hypr/wallpapers/1979-Canepa-BMW-M1-Procar_grey.png
Wed 29 Oct 19:07:24 GMT 2025: Set wallpaper to /home/solomon/.config/hypr/wallpapers/w05.webp
Wed 29 Oct 19:09:25 GMT 2025: Set wallpaper to /home/solomon/.config/hypr/wallpapers/hamilton_3079629.jpg
Wed 29 Oct 19:11:25 GMT 2025: Set wallpaper to /home/solomon/.config/hypr/wallpapers/2015-Porsche-918-Spyder-012-1440.jpg
Wed 29 Oct 19:13:25 GMT 2025: Set wallpaper to /home/solomon/.config/hypr/wallpapers/W05.jpg
Wed 29 Oct 19:15:25 GMT 2025: Set wallpaper to /home/solomon/.config/hypr/wallpapers/2011-Mercedes-Benz-C63-AMG-Coupe-Black-002-1080.jpg
Wed 29 Oct 19:17:25 GMT 2025: Set wallpaper to /home/solomon/.config/hypr/wallpapers/mercedes-w11.webp
Wed 29 Oct 19:19:19 GMT 2025: Set wallpaper to /home/solomon/.config/hypr/wallpapers/W05.jpg
Wed 29 Oct 19:21:18 GMT 2025: Set wallpaper to /home/solomon/.config/hypr/wallpapers/2008-Mazda-Furai-Concept-004-1440.jpg
Wed 29 Oct 19:23:18 GMT 2025: Set wallpaper to /home/solomon/.config/hypr/wallpapers/hamilton_3079629.jpg
Wed 29 Oct 19:25:18 GMT 2025: Set wallpaper to /home/solomon/.config/hypr/wallpapers/mercedes-w11.webp
Wed 29 Oct 19:27:19 GMT 2025: Set wallpaper to /home/solomon/.config/hypr/wallpapers/2019-Bugatti-Divo.jpg
Wed 29 Oct 19:29:19 GMT 2025: Set wallpaper to /home/solomon/.config/hypr/wallpapers/linux-nitros-dark-ov.jpg
Wed 29 Oct 19:31:19 GMT 2025: Set wallpaper to /home/solomon/.config/hypr/wallpapers/astize_cc0_split1.png
Wed 29 Oct 19:33:19 GMT 2025: Set wallpaper to /home/solomon/.config/hypr/wallpapers/2011-Mercedes-Benz-C63-AMG-Coupe-Black-001-1080.jpg
Wed 29 Oct 19:35:19 GMT 2025: Set wallpaper to /home/solomon/.config/hypr/wallpapers/2008-Mazda-Furai-Concept_grey.png
Wed 29 Oct 19:37:19 GMT 2025: Set wallpaper to /home/solomon/.config/hypr/wallpapers/1979-Canepa-BMW-M1-Procar_grey.png
Wed 29 Oct 19:39:19 GMT 2025: Set wallpaper to /home/solomon/.config/hypr/wallpapers/2008-Mazda-Furai-Concept-004-1440.jpg
Wed 29 Oct 19:41:19 GMT 2025: Set wallpaper to /home/solomon/.config/hypr/wallpapers/mercedes_amg_f1_m11_eq_performance_4k-HD.jpg
Wed 29 Oct 19:43:19 GMT 2025: Set wallpaper to /home/solomon/.config/hypr/wallpapers/SilverW11.jpg
Wed 29 Oct 19:45:19 GMT 2025: Set wallpaper to /home/solomon/.config/hypr/wallpapers/2009-Mercedes-Benz-SL-65-AMG-Black-003-1080.jpg
Wed 29 Oct 19:47:19 GMT 2025: Set wallpaper to /home/solomon/.config/hypr/wallpapers/mazda-mx5-miata-mazda-3351.jpg
Wed 29 Oct 19:49:19 GMT 2025: Set wallpaper to /home/solomon/.config/hypr/wallpapers/1968-Lamborghini-Miura-Jota-SVR-001-1080.jpg
Wed 29 Oct 19:51:19 GMT 2025: Set wallpaper to /home/solomon/.config/hypr/wallpapers/linux-nitros-dark-ov.jpg
Wed 29 Oct 19:53:19 GMT 2025: Set wallpaper to /home/solomon/.config/hypr/wallpapers/W11_with_DRS.jpg
Wed 29 Oct 19:55:19 GMT 2025: Set wallpaper to /home/solomon/.config/hypr/wallpapers/SoloLinux4.png
Wed 29 Oct 19:57:19 GMT 2025: Set wallpaper to /home/solomon/.config/hypr/wallpapers/2008-Mazda-Furai-Concept_grey.png
Wed 29 Oct 19:59:19 GMT 2025: Set wallpaper to /home/solomon/.config/hypr/wallpapers/linux-nitros-dark-ov.jpg
Wed 29 Oct 20:01:19 GMT 2025: Set wallpaper to /home/solomon/.config/hypr/wallpapers/1968-Lamborghini-Miura-Jota-SVR-001-1080.jpg
Wed 29 Oct 20:03:19 GMT 2025: Set wallpaper to /home/solomon/.config/hypr/wallpapers/w11_pfp.webp
Wed 29 Oct 20:05:19 GMT 2025: Set wallpaper to /home/solomon/.config/hypr/wallpapers/SoloLinux4.png
Wed 29 Oct 20:07:19 GMT 2025: Set wallpaper to /home/solomon/.config/hypr/wallpapers/hyprland_wallpaper.png
Wed 29 Oct 20:09:19 GMT 2025: Set wallpaper to /home/solomon/.config/hypr/wallpapers/w05.webp
Wed 29 Oct 20:11:19 GMT 2025: Set wallpaper to /home/solomon/.config/hypr/wallpapers/w05.webp
Wed 29 Oct 20:13:19 GMT 2025: Set wallpaper to /home/solomon/.config/hypr/wallpapers/2009-Mercedes-Benz-SL-65-AMG-Black-003-1080.jpg
Wed 29 Oct 20:15:20 GMT 2025: Set wallpaper to /home/solomon/.config/hypr/wallpapers/simple.png
Wed 29 Oct 20:17:20 GMT 2025: Set wallpaper to /home/solomon/.config/hypr/wallpapers/2005-Ferrari-F430-007-1080.jpg
Wed 29 Oct 20:19:20 GMT 2025: Set wallpaper to /home/solomon/.config/hypr/wallpapers/SoloLinux4.png
Wed 29 Oct 20:21:20 GMT 2025: Set wallpaper to /home/solomon/.config/hypr/wallpapers/hamilton_3079629.jpg
Wed 29 Oct 20:23:20 GMT 2025: Set wallpaper to /home/solomon/.config/hypr/wallpapers/linux-nitros-dark-ov.jpg
Wed 29 Oct 20:25:20 GMT 2025: Set wallpaper to /home/solomon/.config/hypr/wallpapers/2014-Mercedes-Benz-SLS-AMG-Black-Series-009-1440.jpg
Wed 29 Oct 20:27:20 GMT 2025: Set wallpaper to /home/solomon/.config/hypr/wallpapers/w11_wets.webp
Thu 30 Oct 09:14:52 GMT 2025: Set wallpaper to /home/solomon/.config/hypr/wallpapers/linux-nitros-dark-ov.jpg
Thu 30 Oct 09:16:51 GMT 2025: Set wallpaper to /home/solomon/.config/hypr/wallpapers/2011-Mercedes-Benz-C63-AMG-Coupe-Black-002-1080.jpg
Thu 30 Oct 09:18:51 GMT 2025: Set wallpaper to /home/solomon/.config/hypr/wallpapers/hamilton_3079629.jpg
Thu 30 Oct 09:20:51 GMT 2025: Set wallpaper to /home/solomon/.config/hypr/wallpapers/mazda-mx5-miata-mazda-3351.jpg
Thu 30 Oct 09:22:51 GMT 2025: Set wallpaper to /home/solomon/.config/hypr/wallpapers/2009-Mercedes-Benz-SL-65-AMG-Black-003-1080.jpg
Thu 30 Oct 09:24:51 GMT 2025: Set wallpaper to /home/solomon/.config/hypr/wallpapers/mercedes-w11.webp
Thu 30 Oct 09:26:51 GMT 2025: Set wallpaper to /home/solomon/.config/hypr/wallpapers/2005-Ferrari-F430-007-1080.jpg
Thu 30 Oct 09:28:51 GMT 2025: Set wallpaper to /home/solomon/.config/hypr/wallpapers/hyprland_wallpaper.png
Thu 30 Oct 09:30:51 GMT 2025: Set wallpaper to /home/solomon/.config/hypr/wallpapers/2014-Mercedes-Benz-SLS-AMG-Black-Series-009-1440.jpg
Thu 30 Oct 09:32:51 GMT 2025: Set wallpaper to /home/solomon/.config/hypr/wallpapers/mercedes-w11.webp
Thu 30 Oct 09:34:52 GMT 2025: Set wallpaper to /home/solomon/.config/hypr/wallpapers/hyprland_wallpaper.png
Thu 30 Oct 09:36:52 GMT 2025: Set wallpaper to /home/solomon/.config/hypr/wallpapers/mazda-mx5-miata-mazda-3351.jpg
Thu 30 Oct 09:38:52 GMT 2025: Set wallpaper to /home/solomon/.config/hypr/wallpapers/2015-Porsche-918-Spyder-012-1440.jpg
Thu 30 Oct 09:40:52 GMT 2025: Set wallpaper to /home/solomon/.config/hypr/wallpapers/2005-Ferrari-F430-007-1080.jpg
Thu 30 Oct 09:42:52 GMT 2025: Set wallpaper to /home/solomon/.config/hypr/wallpapers/SoloLinux4.png
Thu 30 Oct 09:44:52 GMT 2025: Set wallpaper to /home/solomon/.config/hypr/wallpapers/thumb-1920-1345403.jpeg
Thu 30 Oct 09:46:52 GMT 2025: Set wallpaper to /home/solomon/.config/hypr/wallpapers/w11_pfp.webp
Thu 30 Oct 09:48:52 GMT 2025: Set wallpaper to /home/solomon/.config/hypr/wallpapers/thumb-1920-1345403.jpeg
Thu 30 Oct 09:50:52 GMT 2025: Set wallpaper to /home/solomon/.config/hypr/wallpapers/1968-Lamborghini-Miura-Jota-SVR-001-1080.jpg
Thu 30 Oct 09:52:52 GMT 2025: Set wallpaper to /home/solomon/.config/hypr/wallpapers/1979-Canepa-BMW-M1-Procar_grey.png
Thu 30 Oct 09:54:52 GMT 2025: Set wallpaper to /home/solomon/.config/hypr/wallpapers/2011-Mercedes-Benz-C63-AMG-Coupe-Black-001-1080.jpg
Thu 30 Oct 09:56:52 GMT 2025: Set wallpaper to /home/solomon/.config/hypr/wallpapers/mazda-mx5-miata-mazda-3351.jpg
Thu 30 Oct 09:58:52 GMT 2025: Set wallpaper to /home/solomon/.config/hypr/wallpapers/2008-Mazda-Furai-Concept-004-1440.jpg
Thu 30 Oct 10:21:53 GMT 2025: Set wallpaper to /home/solomon/.config/hypr/wallpapers/mercedes_amg_f1_m11_eq_performance_4k-HD.jpg
Thu 30 Oct 10:23:53 GMT 2025: Set wallpaper to /home/solomon/.config/hypr/wallpapers/astize_cc0_split1.png
Thu 30 Oct 10:25:53 GMT 2025: Set wallpaper to /home/solomon/.config/hypr/wallpapers/2015-Porsche-918-Spyder-012-1440.jpg
Thu 30 Oct 10:27:53 GMT 2025: Set wallpaper to /home/solomon/.config/hypr/wallpapers/2008-Mazda-Furai-Concept-004-1440.jpg
Thu 30 Oct 10:29:53 GMT 2025: Set wallpaper to /home/solomon/.config/hypr/wallpapers/2011-Mercedes-Benz-C63-AMG-Coupe-Black-002-1080.jpg
Thu 30 Oct 10:31:54 GMT 2025: Set wallpaper to /home/solomon/.config/hypr/wallpapers/thumb-1920-1345403.jpeg
Thu 30 Oct 10:33:54 GMT 2025: Set wallpaper to /home/solomon/.config/hypr/wallpapers/astize_cc0_split1.png
Thu 30 Oct 10:35:54 GMT 2025: Set wallpaper to /home/solomon/.config/hypr/wallpapers/2005-Ferrari-F430-007-1080.jpg
Thu 30 Oct 10:37:54 GMT 2025: Set wallpaper to /home/solomon/.config/hypr/wallpapers/2011-Mercedes-Benz-C63-AMG-Coupe-Black-001-1080.jpg
Thu 30 Oct 10:39:55 GMT 2025: Set wallpaper to /home/solomon/.config/hypr/wallpapers/linux-nitros-dark-ov.jpg
Thu 30 Oct 10:41:55 GMT 2025: Set wallpaper to /home/solomon/.config/hypr/wallpapers/linux-nitros-dark-ov.jpg
Thu 30 Oct 10:43:55 GMT 2025: Set wallpaper to /home/solomon/.config/hypr/wallpapers/2014-Mercedes-Benz-SLS-AMG-Black-Series-009-1440.jpg
Thu 30 Oct 10:45:55 GMT 2025: Set wallpaper to /home/solomon/.config/hypr/wallpapers/2014-Mercedes-Benz-SLS-AMG-Black-Series-009-1440.jpg
Thu 30 Oct 10:47:55 GMT 2025: Set wallpaper to /home/solomon/.config/hypr/wallpapers/astize_cc0_split1.png
Thu 30 Oct 10:49:55 GMT 2025: Set wallpaper to /home/solomon/.config/hypr/wallpapers/2019-Bugatti-Divo.jpg
Thu 30 Oct 10:51:55 GMT 2025: Set wallpaper to /home/solomon/.config/hypr/wallpapers/simple.png
Thu 30 Oct 10:53:55 GMT 2025: Set wallpaper to /home/solomon/.config/hypr/wallpapers/W11_with_DRS.jpg
Thu 30 Oct 10:55:55 GMT 2025: Set wallpaper to /home/solomon/.config/hypr/wallpapers/2019-Bugatti-Divo.jpg
Thu 30 Oct 11:06:08 GMT 2025: Set wallpaper to /home/solomon/.config/hypr/wallpapers/hamilton_3079629.jpg
Thu 30 Oct 11:08:08 GMT 2025: Set wallpaper to /home/solomon/.config/hypr/wallpapers/hamilton_3079629.jpg
Thu 30 Oct 11:10:08 GMT 2025: Set wallpaper to /home/solomon/.config/hypr/wallpapers/mazda-mx5-miata-mazda-3351.jpg
Thu 30 Oct 11:12:08 GMT 2025: Set wallpaper to /home/solomon/.config/hypr/wallpapers/simple.png
Thu 30 Oct 11:14:08 GMT 2025: Set wallpaper to /home/solomon/.config/hypr/wallpapers/2008-Mazda-Furai-Concept-004-1440.jpg
Thu 30 Oct 11:16:08 GMT 2025: Set wallpaper to /home/solomon/.config/hypr/wallpapers/2019-Bugatti-Divo.jpg
Thu 30 Oct 11:18:08 GMT 2025: Set wallpaper to /home/solomon/.config/hypr/wallpapers/SoloLinux4.png
Thu 30 Oct 11:20:09 GMT 2025: Set wallpaper to /home/solomon/.config/hypr/wallpapers/2005-Ferrari-F430-007-1080.jpg
Thu 30 Oct 11:22:09 GMT 2025: Set wallpaper to /home/solomon/.config/hypr/wallpapers/SilverW11.jpg
Thu 30 Oct 11:24:09 GMT 2025: Set wallpaper to /home/solomon/.config/hypr/wallpapers/2014-Mercedes-Benz-SLS-AMG-Black-Series-009-1440.jpg
Thu 30 Oct 11:26:09 GMT 2025: Set wallpaper to /home/solomon/.config/hypr/wallpapers/SilverW11.jpg
Thu 30 Oct 11:28:09 GMT 2025: Set wallpaper to /home/solomon/.config/hypr/wallpapers/2011-Mercedes-Benz-C63-AMG-Coupe-Black-002-1080.jpg
Thu 30 Oct 11:30:09 GMT 2025: Set wallpaper to /home/solomon/.config/hypr/wallpapers/2014-Mercedes-Benz-SLS-AMG-Black-Series-009-1440.jpg
Thu 30 Oct 11:32:09 GMT 2025: Set wallpaper to /home/solomon/.config/hypr/wallpapers/astize_cc0_split1.png
Thu 30 Oct 11:34:09 GMT 2025: Set wallpaper to /home/solomon/.config/hypr/wallpapers/2008-Mazda-Furai-Concept_grey.png
Thu 30 Oct 11:36:09 GMT 2025: Set wallpaper to /home/solomon/.config/hypr/wallpapers/2019-Bugatti-Divo.jpg
Thu 30 Oct 11:38:09 GMT 2025: Set wallpaper to /home/solomon/.config/hypr/wallpapers/astize_cc0_split1.png
Thu 30 Oct 11:40:09 GMT 2025: Set wallpaper to /home/solomon/.config/hypr/wallpapers/1979-Canepa-BMW-M1-Procar_grey.png
Thu 30 Oct 11:42:09 GMT 2025: Set wallpaper to /home/solomon/.config/hypr/wallpapers/2005-Ferrari-F430-007-1080.jpg
Thu 30 Oct 11:44:10 GMT 2025: Set wallpaper to /home/solomon/.config/hypr/wallpapers/SoloLinux4.png
Thu 30 Oct 11:46:10 GMT 2025: Set wallpaper to /home/solomon/.config/hypr/wallpapers/2015-Porsche-918-Spyder-012-1440.jpg
Thu 30 Oct 11:48:10 GMT 2025: Set wallpaper to /home/solomon/.config/hypr/wallpapers/W05.jpg
Thu 30 Oct 11:50:10 GMT 2025: Set wallpaper to /home/solomon/.config/hypr/wallpapers/W11_with_DRS.jpg
Thu 30 Oct 11:52:10 GMT 2025: Set wallpaper to /home/solomon/.config/hypr/wallpapers/mazda-mx5-miata-mazda-3351.jpg
Thu 30 Oct 11:54:10 GMT 2025: Set wallpaper to /home/solomon/.config/hypr/wallpapers/thumb-1920-1345403.jpeg
Thu 30 Oct 11:56:10 GMT 2025: Set wallpaper to /home/solomon/.config/hypr/wallpapers/SoloLinux4.png
Thu 30 Oct 11:58:10 GMT 2025: Set wallpaper to /home/solomon/.config/hypr/wallpapers/1979-Canepa-BMW-M1-Procar_grey.png
Thu 30 Oct 12:00:10 GMT 2025: Set wallpaper to /home/solomon/.config/hypr/wallpapers/2009-Mercedes-Benz-SL-65-AMG-Black-003-1080.jpg
Thu 30 Oct 12:02:10 GMT 2025: Set wallpaper to /home/solomon/.config/hypr/wallpapers/mercedes_amg_f1_m11_eq_performance_4k-HD.jpg
Thu 30 Oct 12:04:10 GMT 2025: Set wallpaper to /home/solomon/.config/hypr/wallpapers/2008-Mazda-Furai-Concept_grey.png
Thu 30 Oct 12:06:10 GMT 2025: Set wallpaper to /home/solomon/.config/hypr/wallpapers/hyprland_wallpaper.png
Thu 30 Oct 12:08:10 GMT 2025: Set wallpaper to /home/solomon/.config/hypr/wallpapers/thumb-1920-1345403.jpeg
Thu 30 Oct 12:10:10 GMT 2025: Set wallpaper to /home/solomon/.config/hypr/wallpapers/astize_cc0_split1.png
Thu 30 Oct 12:12:10 GMT 2025: Set wallpaper to /home/solomon/.config/hypr/wallpapers/w05.webp
Thu 30 Oct 12:14:10 GMT 2025: Set wallpaper to /home/solomon/.config/hypr/wallpapers/SilverW11.jpg
Thu 30 Oct 12:16:10 GMT 2025: Set wallpaper to /home/solomon/.config/hypr/wallpapers/mercedes_amg_f1_m11_eq_performance_4k-HD.jpg
Thu 30 Oct 12:18:10 GMT 2025: Set wallpaper to /home/solomon/.config/hypr/wallpapers/simple.png
Thu 30 Oct 12:20:10 GMT 2025: Set wallpaper to /home/solomon/.config/hypr/wallpapers/2015-Porsche-918-Spyder-012-1440.jpg
Thu 30 Oct 12:22:10 GMT 2025: Set wallpaper to /home/solomon/.config/hypr/wallpapers/hyprland_wallpaper.png
Thu 30 Oct 12:24:10 GMT 2025: Set wallpaper to /home/solomon/.config/hypr/wallpapers/2015-Porsche-918-Spyder-012-1440.jpg
Thu 30 Oct 12:26:10 GMT 2025: Set wallpaper to /home/solomon/.config/hypr/wallpapers/2008-Mazda-Furai-Concept-004-1440.jpg
Thu 30 Oct 12:28:10 GMT 2025: Set wallpaper to /home/solomon/.config/hypr/wallpapers/hyprland_wallpaper.png
Thu 30 Oct 12:30:10 GMT 2025: Set wallpaper to /home/solomon/.config/hypr/wallpapers/SilverW11.jpg
Thu 30 Oct 12:32:10 GMT 2025: Set wallpaper to /home/solomon/.config/hypr/wallpapers/w11_wets.webp
Thu 30 Oct 12:34:10 GMT 2025: Set wallpaper to /home/solomon/.config/hypr/wallpapers/2008-Mazda-Furai-Concept-004-1440.jpg
Thu 30 Oct 12:36:10 GMT 2025: Set wallpaper to /home/solomon/.config/hypr/wallpapers/2011-Mercedes-Benz-C63-AMG-Coupe-Black-001-1080.jpg
Thu 30 Oct 12:38:10 GMT 2025: Set wallpaper to /home/solomon/.config/hypr/wallpapers/2008-Mazda-Furai-Concept-004-1440.jpg
Thu 30 Oct 12:40:10 GMT 2025: Set wallpaper to /home/solomon/.config/hypr/wallpapers/2008-Mazda-Furai-Concept_grey.png
Thu 30 Oct 12:42:10 GMT 2025: Set wallpaper to /home/solomon/.config/hypr/wallpapers/hyprland_wallpaper.png
Thu 30 Oct 12:44:10 GMT 2025: Set wallpaper to /home/solomon/.config/hypr/wallpapers/hyprland_wallpaper.png
Thu 30 Oct 12:46:10 GMT 2025: Set wallpaper to /home/solomon/.config/hypr/wallpapers/SoloLinux4.png
Thu 30 Oct 13:13:36 GMT 2025: Set wallpaper to /home/solomon/.config/hypr/wallpapers/2011-Mercedes-Benz-C63-AMG-Coupe-Black-002-1080.jpg
Thu 30 Oct 13:15:36 GMT 2025: Set wallpaper to /home/solomon/.config/hypr/wallpapers/2019-Bugatti-Divo.jpg
Thu 30 Oct 13:17:36 GMT 2025: Set wallpaper to /home/solomon/.config/hypr/wallpapers/thumb-1920-1345403.jpeg
Thu 30 Oct 13:19:36 GMT 2025: Set wallpaper to /home/solomon/.config/hypr/wallpapers/2014-Mercedes-Benz-SLS-AMG-Black-Series-009-1440.jpg
Thu 30 Oct 13:21:36 GMT 2025: Set wallpaper to /home/solomon/.config/hypr/wallpapers/1968-Lamborghini-Miura-Jota-SVR-001-1080.jpg
Thu 30 Oct 13:23:36 GMT 2025: Set wallpaper to /home/solomon/.config/hypr/wallpapers/hyprland_wallpaper.png
Thu 30 Oct 13:25:36 GMT 2025: Set wallpaper to /home/solomon/.config/hypr/wallpapers/W11_with_DRS.jpg
Thu 30 Oct 13:27:36 GMT 2025: Set wallpaper to /home/solomon/.config/hypr/wallpapers/2008-Mazda-Furai-Concept_grey.png
Thu 30 Oct 13:29:36 GMT 2025: Set wallpaper to /home/solomon/.config/hypr/wallpapers/2011-Mercedes-Benz-C63-AMG-Coupe-Black-002-1080.jpg
Thu 30 Oct 13:31:36 GMT 2025: Set wallpaper to /home/solomon/.config/hypr/wallpapers/1968-Lamborghini-Miura-Jota-SVR-001-1080.jpg
Thu 30 Oct 13:33:36 GMT 2025: Set wallpaper to /home/solomon/.config/hypr/wallpapers/SilverW11.jpg
Thu 30 Oct 13:35:36 GMT 2025: Set wallpaper to /home/solomon/.config/hypr/wallpapers/hyprland_wallpaper.png
Thu 30 Oct 13:37:36 GMT 2025: Set wallpaper to /home/solomon/.config/hypr/wallpapers/w11_pfp.webp
Thu 30 Oct 13:39:36 GMT 2025: Set wallpaper to /home/solomon/.config/hypr/wallpapers/linux-nitros-dark-ov.jpg
Thu 30 Oct 13:41:36 GMT 2025: Set wallpaper to /home/solomon/.config/hypr/wallpapers/2009-Mercedes-Benz-SL-65-AMG-Black-003-1080.jpg
Thu 30 Oct 13:43:36 GMT 2025: Set wallpaper to /home/solomon/.config/hypr/wallpapers/mazda-mx5-miata-mazda-3351.jpg
Thu 30 Oct 13:45:36 GMT 2025: Set wallpaper to /home/solomon/.config/hypr/wallpapers/2011-Mercedes-Benz-C63-AMG-Coupe-Black-002-1080.jpg
Thu 30 Oct 13:47:37 GMT 2025: Set wallpaper to /home/solomon/.config/hypr/wallpapers/w11_pfp.webp
Thu 30 Oct 13:49:37 GMT 2025: Set wallpaper to /home/solomon/.config/hypr/wallpapers/thumb-1920-1345403.jpeg
Thu 30 Oct 13:51:37 GMT 2025: Set wallpaper to /home/solomon/.config/hypr/wallpapers/mazda-mx5-miata-mazda-3351.jpg
Thu 30 Oct 13:53:37 GMT 2025: Set wallpaper to /home/solomon/.config/hypr/wallpapers/w11_pfp.webp
Thu 30 Oct 13:55:37 GMT 2025: Set wallpaper to /home/solomon/.config/hypr/wallpapers/mazda-mx5-miata-mazda-3351.jpg
Thu 30 Oct 13:57:37 GMT 2025: Set wallpaper to /home/solomon/.config/hypr/wallpapers/2011-Mercedes-Benz-C63-AMG-Coupe-Black-001-1080.jpg
Thu 30 Oct 13:59:37 GMT 2025: Set wallpaper to /home/solomon/.config/hypr/wallpapers/linux-nitros-dark-ov.jpg
Thu 30 Oct 14:01:37 GMT 2025: Set wallpaper to /home/solomon/.config/hypr/wallpapers/2015-Porsche-918-Spyder-012-1440.jpg
Thu 30 Oct 16:35:37 GMT 2025: Set wallpaper to /home/solomon/.config/hypr/wallpapers/2008-Mazda-Furai-Concept-004-1440.jpg
Thu 30 Oct 16:37:37 GMT 2025: Set wallpaper to /home/solomon/.config/hypr/wallpapers/mazda-mx5-miata-mazda-3351.jpg
Thu 30 Oct 16:39:37 GMT 2025: Set wallpaper to /home/solomon/.config/hypr/wallpapers/mercedes-w11.webp
Thu 30 Oct 16:41:37 GMT 2025: Set wallpaper to /home/solomon/.config/hypr/wallpapers/thumb-1920-1345403.jpeg
Thu 30 Oct 16:43:38 GMT 2025: Set wallpaper to /home/solomon/.config/hypr/wallpapers/2011-Mercedes-Benz-C63-AMG-Coupe-Black-001-1080.jpg
Thu 30 Oct 16:45:38 GMT 2025: Set wallpaper to /home/solomon/.config/hypr/wallpapers/W05.jpg
Thu 30 Oct 16:47:38 GMT 2025: Set wallpaper to /home/solomon/.config/hypr/wallpapers/2005-Ferrari-F430-007-1080.jpg
Thu 30 Oct 16:49:38 GMT 2025: Set wallpaper to /home/solomon/.config/hypr/wallpapers/2008-Mazda-Furai-Concept-004-1440.jpg
Thu 30 Oct 16:51:38 GMT 2025: Set wallpaper to /home/solomon/.config/hypr/wallpapers/thumb-1920-1345403.jpeg
Thu 30 Oct 16:53:38 GMT 2025: Set wallpaper to /home/solomon/.config/hypr/wallpapers/w11_pfp.webp
Thu 30 Oct 16:55:38 GMT 2025: Set wallpaper to /home/solomon/.config/hypr/wallpapers/2011-Mercedes-Benz-C63-AMG-Coupe-Black-002-1080.jpg
Thu 30 Oct 16:57:38 GMT 2025: Set wallpaper to /home/solomon/.config/hypr/wallpapers/simple.png
Thu 30 Oct 16:59:38 GMT 2025: Set wallpaper to /home/solomon/.config/hypr/wallpapers/2009-Mercedes-Benz-SL-65-AMG-Black-003-1080.jpg
Thu 30 Oct 17:01:38 GMT 2025: Set wallpaper to /home/solomon/.config/hypr/wallpapers/W11_with_DRS.jpg
Thu 30 Oct 17:03:38 GMT 2025: Set wallpaper to /home/solomon/.config/hypr/wallpapers/2014-Mercedes-Benz-SLS-AMG-Black-Series-009-1440.jpg
Thu 30 Oct 17:05:38 GMT 2025: Set wallpaper to /home/solomon/.config/hypr/wallpapers/w11_pfp.webp
Thu 30 Oct 17:07:38 GMT 2025: Set wallpaper to /home/solomon/.config/hypr/wallpapers/2009-Mercedes-Benz-SL-65-AMG-Black-003-1080.jpg
Thu 30 Oct 17:09:38 GMT 2025: Set wallpaper to /home/solomon/.config/hypr/wallpapers/SoloLinux4.png
Thu 30 Oct 17:11:38 GMT 2025: Set wallpaper to /home/solomon/.config/hypr/wallpapers/mercedes-w11.webp
Thu 30 Oct 17:13:38 GMT 2025: Set wallpaper to /home/solomon/.config/hypr/wallpapers/2011-Mercedes-Benz-C63-AMG-Coupe-Black-001-1080.jpg
Thu 30 Oct 17:15:38 GMT 2025: Set wallpaper to /home/solomon/.config/hypr/wallpapers/w11_pfp.webp
Thu 30 Oct 17:17:38 GMT 2025: Set wallpaper to /home/solomon/.config/hypr/wallpapers/w11_pfp.webp
Thu 30 Oct 17:19:38 GMT 2025: Set wallpaper to /home/solomon/.config/hypr/wallpapers/2011-Mercedes-Benz-C63-AMG-Coupe-Black-001-1080.jpg
Thu 30 Oct 17:21:38 GMT 2025: Set wallpaper to /home/solomon/.config/hypr/wallpapers/mercedes-w11.webp
Thu 30 Oct 17:23:38 GMT 2025: Set wallpaper to /home/solomon/.config/hypr/wallpapers/hyprland_wallpaper.png
Thu 30 Oct 17:25:38 GMT 2025: Set wallpaper to /home/solomon/.config/hypr/wallpapers/linux-nitros-dark-ov.jpg
Thu 30 Oct 17:26:49 GMT 2025: Set wallpaper to /home/solomon/.config/hypr/wallpapers/2009-Mercedes-Benz-SL-65-AMG-Black-003-1080.jpg
Thu 30 Oct 17:28:49 GMT 2025: Set wallpaper to /home/solomon/.config/hypr/wallpapers/hyprland_wallpaper.png
Thu 30 Oct 17:30:49 GMT 2025: Set wallpaper to /home/solomon/.config/hypr/wallpapers/mercedes_amg_f1_m11_eq_performance_4k-HD.jpg
Thu 30 Oct 17:32:49 GMT 2025: Set wallpaper to /home/solomon/.config/hypr/wallpapers/simple.png
Thu 30 Oct 17:34:49 GMT 2025: Set wallpaper to /home/solomon/.config/hypr/wallpapers/2009-Mercedes-Benz-SL-65-AMG-Black-003-1080.jpg
Thu 30 Oct 17:36:49 GMT 2025: Set wallpaper to /home/solomon/.config/hypr/wallpapers/2019-Bugatti-Divo.jpg
Thu 30 Oct 17:38:49 GMT 2025: Set wallpaper to /home/solomon/.config/hypr/wallpapers/thumb-1920-1345403.jpeg
Thu 30 Oct 17:40:49 GMT 2025: Set wallpaper to /home/solomon/.config/hypr/wallpapers/hamilton_3079629.jpg
Thu 30 Oct 17:42:49 GMT 2025: Set wallpaper to /home/solomon/.config/hypr/wallpapers/mercedes_amg_f1_m11_eq_performance_4k-HD.jpg
Thu 30 Oct 17:44:49 GMT 2025: Set wallpaper to /home/solomon/.config/hypr/wallpapers/SoloLinux4.png
Thu 30 Oct 17:46:49 GMT 2025: Set wallpaper to /home/solomon/.config/hypr/wallpapers/1968-Lamborghini-Miura-Jota-SVR-001-1080.jpg
Thu 30 Oct 17:48:49 GMT 2025: Set wallpaper to /home/solomon/.config/hypr/wallpapers/mazda-mx5-miata-mazda-3351.jpg
Thu 30 Oct 17:50:49 GMT 2025: Set wallpaper to /home/solomon/.config/hypr/wallpapers/mercedes-w11.webp
Thu 30 Oct 17:52:49 GMT 2025: Set wallpaper to /home/solomon/.config/hypr/wallpapers/1979-Canepa-BMW-M1-Procar_grey.png
Thu 30 Oct 17:54:49 GMT 2025: Set wallpaper to /home/solomon/.config/hypr/wallpapers/1968-Lamborghini-Miura-Jota-SVR-001-1080.jpg
Thu 30 Oct 17:56:49 GMT 2025: Set wallpaper to /home/solomon/.config/hypr/wallpapers/SoloLinux4.png
Thu 30 Oct 17:58:49 GMT 2025: Set wallpaper to /home/solomon/.config/hypr/wallpapers/w11_pfp.webp
Thu 30 Oct 18:00:49 GMT 2025: Set wallpaper to /home/solomon/.config/hypr/wallpapers/w05.webp
Thu 30 Oct 18:02:49 GMT 2025: Set wallpaper to /home/solomon/.config/hypr/wallpapers/2009-Mercedes-Benz-SL-65-AMG-Black-003-1080.jpg
Thu 30 Oct 18:04:49 GMT 2025: Set wallpaper to /home/solomon/.config/hypr/wallpapers/2014-Mercedes-Benz-SLS-AMG-Black-Series-009-1440.jpg
Thu 30 Oct 18:06:49 GMT 2025: Set wallpaper to /home/solomon/.config/hypr/wallpapers/mercedes-w11.webp
Thu 30 Oct 18:08:49 GMT 2025: Set wallpaper to /home/solomon/.config/hypr/wallpapers/1968-Lamborghini-Miura-Jota-SVR-001-1080.jpg
Thu 30 Oct 18:10:49 GMT 2025: Set wallpaper to /home/solomon/.config/hypr/wallpapers/w11_pfp.webp
Thu 30 Oct 18:12:49 GMT 2025: Set wallpaper to /home/solomon/.config/hypr/wallpapers/w05.webp
Thu 30 Oct 18:14:50 GMT 2025: Set wallpaper to /home/solomon/.config/hypr/wallpapers/2009-Mercedes-Benz-SL-65-AMG-Black-003-1080.jpg
Thu 30 Oct 18:16:50 GMT 2025: Set wallpaper to /home/solomon/.config/hypr/wallpapers/2009-Mercedes-Benz-SL-65-AMG-Black-003-1080.jpg
Thu 30 Oct 18:18:50 GMT 2025: Set wallpaper to /home/solomon/.config/hypr/wallpapers/w11_pfp.webp
Thu 30 Oct 18:20:50 GMT 2025: Set wallpaper to /home/solomon/.config/hypr/wallpapers/SilverW11.jpg
Thu 30 Oct 18:22:50 GMT 2025: Set wallpaper to /home/solomon/.config/hypr/wallpapers/w11_pfp.webp
Thu 30 Oct 18:24:50 GMT 2025: Set wallpaper to /home/solomon/.config/hypr/wallpapers/2014-Mercedes-Benz-SLS-AMG-Black-Series-009-1440.jpg
Thu 30 Oct 18:26:50 GMT 2025: Set wallpaper to /home/solomon/.config/hypr/wallpapers/mazda-mx5-miata-mazda-3351.jpg
Thu 30 Oct 18:28:50 GMT 2025: Set wallpaper to /home/solomon/.config/hypr/wallpapers/2009-Mercedes-Benz-SL-65-AMG-Black-003-1080.jpg
Thu 30 Oct 18:30:50 GMT 2025: Set wallpaper to /home/solomon/.config/hypr/wallpapers/2015-Porsche-918-Spyder-012-1440.jpg
Thu 30 Oct 18:32:50 GMT 2025: Set wallpaper to /home/solomon/.config/hypr/wallpapers/2014-Mercedes-Benz-SLS-AMG-Black-Series-009-1440.jpg
Thu 30 Oct 18:34:50 GMT 2025: Set wallpaper to /home/solomon/.config/hypr/wallpapers/2008-Mazda-Furai-Concept_grey.png
Thu 30 Oct 18:36:50 GMT 2025: Set wallpaper to /home/solomon/.config/hypr/wallpapers/2011-Mercedes-Benz-C63-AMG-Coupe-Black-001-1080.jpg
Thu 30 Oct 18:38:50 GMT 2025: Set wallpaper to /home/solomon/.config/hypr/wallpapers/thumb-1920-1345403.jpeg
Thu 30 Oct 18:40:50 GMT 2025: Set wallpaper to /home/solomon/.config/hypr/wallpapers/SilverW11.jpg
Thu 30 Oct 18:42:50 GMT 2025: Set wallpaper to /home/solomon/.config/hypr/wallpapers/astize_cc0_split1.png
Thu 30 Oct 18:44:50 GMT 2025: Set wallpaper to /home/solomon/.config/hypr/wallpapers/mazda-mx5-miata-mazda-3351.jpg
Thu 30 Oct 18:46:50 GMT 2025: Set wallpaper to /home/solomon/.config/hypr/wallpapers/w11_pfp.webp
Thu 30 Oct 18:48:50 GMT 2025: Set wallpaper to /home/solomon/.config/hypr/wallpapers/w11_pfp.webp
Thu 30 Oct 18:50:50 GMT 2025: Set wallpaper to /home/solomon/.config/hypr/wallpapers/mercedes-w11.webp
Thu 30 Oct 18:52:50 GMT 2025: Set wallpaper to /home/solomon/.config/hypr/wallpapers/hamilton_3079629.jpg
Thu 30 Oct 18:54:50 GMT 2025: Set wallpaper to /home/solomon/.config/hypr/wallpapers/W11_with_DRS.jpg
Thu 30 Oct 18:56:50 GMT 2025: Set wallpaper to /home/solomon/.config/hypr/wallpapers/thumb-1920-1345403.jpeg
Thu 30 Oct 18:58:50 GMT 2025: Set wallpaper to /home/solomon/.config/hypr/wallpapers/hyprland_wallpaper.png
Thu 30 Oct 19:00:50 GMT 2025: Set wallpaper to /home/solomon/.config/hypr/wallpapers/2019-Bugatti-Divo.jpg
Thu 30 Oct 19:02:50 GMT 2025: Set wallpaper to /home/solomon/.config/hypr/wallpapers/2015-Porsche-918-Spyder-012-1440.jpg
Thu 30 Oct 19:04:50 GMT 2025: Set wallpaper to /home/solomon/.config/hypr/wallpapers/hamilton_3079629.jpg
Thu 30 Oct 19:06:50 GMT 2025: Set wallpaper to /home/solomon/.config/hypr/wallpapers/mercedes_amg_f1_m11_eq_performance_4k-HD.jpg
Thu 30 Oct 19:08:50 GMT 2025: Set wallpaper to /home/solomon/.config/hypr/wallpapers/mercedes-w11.webp
Thu 30 Oct 19:10:50 GMT 2025: Set wallpaper to /home/solomon/.config/hypr/wallpapers/mercedes_amg_f1_m11_eq_performance_4k-HD.jpg
Thu 30 Oct 19:12:50 GMT 2025: Set wallpaper to /home/solomon/.config/hypr/wallpapers/2011-Mercedes-Benz-C63-AMG-Coupe-Black-002-1080.jpg
Thu 30 Oct 19:14:50 GMT 2025: Set wallpaper to /home/solomon/.config/hypr/wallpapers/2019-Bugatti-Divo.jpg
Fri 31 Oct 10:16:27 GMT 2025: Set wallpaper to /home/solomon/.config/hypr/wallpapers/1968-Lamborghini-Miura-Jota-SVR-001-1080.jpg
Fri 31 Oct 10:18:27 GMT 2025: Set wallpaper to /home/solomon/.config/hypr/wallpapers/w05.webp
Fri 31 Oct 10:20:27 GMT 2025: Set wallpaper to /home/solomon/.config/hypr/wallpapers/W11_with_DRS.jpg
Fri 31 Oct 10:22:27 GMT 2025: Set wallpaper to /home/solomon/.config/hypr/wallpapers/2014-Mercedes-Benz-SLS-AMG-Black-Series-009-1440.jpg
Fri 31 Oct 10:24:27 GMT 2025: Set wallpaper to /home/solomon/.config/hypr/wallpapers/2008-Mazda-Furai-Concept_grey.png
Fri 31 Oct 10:26:27 GMT 2025: Set wallpaper to /home/solomon/.config/hypr/wallpapers/w11_wets.webp
Fri 31 Oct 10:28:27 GMT 2025: Set wallpaper to /home/solomon/.config/hypr/wallpapers/SilverW11.jpg
Fri 31 Oct 10:30:27 GMT 2025: Set wallpaper to /home/solomon/.config/hypr/wallpapers/linux-nitros-dark-ov.jpg
Fri 31 Oct 10:32:27 GMT 2025: Set wallpaper to /home/solomon/.config/hypr/wallpapers/2008-Mazda-Furai-Concept-004-1440.jpg
Fri 31 Oct 10:34:27 GMT 2025: Set wallpaper to /home/solomon/.config/hypr/wallpapers/2019-Bugatti-Divo.jpg
Fri 31 Oct 10:36:27 GMT 2025: Set wallpaper to /home/solomon/.config/hypr/wallpapers/hamilton_3079629.jpg
Fri 31 Oct 10:38:27 GMT 2025: Set wallpaper to /home/solomon/.config/hypr/wallpapers/2009-Mercedes-Benz-SL-65-AMG-Black-003-1080.jpg
Fri 31 Oct 10:40:27 GMT 2025: Set wallpaper to /home/solomon/.config/hypr/wallpapers/2008-Mazda-Furai-Concept-004-1440.jpg
Fri 31 Oct 10:42:27 GMT 2025: Set wallpaper to /home/solomon/.config/hypr/wallpapers/2011-Mercedes-Benz-C63-AMG-Coupe-Black-002-1080.jpg
Fri 31 Oct 10:44:27 GMT 2025: Set wallpaper to /home/solomon/.config/hypr/wallpapers/2008-Mazda-Furai-Concept-004-1440.jpg
Fri 31 Oct 10:46:27 GMT 2025: Set wallpaper to /home/solomon/.config/hypr/wallpapers/mercedes-w11.webp
Fri 31 Oct 10:48:27 GMT 2025: Set wallpaper to /home/solomon/.config/hypr/wallpapers/w05.webp
Fri 31 Oct 10:50:27 GMT 2025: Set wallpaper to /home/solomon/.config/hypr/wallpapers/2014-Mercedes-Benz-SLS-AMG-Black-Series-009-1440.jpg
Fri 31 Oct 10:52:28 GMT 2025: Set wallpaper to /home/solomon/.config/hypr/wallpapers/2005-Ferrari-F430-007-1080.jpg
Fri 31 Oct 10:54:28 GMT 2025: Set wallpaper to /home/solomon/.config/hypr/wallpapers/simple.png
Fri 31 Oct 10:56:28 GMT 2025: Set wallpaper to /home/solomon/.config/hypr/wallpapers/2015-Porsche-918-Spyder-012-1440.jpg
Fri 31 Oct 10:58:28 GMT 2025: Set wallpaper to /home/solomon/.config/hypr/wallpapers/W11_with_DRS.jpg
Fri 31 Oct 11:00:28 GMT 2025: Set wallpaper to /home/solomon/.config/hypr/wallpapers/2011-Mercedes-Benz-C63-AMG-Coupe-Black-001-1080.jpg
Fri 31 Oct 11:02:28 GMT 2025: Set wallpaper to /home/solomon/.config/hypr/wallpapers/SilverW11.jpg
Fri 31 Oct 11:04:28 GMT 2025: Set wallpaper to /home/solomon/.config/hypr/wallpapers/mercedes-w11.webp
Fri 31 Oct 11:06:28 GMT 2025: Set wallpaper to /home/solomon/.config/hypr/wallpapers/hyprland_wallpaper.png
Fri 31 Oct 11:08:28 GMT 2025: Set wallpaper to /home/solomon/.config/hypr/wallpapers/SoloLinux4.png
Fri 31 Oct 11:10:28 GMT 2025: Set wallpaper to /home/solomon/.config/hypr/wallpapers/mercedes-w11.webp
Fri 31 Oct 11:12:28 GMT 2025: Set wallpaper to /home/solomon/.config/hypr/wallpapers/W05.jpg
Fri 31 Oct 11:14:28 GMT 2025: Set wallpaper to /home/solomon/.config/hypr/wallpapers/w11_wets.webp
Fri 31 Oct 11:16:28 GMT 2025: Set wallpaper to /home/solomon/.config/hypr/wallpapers/mercedes_amg_f1_m11_eq_performance_4k-HD.jpg
Fri 31 Oct 11:18:28 GMT 2025: Set wallpaper to /home/solomon/.config/hypr/wallpapers/2011-Mercedes-Benz-C63-AMG-Coupe-Black-002-1080.jpg
Fri 31 Oct 11:20:28 GMT 2025: Set wallpaper to /home/solomon/.config/hypr/wallpapers/mercedes-w11.webp
Fri 31 Oct 11:22:28 GMT 2025: Set wallpaper to /home/solomon/.config/hypr/wallpapers/1979-Canepa-BMW-M1-Procar_grey.png
Fri 31 Oct 11:24:28 GMT 2025: Set wallpaper to /home/solomon/.config/hypr/wallpapers/astize_cc0_split1.png
Fri 31 Oct 11:26:28 GMT 2025: Set wallpaper to /home/solomon/.config/hypr/wallpapers/SilverW11.jpg
Fri 31 Oct 11:28:28 GMT 2025: Set wallpaper to /home/solomon/.config/hypr/wallpapers/w05.webp
Fri 31 Oct 11:30:28 GMT 2025: Set wallpaper to /home/solomon/.config/hypr/wallpapers/w05.webp
Fri 31 Oct 11:32:28 GMT 2025: Set wallpaper to /home/solomon/.config/hypr/wallpapers/simple.png
Fri 31 Oct 11:34:28 GMT 2025: Set wallpaper to /home/solomon/.config/hypr/wallpapers/SilverW11.jpg
Fri 31 Oct 11:59:27 GMT 2025: Set wallpaper to /home/solomon/.config/hypr/wallpapers/w11_pfp.webp
Fri 31 Oct 12:01:27 GMT 2025: Set wallpaper to /home/solomon/.config/hypr/wallpapers/2008-Mazda-Furai-Concept-004-1440.jpg
Fri 31 Oct 12:03:27 GMT 2025: Set wallpaper to /home/solomon/.config/hypr/wallpapers/w05.webp
Fri 31 Oct 12:05:27 GMT 2025: Set wallpaper to /home/solomon/.config/hypr/wallpapers/linux-nitros-dark-ov.jpg
Fri 31 Oct 12:07:27 GMT 2025: Set wallpaper to /home/solomon/.config/hypr/wallpapers/mercedes_amg_f1_m11_eq_performance_4k-HD.jpg
Fri 31 Oct 12:09:27 GMT 2025: Set wallpaper to /home/solomon/.config/hypr/wallpapers/1979-Canepa-BMW-M1-Procar_grey.png
Fri 31 Oct 12:11:27 GMT 2025: Set wallpaper to /home/solomon/.config/hypr/wallpapers/linux-nitros-dark-ov.jpg
Fri 31 Oct 12:13:27 GMT 2025: Set wallpaper to /home/solomon/.config/hypr/wallpapers/1968-Lamborghini-Miura-Jota-SVR-001-1080.jpg
Fri 31 Oct 12:15:27 GMT 2025: Set wallpaper to /home/solomon/.config/hypr/wallpapers/mazda-mx5-miata-mazda-3351.jpg
Fri 31 Oct 12:17:27 GMT 2025: Set wallpaper to /home/solomon/.config/hypr/wallpapers/mercedes-w11.webp
Fri 31 Oct 12:19:27 GMT 2025: Set wallpaper to /home/solomon/.config/hypr/wallpapers/thumb-1920-1345403.jpeg
Fri 31 Oct 12:21:27 GMT 2025: Set wallpaper to /home/solomon/.config/hypr/wallpapers/w05.webp
Fri 31 Oct 12:23:27 GMT 2025: Set wallpaper to /home/solomon/.config/hypr/wallpapers/2009-Mercedes-Benz-SL-65-AMG-Black-003-1080.jpg
Fri 31 Oct 12:25:27 GMT 2025: Set wallpaper to /home/solomon/.config/hypr/wallpapers/mercedes-w11.webp
Fri 31 Oct 12:27:27 GMT 2025: Set wallpaper to /home/solomon/.config/hypr/wallpapers/1968-Lamborghini-Miura-Jota-SVR-001-1080.jpg
Fri 31 Oct 12:29:27 GMT 2025: Set wallpaper to /home/solomon/.config/hypr/wallpapers/2014-Mercedes-Benz-SLS-AMG-Black-Series-009-1440.jpg
Fri 31 Oct 12:31:27 GMT 2025: Set wallpaper to /home/solomon/.config/hypr/wallpapers/SilverW11.jpg
Fri 31 Oct 12:33:27 GMT 2025: Set wallpaper to /home/solomon/.config/hypr/wallpapers/hamilton_3079629.jpg
Fri 31 Oct 12:35:27 GMT 2025: Set wallpaper to /home/solomon/.config/hypr/wallpapers/2014-Mercedes-Benz-SLS-AMG-Black-Series-009-1440.jpg
Fri 31 Oct 12:35:50 GMT 2025: Set wallpaper to /home/solomon/.config/hypr/wallpapers/thumb-1920-1345403.jpeg
Fri 31 Oct 12:37:27 GMT 2025: Set wallpaper to /home/solomon/.config/hypr/wallpapers/1979-Canepa-BMW-M1-Procar_grey.png
Fri 31 Oct 12:37:50 GMT 2025: Set wallpaper to /home/solomon/.config/hypr/wallpapers/linux-nitros-dark-ov.jpg
Fri 31 Oct 12:37:55 GMT 2025: Set wallpaper to /home/solomon/.config/hypr/wallpapers/mercedes_amg_f1_m11_eq_performance_4k-HD.jpg
Fri 31 Oct 12:39:27 GMT 2025: Set wallpaper to /home/solomon/.config/hypr/wallpapers/2005-Ferrari-F430-007-1080.jpg
Fri 31 Oct 12:39:50 GMT 2025: Set wallpaper to /home/solomon/.config/hypr/wallpapers/linux-nitros-dark-ov.jpg
Fri 31 Oct 12:39:55 GMT 2025: Set wallpaper to /home/solomon/.config/hypr/wallpapers/w11_wets.webp
Fri 31 Oct 12:41:27 GMT 2025: Set wallpaper to /home/solomon/.config/hypr/wallpapers/hamilton_3079629.jpg
Fri 31 Oct 12:41:50 GMT 2025: Set wallpaper to /home/solomon/.config/hypr/wallpapers/linux-nitros-dark-ov.jpg
Fri 31 Oct 12:41:55 GMT 2025: Set wallpaper to /home/solomon/.config/hypr/wallpapers/2011-Mercedes-Benz-C63-AMG-Coupe-Black-001-1080.jpg
Fri 31 Oct 12:43:27 GMT 2025: Set wallpaper to /home/solomon/.config/hypr/wallpapers/mercedes-w11.webp
Fri 31 Oct 12:43:50 GMT 2025: Set wallpaper to /home/solomon/.config/hypr/wallpapers/2008-Mazda-Furai-Concept-004-1440.jpg
Fri 31 Oct 12:43:55 GMT 2025: Set wallpaper to /home/solomon/.config/hypr/wallpapers/mercedes-w11.webp
Fri 31 Oct 12:45:27 GMT 2025: Set wallpaper to /home/solomon/.config/hypr/wallpapers/mazda-mx5-miata-mazda-3351.jpg
Fri 31 Oct 12:45:50 GMT 2025: Set wallpaper to /home/solomon/.config/hypr/wallpapers/2011-Mercedes-Benz-C63-AMG-Coupe-Black-002-1080.jpg
Fri 31 Oct 12:45:55 GMT 2025: Set wallpaper to /home/solomon/.config/hypr/wallpapers/w05.webp
Fri 31 Oct 12:47:27 GMT 2025: Set wallpaper to /home/solomon/.config/hypr/wallpapers/2015-Porsche-918-Spyder-012-1440.jpg
Fri 31 Oct 12:47:50 GMT 2025: Set wallpaper to /home/solomon/.config/hypr/wallpapers/1968-Lamborghini-Miura-Jota-SVR-001-1080.jpg
Fri 31 Oct 12:47:55 GMT 2025: Set wallpaper to /home/solomon/.config/hypr/wallpapers/2011-Mercedes-Benz-C63-AMG-Coupe-Black-002-1080.jpg
Fri 31 Oct 12:49:27 GMT 2025: Set wallpaper to /home/solomon/.config/hypr/wallpapers/2011-Mercedes-Benz-C63-AMG-Coupe-Black-002-1080.jpg
Fri 31 Oct 12:49:50 GMT 2025: Set wallpaper to /home/solomon/.config/hypr/wallpapers/W11_with_DRS.jpg
Fri 31 Oct 12:49:55 GMT 2025: Set wallpaper to /home/solomon/.config/hypr/wallpapers/w11_pfp.webp
Fri 31 Oct 12:51:27 GMT 2025: Set wallpaper to /home/solomon/.config/hypr/wallpapers/mazda-mx5-miata-mazda-3351.jpg
Fri 31 Oct 12:51:50 GMT 2025: Set wallpaper to /home/solomon/.config/hypr/wallpapers/w05.webp
Fri 31 Oct 12:51:55 GMT 2025: Set wallpaper to /home/solomon/.config/hypr/wallpapers/linux-nitros-dark-ov.jpg
Fri 31 Oct 12:53:27 GMT 2025: Set wallpaper to /home/solomon/.config/hypr/wallpapers/2019-Bugatti-Divo.jpg
Fri 31 Oct 12:53:50 GMT 2025: Set wallpaper to /home/solomon/.config/hypr/wallpapers/1979-Canepa-BMW-M1-Procar_grey.png
Fri 31 Oct 12:53:55 GMT 2025: Set wallpaper to /home/solomon/.config/hypr/wallpapers/1979-Canepa-BMW-M1-Procar_grey.png
Fri 31 Oct 12:55:27 GMT 2025: Set wallpaper to /home/solomon/.config/hypr/wallpapers/W05.jpg
Fri 31 Oct 12:55:50 GMT 2025: Set wallpaper to /home/solomon/.config/hypr/wallpapers/hyprland_wallpaper.png
Fri 31 Oct 12:55:55 GMT 2025: Set wallpaper to /home/solomon/.config/hypr/wallpapers/hamilton_3079629.jpg
Fri 31 Oct 12:57:27 GMT 2025: Set wallpaper to /home/solomon/.config/hypr/wallpapers/SoloLinux4.png
Fri 31 Oct 12:57:50 GMT 2025: Set wallpaper to /home/solomon/.config/hypr/wallpapers/mercedes-w11.webp
Fri 31 Oct 12:57:55 GMT 2025: Set wallpaper to /home/solomon/.config/hypr/wallpapers/simple.png
Fri 31 Oct 12:59:27 GMT 2025: Set wallpaper to /home/solomon/.config/hypr/wallpapers/mazda-mx5-miata-mazda-3351.jpg
Fri 31 Oct 12:59:50 GMT 2025: Set wallpaper to /home/solomon/.config/hypr/wallpapers/1979-Canepa-BMW-M1-Procar_grey.png
Fri 31 Oct 12:59:55 GMT 2025: Set wallpaper to /home/solomon/.config/hypr/wallpapers/mazda-mx5-miata-mazda-3351.jpg
Fri 31 Oct 13:01:27 GMT 2025: Set wallpaper to /home/solomon/.config/hypr/wallpapers/2014-Mercedes-Benz-SLS-AMG-Black-Series-009-1440.jpg
Fri 31 Oct 13:01:50 GMT 2025: Set wallpaper to /home/solomon/.config/hypr/wallpapers/2015-Porsche-918-Spyder-012-1440.jpg
Fri 31 Oct 13:01:55 GMT 2025: Set wallpaper to /home/solomon/.config/hypr/wallpapers/W05.jpg
Fri 31 Oct 13:03:27 GMT 2025: Set wallpaper to /home/solomon/.config/hypr/wallpapers/hyprland_wallpaper.png
Fri 31 Oct 13:03:50 GMT 2025: Set wallpaper to /home/solomon/.config/hypr/wallpapers/2009-Mercedes-Benz-SL-65-AMG-Black-003-1080.jpg
Fri 31 Oct 13:03:55 GMT 2025: Set wallpaper to /home/solomon/.config/hypr/wallpapers/mazda-mx5-miata-mazda-3351.jpg
Fri 31 Oct 13:05:27 GMT 2025: Set wallpaper to /home/solomon/.config/hypr/wallpapers/hyprland_wallpaper.png
Fri 31 Oct 13:05:50 GMT 2025: Set wallpaper to /home/solomon/.config/hypr/wallpapers/thumb-1920-1345403.jpeg
Fri 31 Oct 13:05:55 GMT 2025: Set wallpaper to /home/solomon/.config/hypr/wallpapers/2008-Mazda-Furai-Concept-004-1440.jpg
Fri 31 Oct 13:16:30 GMT 2025: Set wallpaper to /home/solomon/.config/hypr/wallpapers/mercedes-w11.webp
Fri 31 Oct 13:16:52 GMT 2025: Set wallpaper to /home/solomon/.config/hypr/wallpapers/simple.png
Fri 31 Oct 13:16:58 GMT 2025: Set wallpaper to /home/solomon/.config/hypr/wallpapers/linux-nitros-dark-ov.jpg
Fri 31 Oct 13:18:30 GMT 2025: Set wallpaper to /home/solomon/.config/hypr/wallpapers/1968-Lamborghini-Miura-Jota-SVR-001-1080.jpg
Fri 31 Oct 13:18:53 GMT 2025: Set wallpaper to /home/solomon/.config/hypr/wallpapers/1968-Lamborghini-Miura-Jota-SVR-001-1080.jpg
Fri 31 Oct 13:18:58 GMT 2025: Set wallpaper to /home/solomon/.config/hypr/wallpapers/linux-nitros-dark-ov.jpg
Fri 31 Oct 13:20:30 GMT 2025: Set wallpaper to /home/solomon/.config/hypr/wallpapers/2008-Mazda-Furai-Concept_grey.png
Fri 31 Oct 13:20:53 GMT 2025: Set wallpaper to /home/solomon/.config/hypr/wallpapers/2015-Porsche-918-Spyder-012-1440.jpg
Fri 31 Oct 13:20:58 GMT 2025: Set wallpaper to /home/solomon/.config/hypr/wallpapers/W11_with_DRS.jpg
Fri 31 Oct 13:22:30 GMT 2025: Set wallpaper to /home/solomon/.config/hypr/wallpapers/2009-Mercedes-Benz-SL-65-AMG-Black-003-1080.jpg
Fri 31 Oct 13:22:53 GMT 2025: Set wallpaper to /home/solomon/.config/hypr/wallpapers/1979-Canepa-BMW-M1-Procar_grey.png
Fri 31 Oct 13:22:58 GMT 2025: Set wallpaper to /home/solomon/.config/hypr/wallpapers/thumb-1920-1345403.jpeg
Fri 31 Oct 13:24:30 GMT 2025: Set wallpaper to /home/solomon/.config/hypr/wallpapers/thumb-1920-1345403.jpeg
Fri 31 Oct 13:24:53 GMT 2025: Set wallpaper to /home/solomon/.config/hypr/wallpapers/2014-Mercedes-Benz-SLS-AMG-Black-Series-009-1440.jpg
Fri 31 Oct 13:24:58 GMT 2025: Set wallpaper to /home/solomon/.config/hypr/wallpapers/w11_wets.webp
Fri 31 Oct 13:26:30 GMT 2025: Set wallpaper to /home/solomon/.config/hypr/wallpapers/2019-Bugatti-Divo.jpg
Fri 31 Oct 13:26:53 GMT 2025: Set wallpaper to /home/solomon/.config/hypr/wallpapers/2008-Mazda-Furai-Concept_grey.png
Fri 31 Oct 13:26:58 GMT 2025: Set wallpaper to /home/solomon/.config/hypr/wallpapers/2008-Mazda-Furai-Concept_grey.png
Fri 31 Oct 13:28:30 GMT 2025: Set wallpaper to /home/solomon/.config/hypr/wallpapers/1968-Lamborghini-Miura-Jota-SVR-001-1080.jpg
Fri 31 Oct 13:28:53 GMT 2025: Set wallpaper to /home/solomon/.config/hypr/wallpapers/SoloLinux4.png
Fri 31 Oct 13:28:58 GMT 2025: Set wallpaper to /home/solomon/.config/hypr/wallpapers/2008-Mazda-Furai-Concept_grey.png
Fri 31 Oct 13:30:30 GMT 2025: Set wallpaper to /home/solomon/.config/hypr/wallpapers/2009-Mercedes-Benz-SL-65-AMG-Black-003-1080.jpg
Fri 31 Oct 13:30:53 GMT 2025: Set wallpaper to /home/solomon/.config/hypr/wallpapers/SoloLinux4.png
Fri 31 Oct 13:30:58 GMT 2025: Set wallpaper to /home/solomon/.config/hypr/wallpapers/astize_cc0_split1.png
Fri 31 Oct 13:32:31 GMT 2025: Set wallpaper to /home/solomon/.config/hypr/wallpapers/mazda-mx5-miata-mazda-3351.jpg
Fri 31 Oct 13:32:53 GMT 2025: Set wallpaper to /home/solomon/.config/hypr/wallpapers/astize_cc0_split1.png
Fri 31 Oct 13:32:59 GMT 2025: Set wallpaper to /home/solomon/.config/hypr/wallpapers/linux-nitros-dark-ov.jpg
Fri 31 Oct 13:34:31 GMT 2025: Set wallpaper to /home/solomon/.config/hypr/wallpapers/1968-Lamborghini-Miura-Jota-SVR-001-1080.jpg
Fri 31 Oct 13:34:53 GMT 2025: Set wallpaper to /home/solomon/.config/hypr/wallpapers/hamilton_3079629.jpg
Fri 31 Oct 13:34:59 GMT 2025: Set wallpaper to /home/solomon/.config/hypr/wallpapers/2008-Mazda-Furai-Concept-004-1440.jpg
Fri 31 Oct 13:36:31 GMT 2025: Set wallpaper to /home/solomon/.config/hypr/wallpapers/2008-Mazda-Furai-Concept_grey.png
Fri 31 Oct 13:36:53 GMT 2025: Set wallpaper to /home/solomon/.config/hypr/wallpapers/1968-Lamborghini-Miura-Jota-SVR-001-1080.jpg
Fri 31 Oct 13:36:59 GMT 2025: Set wallpaper to /home/solomon/.config/hypr/wallpapers/2019-Bugatti-Divo.jpg
Fri 31 Oct 13:38:31 GMT 2025: Set wallpaper to /home/solomon/.config/hypr/wallpapers/W11_with_DRS.jpg
Fri 31 Oct 13:38:53 GMT 2025: Set wallpaper to /home/solomon/.config/hypr/wallpapers/2014-Mercedes-Benz-SLS-AMG-Black-Series-009-1440.jpg
Fri 31 Oct 13:38:59 GMT 2025: Set wallpaper to /home/solomon/.config/hypr/wallpapers/SoloLinux4.png
Fri 31 Oct 13:40:31 GMT 2025: Set wallpaper to /home/solomon/.config/hypr/wallpapers/thumb-1920-1345403.jpeg
Fri 31 Oct 13:40:53 GMT 2025: Set wallpaper to /home/solomon/.config/hypr/wallpapers/2015-Porsche-918-Spyder-012-1440.jpg
Fri 31 Oct 13:40:59 GMT 2025: Set wallpaper to /home/solomon/.config/hypr/wallpapers/2009-Mercedes-Benz-SL-65-AMG-Black-003-1080.jpg
Fri 31 Oct 13:42:31 GMT 2025: Set wallpaper to /home/solomon/.config/hypr/wallpapers/mercedes-w11.webp
Fri 31 Oct 13:42:53 GMT 2025: Set wallpaper to /home/solomon/.config/hypr/wallpapers/w05.webp
Fri 31 Oct 13:42:59 GMT 2025: Set wallpaper to /home/solomon/.config/hypr/wallpapers/thumb-1920-1345403.jpeg
Fri 31 Oct 13:44:31 GMT 2025: Set wallpaper to /home/solomon/.config/hypr/wallpapers/hyprland_wallpaper.png
Fri 31 Oct 13:44:53 GMT 2025: Set wallpaper to /home/solomon/.config/hypr/wallpapers/w05.webp
Fri 31 Oct 13:44:59 GMT 2025: Set wallpaper to /home/solomon/.config/hypr/wallpapers/simple.png
Fri 31 Oct 13:46:31 GMT 2025: Set wallpaper to /home/solomon/.config/hypr/wallpapers/2011-Mercedes-Benz-C63-AMG-Coupe-Black-001-1080.jpg
Fri 31 Oct 13:46:53 GMT 2025: Set wallpaper to /home/solomon/.config/hypr/wallpapers/1968-Lamborghini-Miura-Jota-SVR-001-1080.jpg
Fri 31 Oct 13:46:59 GMT 2025: Set wallpaper to /home/solomon/.config/hypr/wallpapers/W05.jpg
Fri 31 Oct 13:48:31 GMT 2025: Set wallpaper to /home/solomon/.config/hypr/wallpapers/2015-Porsche-918-Spyder-012-1440.jpg
Fri 31 Oct 13:48:53 GMT 2025: Set wallpaper to /home/solomon/.config/hypr/wallpapers/SilverW11.jpg
Fri 31 Oct 13:48:59 GMT 2025: Set wallpaper to /home/solomon/.config/hypr/wallpapers/2008-Mazda-Furai-Concept_grey.png
Fri 31 Oct 13:50:31 GMT 2025: Set wallpaper to /home/solomon/.config/hypr/wallpapers/2009-Mercedes-Benz-SL-65-AMG-Black-003-1080.jpg
Fri 31 Oct 13:50:53 GMT 2025: Set wallpaper to /home/solomon/.config/hypr/wallpapers/w11_pfp.webp
Fri 31 Oct 13:50:59 GMT 2025: Set wallpaper to /home/solomon/.config/hypr/wallpapers/w05.webp
Fri 31 Oct 13:52:31 GMT 2025: Set wallpaper to /home/solomon/.config/hypr/wallpapers/mercedes-w11.webp
Fri 31 Oct 13:52:53 GMT 2025: Set wallpaper to /home/solomon/.config/hypr/wallpapers/1968-Lamborghini-Miura-Jota-SVR-001-1080.jpg
Fri 31 Oct 13:52:59 GMT 2025: Set wallpaper to /home/solomon/.config/hypr/wallpapers/1968-Lamborghini-Miura-Jota-SVR-001-1080.jpg
Fri 31 Oct 13:54:31 GMT 2025: Set wallpaper to /home/solomon/.config/hypr/wallpapers/2011-Mercedes-Benz-C63-AMG-Coupe-Black-001-1080.jpg
Fri 31 Oct 13:54:53 GMT 2025: Set wallpaper to /home/solomon/.config/hypr/wallpapers/linux-nitros-dark-ov.jpg
Fri 31 Oct 13:54:59 GMT 2025: Set wallpaper to /home/solomon/.config/hypr/wallpapers/1979-Canepa-BMW-M1-Procar_grey.png
Fri 31 Oct 13:56:31 GMT 2025: Set wallpaper to /home/solomon/.config/hypr/wallpapers/2008-Mazda-Furai-Concept_grey.png
Fri 31 Oct 13:56:54 GMT 2025: Set wallpaper to /home/solomon/.config/hypr/wallpapers/W05.jpg
Fri 31 Oct 13:56:59 GMT 2025: Set wallpaper to /home/solomon/.config/hypr/wallpapers/simple.png
Fri 31 Oct 13:58:31 GMT 2025: Set wallpaper to /home/solomon/.config/hypr/wallpapers/2005-Ferrari-F430-007-1080.jpg
Fri 31 Oct 13:58:54 GMT 2025: Set wallpaper to /home/solomon/.config/hypr/wallpapers/hyprland_wallpaper.png
Fri 31 Oct 13:58:59 GMT 2025: Set wallpaper to /home/solomon/.config/hypr/wallpapers/astize_cc0_split1.png
Fri 31 Oct 14:00:31 GMT 2025: Set wallpaper to /home/solomon/.config/hypr/wallpapers/W11_with_DRS.jpg
Fri 31 Oct 14:00:54 GMT 2025: Set wallpaper to /home/solomon/.config/hypr/wallpapers/2005-Ferrari-F430-007-1080.jpg
Fri 31 Oct 14:00:59 GMT 2025: Set wallpaper to /home/solomon/.config/hypr/wallpapers/2015-Porsche-918-Spyder-012-1440.jpg
Fri 31 Oct 14:02:31 GMT 2025: Set wallpaper to /home/solomon/.config/hypr/wallpapers/W11_with_DRS.jpg
Fri 31 Oct 14:02:54 GMT 2025: Set wallpaper to /home/solomon/.config/hypr/wallpapers/w05.webp
Fri 31 Oct 14:02:59 GMT 2025: Set wallpaper to /home/solomon/.config/hypr/wallpapers/mercedes_amg_f1_m11_eq_performance_4k-HD.jpg
Fri 31 Oct 14:04:31 GMT 2025: Set wallpaper to /home/solomon/.config/hypr/wallpapers/hyprland_wallpaper.png
Fri 31 Oct 14:11:09 GMT 2025: Set wallpaper to /home/solomon/.config/hypr/wallpapers/2014-Mercedes-Benz-SLS-AMG-Black-Series-009-1440.jpg
Fri 31 Oct 14:11:15 GMT 2025: Set wallpaper to /home/solomon/.config/hypr/wallpapers/SilverW11.jpg
Fri 31 Oct 14:12:47 GMT 2025: Set wallpaper to /home/solomon/.config/hypr/wallpapers/1979-Canepa-BMW-M1-Procar_grey.png
Fri 31 Oct 14:13:09 GMT 2025: Set wallpaper to /home/solomon/.config/hypr/wallpapers/linux-nitros-dark-ov.jpg
Fri 31 Oct 14:13:15 GMT 2025: Set wallpaper to /home/solomon/.config/hypr/wallpapers/2008-Mazda-Furai-Concept-004-1440.jpg
Fri 31 Oct 14:14:47 GMT 2025: Set wallpaper to /home/solomon/.config/hypr/wallpapers/2011-Mercedes-Benz-C63-AMG-Coupe-Black-002-1080.jpg
Fri 31 Oct 14:15:09 GMT 2025: Set wallpaper to /home/solomon/.config/hypr/wallpapers/W11_with_DRS.jpg
Fri 31 Oct 14:15:15 GMT 2025: Set wallpaper to /home/solomon/.config/hypr/wallpapers/2009-Mercedes-Benz-SL-65-AMG-Black-003-1080.jpg
Fri 31 Oct 14:16:47 GMT 2025: Set wallpaper to /home/solomon/.config/hypr/wallpapers/w11_wets.webp
Fri 31 Oct 14:17:09 GMT 2025: Set wallpaper to /home/solomon/.config/hypr/wallpapers/w11_pfp.webp
Fri 31 Oct 14:17:15 GMT 2025: Set wallpaper to /home/solomon/.config/hypr/wallpapers/2009-Mercedes-Benz-SL-65-AMG-Black-003-1080.jpg
Fri 31 Oct 14:18:47 GMT 2025: Set wallpaper to /home/solomon/.config/hypr/wallpapers/1979-Canepa-BMW-M1-Procar_grey.png
Fri 31 Oct 14:19:09 GMT 2025: Set wallpaper to /home/solomon/.config/hypr/wallpapers/2009-Mercedes-Benz-SL-65-AMG-Black-003-1080.jpg
Fri 31 Oct 14:19:15 GMT 2025: Set wallpaper to /home/solomon/.config/hypr/wallpapers/2005-Ferrari-F430-007-1080.jpg
Fri 31 Oct 14:20:47 GMT 2025: Set wallpaper to /home/solomon/.config/hypr/wallpapers/2005-Ferrari-F430-007-1080.jpg
Fri 31 Oct 14:21:10 GMT 2025: Set wallpaper to /home/solomon/.config/hypr/wallpapers/2011-Mercedes-Benz-C63-AMG-Coupe-Black-001-1080.jpg
Fri 31 Oct 14:21:15 GMT 2025: Set wallpaper to /home/solomon/.config/hypr/wallpapers/SilverW11.jpg
Fri 31 Oct 14:22:47 GMT 2025: Set wallpaper to /home/solomon/.config/hypr/wallpapers/2011-Mercedes-Benz-C63-AMG-Coupe-Black-002-1080.jpg
Fri 31 Oct 14:23:10 GMT 2025: Set wallpaper to /home/solomon/.config/hypr/wallpapers/2005-Ferrari-F430-007-1080.jpg
Fri 31 Oct 14:23:15 GMT 2025: Set wallpaper to /home/solomon/.config/hypr/wallpapers/2005-Ferrari-F430-007-1080.jpg
Fri 31 Oct 14:24:47 GMT 2025: Set wallpaper to /home/solomon/.config/hypr/wallpapers/mercedes_amg_f1_m11_eq_performance_4k-HD.jpg
Fri 31 Oct 14:25:10 GMT 2025: Set wallpaper to /home/solomon/.config/hypr/wallpapers/SoloLinux4.png
Fri 31 Oct 14:25:15 GMT 2025: Set wallpaper to /home/solomon/.config/hypr/wallpapers/1968-Lamborghini-Miura-Jota-SVR-001-1080.jpg
Fri 31 Oct 14:26:47 GMT 2025: Set wallpaper to /home/solomon/.config/hypr/wallpapers/2008-Mazda-Furai-Concept_grey.png
Fri 31 Oct 14:27:10 GMT 2025: Set wallpaper to /home/solomon/.config/hypr/wallpapers/W05.jpg
Fri 31 Oct 14:27:15 GMT 2025: Set wallpaper to /home/solomon/.config/hypr/wallpapers/SoloLinux4.png
Fri 31 Oct 14:28:47 GMT 2025: Set wallpaper to /home/solomon/.config/hypr/wallpapers/w11_wets.webp
Fri 31 Oct 14:29:10 GMT 2025: Set wallpaper to /home/solomon/.config/hypr/wallpapers/w11_wets.webp
Fri 31 Oct 14:29:15 GMT 2025: Set wallpaper to /home/solomon/.config/hypr/wallpapers/SilverW11.jpg
Fri 31 Oct 14:30:47 GMT 2025: Set wallpaper to /home/solomon/.config/hypr/wallpapers/SoloLinux4.png
Fri 31 Oct 14:31:10 GMT 2025: Set wallpaper to /home/solomon/.config/hypr/wallpapers/2014-Mercedes-Benz-SLS-AMG-Black-Series-009-1440.jpg
Fri 31 Oct 14:31:15 GMT 2025: Set wallpaper to /home/solomon/.config/hypr/wallpapers/hyprland_wallpaper.png
Fri 31 Oct 14:32:47 GMT 2025: Set wallpaper to /home/solomon/.config/hypr/wallpapers/w05.webp
Fri 31 Oct 14:33:10 GMT 2025: Set wallpaper to /home/solomon/.config/hypr/wallpapers/W11_with_DRS.jpg
Fri 31 Oct 14:33:15 GMT 2025: Set wallpaper to /home/solomon/.config/hypr/wallpapers/w05.webp
Fri 31 Oct 14:34:47 GMT 2025: Set wallpaper to /home/solomon/.config/hypr/wallpapers/2014-Mercedes-Benz-SLS-AMG-Black-Series-009-1440.jpg
Fri 31 Oct 14:35:10 GMT 2025: Set wallpaper to /home/solomon/.config/hypr/wallpapers/W11_with_DRS.jpg
Fri 31 Oct 14:35:15 GMT 2025: Set wallpaper to /home/solomon/.config/hypr/wallpapers/linux-nitros-dark-ov.jpg
Fri 31 Oct 14:36:47 GMT 2025: Set wallpaper to /home/solomon/.config/hypr/wallpapers/SilverW11.jpg
Fri 31 Oct 14:37:10 GMT 2025: Set wallpaper to /home/solomon/.config/hypr/wallpapers/hyprland_wallpaper.png
Fri 31 Oct 14:37:15 GMT 2025: Set wallpaper to /home/solomon/.config/hypr/wallpapers/W11_with_DRS.jpg
Fri 31 Oct 14:38:47 GMT 2025: Set wallpaper to /home/solomon/.config/hypr/wallpapers/w05.webp
Fri 31 Oct 14:39:10 GMT 2025: Set wallpaper to /home/solomon/.config/hypr/wallpapers/2005-Ferrari-F430-007-1080.jpg
Fri 31 Oct 14:39:15 GMT 2025: Set wallpaper to /home/solomon/.config/hypr/wallpapers/mercedes_amg_f1_m11_eq_performance_4k-HD.jpg
Fri 31 Oct 14:40:47 GMT 2025: Set wallpaper to /home/solomon/.config/hypr/wallpapers/2008-Mazda-Furai-Concept_grey.png
Fri 31 Oct 14:41:10 GMT 2025: Set wallpaper to /home/solomon/.config/hypr/wallpapers/mercedes-w11.webp
Fri 31 Oct 14:41:15 GMT 2025: Set wallpaper to /home/solomon/.config/hypr/wallpapers/2019-Bugatti-Divo.jpg
Fri 31 Oct 14:42:47 GMT 2025: Set wallpaper to /home/solomon/.config/hypr/wallpapers/mazda-mx5-miata-mazda-3351.jpg
Fri 31 Oct 14:43:10 GMT 2025: Set wallpaper to /home/solomon/.config/hypr/wallpapers/thumb-1920-1345403.jpeg
Fri 31 Oct 14:43:15 GMT 2025: Set wallpaper to /home/solomon/.config/hypr/wallpapers/1979-Canepa-BMW-M1-Procar_grey.png
Fri 31 Oct 14:44:47 GMT 2025: Set wallpaper to /home/solomon/.config/hypr/wallpapers/mercedes-w11.webp
Fri 31 Oct 14:45:10 GMT 2025: Set wallpaper to /home/solomon/.config/hypr/wallpapers/2008-Mazda-Furai-Concept_grey.png
Fri 31 Oct 14:45:15 GMT 2025: Set wallpaper to /home/solomon/.config/hypr/wallpapers/hamilton_3079629.jpg
Fri 31 Oct 14:46:47 GMT 2025: Set wallpaper to /home/solomon/.config/hypr/wallpapers/simple.png
Fri 31 Oct 14:47:10 GMT 2025: Set wallpaper to /home/solomon/.config/hypr/wallpapers/SoloLinux4.png
Fri 31 Oct 14:47:16 GMT 2025: Set wallpaper to /home/solomon/.config/hypr/wallpapers/2009-Mercedes-Benz-SL-65-AMG-Black-003-1080.jpg
Fri 31 Oct 14:48:47 GMT 2025: Set wallpaper to /home/solomon/.config/hypr/wallpapers/W05.jpg
Fri 31 Oct 14:49:10 GMT 2025: Set wallpaper to /home/solomon/.config/hypr/wallpapers/w05.webp
Fri 31 Oct 14:49:16 GMT 2025: Set wallpaper to /home/solomon/.config/hypr/wallpapers/2011-Mercedes-Benz-C63-AMG-Coupe-Black-002-1080.jpg
Fri 31 Oct 14:50:47 GMT 2025: Set wallpaper to /home/solomon/.config/hypr/wallpapers/1979-Canepa-BMW-M1-Procar_grey.png
Fri 31 Oct 14:51:10 GMT 2025: Set wallpaper to /home/solomon/.config/hypr/wallpapers/w11_pfp.webp
Fri 31 Oct 14:51:16 GMT 2025: Set wallpaper to /home/solomon/.config/hypr/wallpapers/w05.webp
Fri 31 Oct 14:52:47 GMT 2025: Set wallpaper to /home/solomon/.config/hypr/wallpapers/2008-Mazda-Furai-Concept_grey.png
Fri 31 Oct 14:53:10 GMT 2025: Set wallpaper to /home/solomon/.config/hypr/wallpapers/w05.webp
Fri 31 Oct 14:53:16 GMT 2025: Set wallpaper to /home/solomon/.config/hypr/wallpapers/2005-Ferrari-F430-007-1080.jpg
Fri 31 Oct 14:54:47 GMT 2025: Set wallpaper to /home/solomon/.config/hypr/wallpapers/2009-Mercedes-Benz-SL-65-AMG-Black-003-1080.jpg
Fri 31 Oct 14:55:10 GMT 2025: Set wallpaper to /home/solomon/.config/hypr/wallpapers/2019-Bugatti-Divo.jpg
Fri 31 Oct 14:55:16 GMT 2025: Set wallpaper to /home/solomon/.config/hypr/wallpapers/2019-Bugatti-Divo.jpg
Fri 31 Oct 14:56:47 GMT 2025: Set wallpaper to /home/solomon/.config/hypr/wallpapers/2011-Mercedes-Benz-C63-AMG-Coupe-Black-002-1080.jpg
Fri 31 Oct 14:57:10 GMT 2025: Set wallpaper to /home/solomon/.config/hypr/wallpapers/2015-Porsche-918-Spyder-012-1440.jpg
Fri 31 Oct 14:57:16 GMT 2025: Set wallpaper to /home/solomon/.config/hypr/wallpapers/linux-nitros-dark-ov.jpg
Fri 31 Oct 14:58:47 GMT 2025: Set wallpaper to /home/solomon/.config/hypr/wallpapers/linux-nitros-dark-ov.jpg
Fri 31 Oct 14:59:10 GMT 2025: Set wallpaper to /home/solomon/.config/hypr/wallpapers/2008-Mazda-Furai-Concept-004-1440.jpg
Fri 31 Oct 14:59:16 GMT 2025: Set wallpaper to /home/solomon/.config/hypr/wallpapers/thumb-1920-1345403.jpeg
Fri 31 Oct 15:00:47 GMT 2025: Set wallpaper to /home/solomon/.config/hypr/wallpapers/2005-Ferrari-F430-007-1080.jpg
Fri 31 Oct 15:01:10 GMT 2025: Set wallpaper to /home/solomon/.config/hypr/wallpapers/2019-Bugatti-Divo.jpg
Fri 31 Oct 15:01:16 GMT 2025: Set wallpaper to /home/solomon/.config/hypr/wallpapers/astize_cc0_split1.png
Fri 31 Oct 15:02:47 GMT 2025: Set wallpaper to /home/solomon/.config/hypr/wallpapers/linux-nitros-dark-ov.jpg
Fri 31 Oct 15:03:10 GMT 2025: Set wallpaper to /home/solomon/.config/hypr/wallpapers/2015-Porsche-918-Spyder-012-1440.jpg
Fri 31 Oct 15:03:16 GMT 2025: Set wallpaper to /home/solomon/.config/hypr/wallpapers/2008-Mazda-Furai-Concept-004-1440.jpg
Fri 31 Oct 15:04:47 GMT 2025: Set wallpaper to /home/solomon/.config/hypr/wallpapers/mazda-mx5-miata-mazda-3351.jpg
Fri 31 Oct 15:05:10 GMT 2025: Set wallpaper to /home/solomon/.config/hypr/wallpapers/2008-Mazda-Furai-Concept_grey.png
Fri 31 Oct 15:05:16 GMT 2025: Set wallpaper to /home/solomon/.config/hypr/wallpapers/2008-Mazda-Furai-Concept-004-1440.jpg
Fri 31 Oct 16:21:19 GMT 2025: Set wallpaper to /home/solomon/.config/hypr/wallpapers/2009-Mercedes-Benz-SL-65-AMG-Black-003-1080.jpg
Fri 31 Oct 16:21:42 GMT 2025: Set wallpaper to /home/solomon/.config/hypr/wallpapers/2019-Bugatti-Divo.jpg
Fri 31 Oct 16:21:47 GMT 2025: Set wallpaper to /home/solomon/.config/hypr/wallpapers/W11_with_DRS.jpg
Fri 31 Oct 16:23:19 GMT 2025: Set wallpaper to /home/solomon/.config/hypr/wallpapers/W11_with_DRS.jpg
Fri 31 Oct 16:23:42 GMT 2025: Set wallpaper to /home/solomon/.config/hypr/wallpapers/2008-Mazda-Furai-Concept-004-1440.jpg
Fri 31 Oct 16:23:47 GMT 2025: Set wallpaper to /home/solomon/.config/hypr/wallpapers/2011-Mercedes-Benz-C63-AMG-Coupe-Black-002-1080.jpg
Fri 31 Oct 16:25:19 GMT 2025: Set wallpaper to /home/solomon/.config/hypr/wallpapers/2015-Porsche-918-Spyder-012-1440.jpg
Fri 31 Oct 16:25:42 GMT 2025: Set wallpaper to /home/solomon/.config/hypr/wallpapers/mercedes-w11.webp
Fri 31 Oct 16:25:47 GMT 2025: Set wallpaper to /home/solomon/.config/hypr/wallpapers/2011-Mercedes-Benz-C63-AMG-Coupe-Black-001-1080.jpg
Fri 31 Oct 16:27:19 GMT 2025: Set wallpaper to /home/solomon/.config/hypr/wallpapers/w05.webp
Fri 31 Oct 16:27:42 GMT 2025: Set wallpaper to /home/solomon/.config/hypr/wallpapers/w05.webp
Fri 31 Oct 16:27:48 GMT 2025: Set wallpaper to /home/solomon/.config/hypr/wallpapers/2014-Mercedes-Benz-SLS-AMG-Black-Series-009-1440.jpg
Fri 31 Oct 16:29:19 GMT 2025: Set wallpaper to /home/solomon/.config/hypr/wallpapers/mercedes_amg_f1_m11_eq_performance_4k-HD.jpg
Fri 31 Oct 16:29:42 GMT 2025: Set wallpaper to /home/solomon/.config/hypr/wallpapers/2009-Mercedes-Benz-SL-65-AMG-Black-003-1080.jpg
Fri 31 Oct 16:29:48 GMT 2025: Set wallpaper to /home/solomon/.config/hypr/wallpapers/1968-Lamborghini-Miura-Jota-SVR-001-1080.jpg
Fri 31 Oct 16:31:19 GMT 2025: Set wallpaper to /home/solomon/.config/hypr/wallpapers/2019-Bugatti-Divo.jpg
Fri 31 Oct 16:31:42 GMT 2025: Set wallpaper to /home/solomon/.config/hypr/wallpapers/mercedes-w11.webp
Fri 31 Oct 16:31:48 GMT 2025: Set wallpaper to /home/solomon/.config/hypr/wallpapers/2009-Mercedes-Benz-SL-65-AMG-Black-003-1080.jpg
Fri 31 Oct 16:33:19 GMT 2025: Set wallpaper to /home/solomon/.config/hypr/wallpapers/w11_pfp.webp
Fri 31 Oct 16:33:42 GMT 2025: Set wallpaper to /home/solomon/.config/hypr/wallpapers/W05.jpg
Fri 31 Oct 16:33:48 GMT 2025: Set wallpaper to /home/solomon/.config/hypr/wallpapers/1979-Canepa-BMW-M1-Procar_grey.png
Fri 31 Oct 16:35:19 GMT 2025: Set wallpaper to /home/solomon/.config/hypr/wallpapers/2011-Mercedes-Benz-C63-AMG-Coupe-Black-002-1080.jpg
Fri 31 Oct 16:35:42 GMT 2025: Set wallpaper to /home/solomon/.config/hypr/wallpapers/SoloLinux4.png
Fri 31 Oct 16:35:48 GMT 2025: Set wallpaper to /home/solomon/.config/hypr/wallpapers/2015-Porsche-918-Spyder-012-1440.jpg
Fri 31 Oct 16:37:19 GMT 2025: Set wallpaper to /home/solomon/.config/hypr/wallpapers/2008-Mazda-Furai-Concept_grey.png
Fri 31 Oct 16:37:42 GMT 2025: Set wallpaper to /home/solomon/.config/hypr/wallpapers/mercedes-w11.webp
Fri 31 Oct 16:37:48 GMT 2025: Set wallpaper to /home/solomon/.config/hypr/wallpapers/1968-Lamborghini-Miura-Jota-SVR-001-1080.jpg
Fri 31 Oct 16:39:19 GMT 2025: Set wallpaper to /home/solomon/.config/hypr/wallpapers/thumb-1920-1345403.jpeg
Fri 31 Oct 16:39:42 GMT 2025: Set wallpaper to /home/solomon/.config/hypr/wallpapers/2009-Mercedes-Benz-SL-65-AMG-Black-003-1080.jpg
Fri 31 Oct 16:39:48 GMT 2025: Set wallpaper to /home/solomon/.config/hypr/wallpapers/2015-Porsche-918-Spyder-012-1440.jpg
Fri 31 Oct 16:41:19 GMT 2025: Set wallpaper to /home/solomon/.config/hypr/wallpapers/SilverW11.jpg
Fri 31 Oct 16:41:42 GMT 2025: Set wallpaper to /home/solomon/.config/hypr/wallpapers/w11_pfp.webp
Fri 31 Oct 16:41:48 GMT 2025: Set wallpaper to /home/solomon/.config/hypr/wallpapers/linux-nitros-dark-ov.jpg
Fri 31 Oct 16:43:19 GMT 2025: Set wallpaper to /home/solomon/.config/hypr/wallpapers/astize_cc0_split1.png
Fri 31 Oct 16:43:42 GMT 2025: Set wallpaper to /home/solomon/.config/hypr/wallpapers/2011-Mercedes-Benz-C63-AMG-Coupe-Black-001-1080.jpg
Fri 31 Oct 16:43:48 GMT 2025: Set wallpaper to /home/solomon/.config/hypr/wallpapers/W11_with_DRS.jpg
Fri 31 Oct 16:45:19 GMT 2025: Set wallpaper to /home/solomon/.config/hypr/wallpapers/2015-Porsche-918-Spyder-012-1440.jpg
Fri 31 Oct 16:45:42 GMT 2025: Set wallpaper to /home/solomon/.config/hypr/wallpapers/simple.png
Fri 31 Oct 16:45:48 GMT 2025: Set wallpaper to /home/solomon/.config/hypr/wallpapers/2008-Mazda-Furai-Concept-004-1440.jpg
Fri 31 Oct 16:47:19 GMT 2025: Set wallpaper to /home/solomon/.config/hypr/wallpapers/hyprland_wallpaper.png
Fri 31 Oct 16:47:42 GMT 2025: Set wallpaper to /home/solomon/.config/hypr/wallpapers/hamilton_3079629.jpg
Fri 31 Oct 16:47:48 GMT 2025: Set wallpaper to /home/solomon/.config/hypr/wallpapers/mercedes-w11.webp
Fri 31 Oct 16:49:19 GMT 2025: Set wallpaper to /home/solomon/.config/hypr/wallpapers/2009-Mercedes-Benz-SL-65-AMG-Black-003-1080.jpg
Fri 31 Oct 16:49:42 GMT 2025: Set wallpaper to /home/solomon/.config/hypr/wallpapers/w11_pfp.webp
Fri 31 Oct 16:49:48 GMT 2025: Set wallpaper to /home/solomon/.config/hypr/wallpapers/2011-Mercedes-Benz-C63-AMG-Coupe-Black-001-1080.jpg
Fri 31 Oct 16:51:19 GMT 2025: Set wallpaper to /home/solomon/.config/hypr/wallpapers/simple.png
Fri 31 Oct 16:51:42 GMT 2025: Set wallpaper to /home/solomon/.config/hypr/wallpapers/mazda-mx5-miata-mazda-3351.jpg
Fri 31 Oct 16:51:48 GMT 2025: Set wallpaper to /home/solomon/.config/hypr/wallpapers/1979-Canepa-BMW-M1-Procar_grey.png
Fri 31 Oct 16:53:19 GMT 2025: Set wallpaper to /home/solomon/.config/hypr/wallpapers/SoloLinux4.png
Fri 31 Oct 16:53:42 GMT 2025: Set wallpaper to /home/solomon/.config/hypr/wallpapers/mazda-mx5-miata-mazda-3351.jpg
Fri 31 Oct 16:53:48 GMT 2025: Set wallpaper to /home/solomon/.config/hypr/wallpapers/mercedes_amg_f1_m11_eq_performance_4k-HD.jpg
Fri 31 Oct 16:55:19 GMT 2025: Set wallpaper to /home/solomon/.config/hypr/wallpapers/2008-Mazda-Furai-Concept_grey.png
Fri 31 Oct 16:55:42 GMT 2025: Set wallpaper to /home/solomon/.config/hypr/wallpapers/mercedes-w11.webp
Fri 31 Oct 16:55:48 GMT 2025: Set wallpaper to /home/solomon/.config/hypr/wallpapers/2011-Mercedes-Benz-C63-AMG-Coupe-Black-002-1080.jpg
Fri 31 Oct 16:57:19 GMT 2025: Set wallpaper to /home/solomon/.config/hypr/wallpapers/2019-Bugatti-Divo.jpg
Fri 31 Oct 16:57:42 GMT 2025: Set wallpaper to /home/solomon/.config/hypr/wallpapers/1979-Canepa-BMW-M1-Procar_grey.png
Fri 31 Oct 16:57:48 GMT 2025: Set wallpaper to /home/solomon/.config/hypr/wallpapers/SilverW11.jpg
Fri 31 Oct 16:59:19 GMT 2025: Set wallpaper to /home/solomon/.config/hypr/wallpapers/thumb-1920-1345403.jpeg
Fri 31 Oct 16:59:42 GMT 2025: Set wallpaper to /home/solomon/.config/hypr/wallpapers/w11_wets.webp
Fri 31 Oct 16:59:48 GMT 2025: Set wallpaper to /home/solomon/.config/hypr/wallpapers/2011-Mercedes-Benz-C63-AMG-Coupe-Black-002-1080.jpg
Fri 31 Oct 17:01:19 GMT 2025: Set wallpaper to /home/solomon/.config/hypr/wallpapers/mercedes_amg_f1_m11_eq_performance_4k-HD.jpg
Fri 31 Oct 17:01:42 GMT 2025: Set wallpaper to /home/solomon/.config/hypr/wallpapers/hamilton_3079629.jpg
Fri 31 Oct 17:01:48 GMT 2025: Set wallpaper to /home/solomon/.config/hypr/wallpapers/2019-Bugatti-Divo.jpg
Fri 31 Oct 17:03:19 GMT 2025: Set wallpaper to /home/solomon/.config/hypr/wallpapers/SoloLinux4.png
Fri 31 Oct 17:03:42 GMT 2025: Set wallpaper to /home/solomon/.config/hypr/wallpapers/hamilton_3079629.jpg
Fri 31 Oct 17:03:48 GMT 2025: Set wallpaper to /home/solomon/.config/hypr/wallpapers/2011-Mercedes-Benz-C63-AMG-Coupe-Black-002-1080.jpg
Fri 31 Oct 17:05:19 GMT 2025: Set wallpaper to /home/solomon/.config/hypr/wallpapers/2015-Porsche-918-Spyder-012-1440.jpg
Fri 31 Oct 17:05:42 GMT 2025: Set wallpaper to /home/solomon/.config/hypr/wallpapers/2014-Mercedes-Benz-SLS-AMG-Black-Series-009-1440.jpg
Fri 31 Oct 17:05:48 GMT 2025: Set wallpaper to /home/solomon/.config/hypr/wallpapers/linux-nitros-dark-ov.jpg
Fri 31 Oct 17:07:19 GMT 2025: Set wallpaper to /home/solomon/.config/hypr/wallpapers/w11_wets.webp
Fri 31 Oct 17:07:42 GMT 2025: Set wallpaper to /home/solomon/.config/hypr/wallpapers/1979-Canepa-BMW-M1-Procar_grey.png
Fri 31 Oct 17:07:48 GMT 2025: Set wallpaper to /home/solomon/.config/hypr/wallpapers/mazda-mx5-miata-mazda-3351.jpg
Fri 31 Oct 17:09:19 GMT 2025: Set wallpaper to /home/solomon/.config/hypr/wallpapers/2011-Mercedes-Benz-C63-AMG-Coupe-Black-002-1080.jpg
Fri 31 Oct 17:09:42 GMT 2025: Set wallpaper to /home/solomon/.config/hypr/wallpapers/w05.webp
Fri 31 Oct 17:09:48 GMT 2025: Set wallpaper to /home/solomon/.config/hypr/wallpapers/linux-nitros-dark-ov.jpg
Fri 31 Oct 17:11:19 GMT 2025: Set wallpaper to /home/solomon/.config/hypr/wallpapers/W05.jpg
Fri 31 Oct 17:11:42 GMT 2025: Set wallpaper to /home/solomon/.config/hypr/wallpapers/W05.jpg
Fri 31 Oct 17:11:48 GMT 2025: Set wallpaper to /home/solomon/.config/hypr/wallpapers/linux-nitros-dark-ov.jpg
Fri 31 Oct 17:13:19 GMT 2025: Set wallpaper to /home/solomon/.config/hypr/wallpapers/w11_pfp.webp
Fri 31 Oct 17:13:42 GMT 2025: Set wallpaper to /home/solomon/.config/hypr/wallpapers/2011-Mercedes-Benz-C63-AMG-Coupe-Black-001-1080.jpg
Fri 31 Oct 17:13:48 GMT 2025: Set wallpaper to /home/solomon/.config/hypr/wallpapers/2011-Mercedes-Benz-C63-AMG-Coupe-Black-002-1080.jpg
Fri 31 Oct 17:15:19 GMT 2025: Set wallpaper to /home/solomon/.config/hypr/wallpapers/2005-Ferrari-F430-007-1080.jpg
Fri 31 Oct 17:15:42 GMT 2025: Set wallpaper to /home/solomon/.config/hypr/wallpapers/2005-Ferrari-F430-007-1080.jpg
Fri 31 Oct 17:15:48 GMT 2025: Set wallpaper to /home/solomon/.config/hypr/wallpapers/w11_wets.webp
Fri 31 Oct 17:17:19 GMT 2025: Set wallpaper to /home/solomon/.config/hypr/wallpapers/w05.webp
Fri 31 Oct 17:17:42 GMT 2025: Set wallpaper to /home/solomon/.config/hypr/wallpapers/w11_pfp.webp
Fri 31 Oct 17:17:48 GMT 2025: Set wallpaper to /home/solomon/.config/hypr/wallpapers/mazda-mx5-miata-mazda-3351.jpg
Fri 31 Oct 17:19:19 GMT 2025: Set wallpaper to /home/solomon/.config/hypr/wallpapers/2019-Bugatti-Divo.jpg
Fri 31 Oct 17:19:42 GMT 2025: Set wallpaper to /home/solomon/.config/hypr/wallpapers/1979-Canepa-BMW-M1-Procar_grey.png
Fri 31 Oct 17:19:48 GMT 2025: Set wallpaper to /home/solomon/.config/hypr/wallpapers/1979-Canepa-BMW-M1-Procar_grey.png
Fri 31 Oct 17:21:19 GMT 2025: Set wallpaper to /home/solomon/.config/hypr/wallpapers/2014-Mercedes-Benz-SLS-AMG-Black-Series-009-1440.jpg
Fri 31 Oct 17:21:42 GMT 2025: Set wallpaper to /home/solomon/.config/hypr/wallpapers/w05.webp
Fri 31 Oct 17:21:48 GMT 2025: Set wallpaper to /home/solomon/.config/hypr/wallpapers/thumb-1920-1345403.jpeg
Fri 31 Oct 17:23:19 GMT 2025: Set wallpaper to /home/solomon/.config/hypr/wallpapers/2008-Mazda-Furai-Concept_grey.png
Fri 31 Oct 17:23:42 GMT 2025: Set wallpaper to /home/solomon/.config/hypr/wallpapers/2008-Mazda-Furai-Concept-004-1440.jpg
Fri 31 Oct 17:23:48 GMT 2025: Set wallpaper to /home/solomon/.config/hypr/wallpapers/2015-Porsche-918-Spyder-012-1440.jpg
Fri 31 Oct 17:25:19 GMT 2025: Set wallpaper to /home/solomon/.config/hypr/wallpapers/linux-nitros-dark-ov.jpg
Fri 31 Oct 17:25:42 GMT 2025: Set wallpaper to /home/solomon/.config/hypr/wallpapers/2005-Ferrari-F430-007-1080.jpg
Fri 31 Oct 17:25:48 GMT 2025: Set wallpaper to /home/solomon/.config/hypr/wallpapers/hyprland_wallpaper.png
Fri 31 Oct 17:27:20 GMT 2025: Set wallpaper to /home/solomon/.config/hypr/wallpapers/mercedes-w11.webp
Fri 31 Oct 17:27:42 GMT 2025: Set wallpaper to /home/solomon/.config/hypr/wallpapers/thumb-1920-1345403.jpeg
Fri 31 Oct 17:27:48 GMT 2025: Set wallpaper to /home/solomon/.config/hypr/wallpapers/SoloLinux4.png
Fri 31 Oct 17:29:20 GMT 2025: Set wallpaper to /home/solomon/.config/hypr/wallpapers/2015-Porsche-918-Spyder-012-1440.jpg
Fri 31 Oct 17:29:42 GMT 2025: Set wallpaper to /home/solomon/.config/hypr/wallpapers/simple.png
Fri 31 Oct 17:29:48 GMT 2025: Set wallpaper to /home/solomon/.config/hypr/wallpapers/2005-Ferrari-F430-007-1080.jpg
Fri 31 Oct 17:31:20 GMT 2025: Set wallpaper to /home/solomon/.config/hypr/wallpapers/linux-nitros-dark-ov.jpg
Fri 31 Oct 17:31:42 GMT 2025: Set wallpaper to /home/solomon/.config/hypr/wallpapers/2014-Mercedes-Benz-SLS-AMG-Black-Series-009-1440.jpg
Fri 31 Oct 17:31:48 GMT 2025: Set wallpaper to /home/solomon/.config/hypr/wallpapers/thumb-1920-1345403.jpeg
Fri 31 Oct 17:33:20 GMT 2025: Set wallpaper to /home/solomon/.config/hypr/wallpapers/simple.png
Fri 31 Oct 17:33:42 GMT 2025: Set wallpaper to /home/solomon/.config/hypr/wallpapers/2015-Porsche-918-Spyder-012-1440.jpg
Fri 31 Oct 17:33:48 GMT 2025: Set wallpaper to /home/solomon/.config/hypr/wallpapers/hyprland_wallpaper.png
Fri 31 Oct 17:35:20 GMT 2025: Set wallpaper to /home/solomon/.config/hypr/wallpapers/1979-Canepa-BMW-M1-Procar_grey.png
Fri 31 Oct 17:35:42 GMT 2025: Set wallpaper to /home/solomon/.config/hypr/wallpapers/2015-Porsche-918-Spyder-012-1440.jpg
Fri 31 Oct 17:35:48 GMT 2025: Set wallpaper to /home/solomon/.config/hypr/wallpapers/mercedes-w11.webp
Fri 31 Oct 17:37:20 GMT 2025: Set wallpaper to /home/solomon/.config/hypr/wallpapers/mazda-mx5-miata-mazda-3351.jpg
Fri 31 Oct 17:37:42 GMT 2025: Set wallpaper to /home/solomon/.config/hypr/wallpapers/2008-Mazda-Furai-Concept_grey.png
Fri 31 Oct 17:37:48 GMT 2025: Set wallpaper to /home/solomon/.config/hypr/wallpapers/W11_with_DRS.jpg
Fri 31 Oct 17:39:20 GMT 2025: Set wallpaper to /home/solomon/.config/hypr/wallpapers/2005-Ferrari-F430-007-1080.jpg
Fri 31 Oct 17:39:42 GMT 2025: Set wallpaper to /home/solomon/.config/hypr/wallpapers/SoloLinux4.png
Fri 31 Oct 17:39:48 GMT 2025: Set wallpaper to /home/solomon/.config/hypr/wallpapers/simple.png
Fri 31 Oct 17:41:20 GMT 2025: Set wallpaper to /home/solomon/.config/hypr/wallpapers/W11_with_DRS.jpg
Fri 31 Oct 17:41:42 GMT 2025: Set wallpaper to /home/solomon/.config/hypr/wallpapers/w05.webp
Fri 31 Oct 17:41:48 GMT 2025: Set wallpaper to /home/solomon/.config/hypr/wallpapers/2019-Bugatti-Divo.jpg
Fri 31 Oct 17:43:20 GMT 2025: Set wallpaper to /home/solomon/.config/hypr/wallpapers/thumb-1920-1345403.jpeg
Fri 31 Oct 17:43:42 GMT 2025: Set wallpaper to /home/solomon/.config/hypr/wallpapers/W05.jpg
Fri 31 Oct 17:43:48 GMT 2025: Set wallpaper to /home/solomon/.config/hypr/wallpapers/2011-Mercedes-Benz-C63-AMG-Coupe-Black-001-1080.jpg
Fri 31 Oct 17:45:20 GMT 2025: Set wallpaper to /home/solomon/.config/hypr/wallpapers/2005-Ferrari-F430-007-1080.jpg
Fri 31 Oct 17:45:42 GMT 2025: Set wallpaper to /home/solomon/.config/hypr/wallpapers/2014-Mercedes-Benz-SLS-AMG-Black-Series-009-1440.jpg
Fri 31 Oct 17:45:48 GMT 2025: Set wallpaper to /home/solomon/.config/hypr/wallpapers/W11_with_DRS.jpg
Fri 31 Oct 17:47:20 GMT 2025: Set wallpaper to /home/solomon/.config/hypr/wallpapers/2009-Mercedes-Benz-SL-65-AMG-Black-003-1080.jpg
Fri 31 Oct 17:47:42 GMT 2025: Set wallpaper to /home/solomon/.config/hypr/wallpapers/2015-Porsche-918-Spyder-012-1440.jpg
Fri 31 Oct 17:47:48 GMT 2025: Set wallpaper to /home/solomon/.config/hypr/wallpapers/w11_pfp.webp
Fri 31 Oct 17:49:20 GMT 2025: Set wallpaper to /home/solomon/.config/hypr/wallpapers/SilverW11.jpg
Fri 31 Oct 17:49:42 GMT 2025: Set wallpaper to /home/solomon/.config/hypr/wallpapers/mercedes_amg_f1_m11_eq_performance_4k-HD.jpg
Fri 31 Oct 17:49:48 GMT 2025: Set wallpaper to /home/solomon/.config/hypr/wallpapers/2011-Mercedes-Benz-C63-AMG-Coupe-Black-002-1080.jpg
Fri 31 Oct 17:51:20 GMT 2025: Set wallpaper to /home/solomon/.config/hypr/wallpapers/W05.jpg
Fri 31 Oct 17:51:42 GMT 2025: Set wallpaper to /home/solomon/.config/hypr/wallpapers/1979-Canepa-BMW-M1-Procar_grey.png
Fri 31 Oct 17:51:48 GMT 2025: Set wallpaper to /home/solomon/.config/hypr/wallpapers/2008-Mazda-Furai-Concept-004-1440.jpg
Fri 31 Oct 17:53:20 GMT 2025: Set wallpaper to /home/solomon/.config/hypr/wallpapers/2019-Bugatti-Divo.jpg
Fri 31 Oct 17:53:42 GMT 2025: Set wallpaper to /home/solomon/.config/hypr/wallpapers/1968-Lamborghini-Miura-Jota-SVR-001-1080.jpg
Fri 31 Oct 17:53:48 GMT 2025: Set wallpaper to /home/solomon/.config/hypr/wallpapers/simple.png
Fri 31 Oct 17:55:20 GMT 2025: Set wallpaper to /home/solomon/.config/hypr/wallpapers/W11_with_DRS.jpg
Fri 31 Oct 17:55:42 GMT 2025: Set wallpaper to /home/solomon/.config/hypr/wallpapers/2008-Mazda-Furai-Concept_grey.png
Fri 31 Oct 17:55:48 GMT 2025: Set wallpaper to /home/solomon/.config/hypr/wallpapers/w11_wets.webp
Fri 31 Oct 17:57:20 GMT 2025: Set wallpaper to /home/solomon/.config/hypr/wallpapers/thumb-1920-1345403.jpeg
Fri 31 Oct 17:57:42 GMT 2025: Set wallpaper to /home/solomon/.config/hypr/wallpapers/2014-Mercedes-Benz-SLS-AMG-Black-Series-009-1440.jpg
Fri 31 Oct 17:57:48 GMT 2025: Set wallpaper to /home/solomon/.config/hypr/wallpapers/mercedes_amg_f1_m11_eq_performance_4k-HD.jpg
Fri 31 Oct 17:59:20 GMT 2025: Set wallpaper to /home/solomon/.config/hypr/wallpapers/simple.png
Fri 31 Oct 17:59:42 GMT 2025: Set wallpaper to /home/solomon/.config/hypr/wallpapers/mercedes_amg_f1_m11_eq_performance_4k-HD.jpg
Fri 31 Oct 17:59:48 GMT 2025: Set wallpaper to /home/solomon/.config/hypr/wallpapers/1979-Canepa-BMW-M1-Procar_grey.png
Fri 31 Oct 18:01:20 GMT 2025: Set wallpaper to /home/solomon/.config/hypr/wallpapers/2011-Mercedes-Benz-C63-AMG-Coupe-Black-001-1080.jpg
Fri 31 Oct 18:01:42 GMT 2025: Set wallpaper to /home/solomon/.config/hypr/wallpapers/w11_pfp.webp
Fri 31 Oct 18:01:48 GMT 2025: Set wallpaper to /home/solomon/.config/hypr/wallpapers/linux-nitros-dark-ov.jpg
Fri 31 Oct 18:03:20 GMT 2025: Set wallpaper to /home/solomon/.config/hypr/wallpapers/1968-Lamborghini-Miura-Jota-SVR-001-1080.jpg
Fri 31 Oct 18:03:43 GMT 2025: Set wallpaper to /home/solomon/.config/hypr/wallpapers/w11_pfp.webp
Fri 31 Oct 18:03:48 GMT 2025: Set wallpaper to /home/solomon/.config/hypr/wallpapers/SilverW11.jpg
Fri 31 Oct 18:05:20 GMT 2025: Set wallpaper to /home/solomon/.config/hypr/wallpapers/2014-Mercedes-Benz-SLS-AMG-Black-Series-009-1440.jpg
Fri 31 Oct 18:05:43 GMT 2025: Set wallpaper to /home/solomon/.config/hypr/wallpapers/1968-Lamborghini-Miura-Jota-SVR-001-1080.jpg
Fri 31 Oct 18:05:48 GMT 2025: Set wallpaper to /home/solomon/.config/hypr/wallpapers/SilverW11.jpg
Fri 31 Oct 18:07:20 GMT 2025: Set wallpaper to /home/solomon/.config/hypr/wallpapers/2009-Mercedes-Benz-SL-65-AMG-Black-003-1080.jpg
Fri 31 Oct 18:07:43 GMT 2025: Set wallpaper to /home/solomon/.config/hypr/wallpapers/w11_wets.webp
Fri 31 Oct 18:07:48 GMT 2025: Set wallpaper to /home/solomon/.config/hypr/wallpapers/2019-Bugatti-Divo.jpg
Fri 31 Oct 18:09:20 GMT 2025: Set wallpaper to /home/solomon/.config/hypr/wallpapers/hyprland_wallpaper.png
Fri 31 Oct 18:09:43 GMT 2025: Set wallpaper to /home/solomon/.config/hypr/wallpapers/mercedes-w11.webp
Fri 31 Oct 18:09:48 GMT 2025: Set wallpaper to /home/solomon/.config/hypr/wallpapers/1968-Lamborghini-Miura-Jota-SVR-001-1080.jpg
Fri 31 Oct 18:11:20 GMT 2025: Set wallpaper to /home/solomon/.config/hypr/wallpapers/mercedes_amg_f1_m11_eq_performance_4k-HD.jpg
Fri 31 Oct 18:11:43 GMT 2025: Set wallpaper to /home/solomon/.config/hypr/wallpapers/mercedes_amg_f1_m11_eq_performance_4k-HD.jpg
Fri 31 Oct 18:11:48 GMT 2025: Set wallpaper to /home/solomon/.config/hypr/wallpapers/hyprland_wallpaper.png
Fri 31 Oct 18:13:20 GMT 2025: Set wallpaper to /home/solomon/.config/hypr/wallpapers/2014-Mercedes-Benz-SLS-AMG-Black-Series-009-1440.jpg
Fri 31 Oct 18:13:43 GMT 2025: Set wallpaper to /home/solomon/.config/hypr/wallpapers/2008-Mazda-Furai-Concept-004-1440.jpg
Fri 31 Oct 18:13:48 GMT 2025: Set wallpaper to /home/solomon/.config/hypr/wallpapers/mercedes_amg_f1_m11_eq_performance_4k-HD.jpg
Fri 31 Oct 18:15:20 GMT 2025: Set wallpaper to /home/solomon/.config/hypr/wallpapers/2014-Mercedes-Benz-SLS-AMG-Black-Series-009-1440.jpg
Fri 31 Oct 18:15:43 GMT 2025: Set wallpaper to /home/solomon/.config/hypr/wallpapers/SilverW11.jpg
Fri 31 Oct 18:15:48 GMT 2025: Set wallpaper to /home/solomon/.config/hypr/wallpapers/thumb-1920-1345403.jpeg
Fri 31 Oct 18:17:20 GMT 2025: Set wallpaper to /home/solomon/.config/hypr/wallpapers/hyprland_wallpaper.png
Fri 31 Oct 18:17:43 GMT 2025: Set wallpaper to /home/solomon/.config/hypr/wallpapers/hyprland_wallpaper.png
Fri 31 Oct 18:17:48 GMT 2025: Set wallpaper to /home/solomon/.config/hypr/wallpapers/thumb-1920-1345403.jpeg
Fri 31 Oct 18:19:20 GMT 2025: Set wallpaper to /home/solomon/.config/hypr/wallpapers/2011-Mercedes-Benz-C63-AMG-Coupe-Black-002-1080.jpg
Fri 31 Oct 18:19:43 GMT 2025: Set wallpaper to /home/solomon/.config/hypr/wallpapers/2015-Porsche-918-Spyder-012-1440.jpg
Fri 31 Oct 18:19:49 GMT 2025: Set wallpaper to /home/solomon/.config/hypr/wallpapers/2019-Bugatti-Divo.jpg
Fri 31 Oct 18:21:20 GMT 2025: Set wallpaper to /home/solomon/.config/hypr/wallpapers/2008-Mazda-Furai-Concept-004-1440.jpg
Fri 31 Oct 18:21:43 GMT 2025: Set wallpaper to /home/solomon/.config/hypr/wallpapers/1979-Canepa-BMW-M1-Procar_grey.png
Fri 31 Oct 18:21:49 GMT 2025: Set wallpaper to /home/solomon/.config/hypr/wallpapers/2014-Mercedes-Benz-SLS-AMG-Black-Series-009-1440.jpg
Fri 31 Oct 18:23:20 GMT 2025: Set wallpaper to /home/solomon/.config/hypr/wallpapers/2008-Mazda-Furai-Concept_grey.png
Fri 31 Oct 18:23:43 GMT 2025: Set wallpaper to /home/solomon/.config/hypr/wallpapers/1968-Lamborghini-Miura-Jota-SVR-001-1080.jpg
Fri 31 Oct 18:23:49 GMT 2025: Set wallpaper to /home/solomon/.config/hypr/wallpapers/2009-Mercedes-Benz-SL-65-AMG-Black-003-1080.jpg
Fri 31 Oct 19:42:36 GMT 2025: Set wallpaper to /home/solomon/.config/hypr/wallpapers/W11_with_DRS.jpg
Fri 31 Oct 19:42:58 GMT 2025: Set wallpaper to /home/solomon/.config/hypr/wallpapers/w11_wets.webp
Fri 31 Oct 19:43:04 GMT 2025: Set wallpaper to /home/solomon/.config/hypr/wallpapers/2008-Mazda-Furai-Concept-004-1440.jpg
Fri 31 Oct 19:44:36 GMT 2025: Set wallpaper to /home/solomon/.config/hypr/wallpapers/2015-Porsche-918-Spyder-012-1440.jpg
Fri 31 Oct 19:44:58 GMT 2025: Set wallpaper to /home/solomon/.config/hypr/wallpapers/W05.jpg
Fri 31 Oct 19:45:04 GMT 2025: Set wallpaper to /home/solomon/.config/hypr/wallpapers/2008-Mazda-Furai-Concept_grey.png
Fri 31 Oct 19:46:36 GMT 2025: Set wallpaper to /home/solomon/.config/hypr/wallpapers/2008-Mazda-Furai-Concept_grey.png
Fri 31 Oct 19:46:58 GMT 2025: Set wallpaper to /home/solomon/.config/hypr/wallpapers/mercedes-w11.webp
Fri 31 Oct 19:47:04 GMT 2025: Set wallpaper to /home/solomon/.config/hypr/wallpapers/2008-Mazda-Furai-Concept_grey.png
Fri 31 Oct 19:48:36 GMT 2025: Set wallpaper to /home/solomon/.config/hypr/wallpapers/mercedes_amg_f1_m11_eq_performance_4k-HD.jpg
Fri 31 Oct 19:48:58 GMT 2025: Set wallpaper to /home/solomon/.config/hypr/wallpapers/2005-Ferrari-F430-007-1080.jpg
Fri 31 Oct 19:49:04 GMT 2025: Set wallpaper to /home/solomon/.config/hypr/wallpapers/astize_cc0_split1.png
Fri 31 Oct 19:50:36 GMT 2025: Set wallpaper to /home/solomon/.config/hypr/wallpapers/1979-Canepa-BMW-M1-Procar_grey.png
Fri 31 Oct 19:50:58 GMT 2025: Set wallpaper to /home/solomon/.config/hypr/wallpapers/2011-Mercedes-Benz-C63-AMG-Coupe-Black-002-1080.jpg
Fri 31 Oct 19:51:04 GMT 2025: Set wallpaper to /home/solomon/.config/hypr/wallpapers/w05.webp
Fri 31 Oct 19:52:36 GMT 2025: Set wallpaper to /home/solomon/.config/hypr/wallpapers/2015-Porsche-918-Spyder-012-1440.jpg
Fri 31 Oct 19:52:58 GMT 2025: Set wallpaper to /home/solomon/.config/hypr/wallpapers/astize_cc0_split1.png
Fri 31 Oct 19:53:04 GMT 2025: Set wallpaper to /home/solomon/.config/hypr/wallpapers/2019-Bugatti-Divo.jpg
Fri 31 Oct 19:54:36 GMT 2025: Set wallpaper to /home/solomon/.config/hypr/wallpapers/SoloLinux4.png
Fri 31 Oct 19:54:58 GMT 2025: Set wallpaper to /home/solomon/.config/hypr/wallpapers/hamilton_3079629.jpg
Fri 31 Oct 19:55:04 GMT 2025: Set wallpaper to /home/solomon/.config/hypr/wallpapers/1968-Lamborghini-Miura-Jota-SVR-001-1080.jpg
Fri 31 Oct 19:56:36 GMT 2025: Set wallpaper to /home/solomon/.config/hypr/wallpapers/2019-Bugatti-Divo.jpg
Fri 31 Oct 19:56:58 GMT 2025: Set wallpaper to /home/solomon/.config/hypr/wallpapers/SilverW11.jpg
Fri 31 Oct 19:57:04 GMT 2025: Set wallpaper to /home/solomon/.config/hypr/wallpapers/w11_pfp.webp
Fri 31 Oct 19:58:36 GMT 2025: Set wallpaper to /home/solomon/.config/hypr/wallpapers/hamilton_3079629.jpg
Fri 31 Oct 19:58:58 GMT 2025: Set wallpaper to /home/solomon/.config/hypr/wallpapers/simple.png
Fri 31 Oct 19:59:04 GMT 2025: Set wallpaper to /home/solomon/.config/hypr/wallpapers/thumb-1920-1345403.jpeg
Fri 31 Oct 20:00:36 GMT 2025: Set wallpaper to /home/solomon/.config/hypr/wallpapers/simple.png
Fri 31 Oct 20:00:58 GMT 2025: Set wallpaper to /home/solomon/.config/hypr/wallpapers/simple.png
Fri 31 Oct 20:01:04 GMT 2025: Set wallpaper to /home/solomon/.config/hypr/wallpapers/w05.webp
Fri 31 Oct 20:02:36 GMT 2025: Set wallpaper to /home/solomon/.config/hypr/wallpapers/thumb-1920-1345403.jpeg
Fri 31 Oct 20:02:58 GMT 2025: Set wallpaper to /home/solomon/.config/hypr/wallpapers/simple.png
Fri 31 Oct 20:03:04 GMT 2025: Set wallpaper to /home/solomon/.config/hypr/wallpapers/2009-Mercedes-Benz-SL-65-AMG-Black-003-1080.jpg
Fri 31 Oct 20:04:36 GMT 2025: Set wallpaper to /home/solomon/.config/hypr/wallpapers/2005-Ferrari-F430-007-1080.jpg
Fri 31 Oct 20:04:58 GMT 2025: Set wallpaper to /home/solomon/.config/hypr/wallpapers/hyprland_wallpaper.png
Fri 31 Oct 20:05:04 GMT 2025: Set wallpaper to /home/solomon/.config/hypr/wallpapers/astize_cc0_split1.png
Fri 31 Oct 20:06:36 GMT 2025: Set wallpaper to /home/solomon/.config/hypr/wallpapers/2011-Mercedes-Benz-C63-AMG-Coupe-Black-002-1080.jpg
Fri 31 Oct 20:06:58 GMT 2025: Set wallpaper to /home/solomon/.config/hypr/wallpapers/2008-Mazda-Furai-Concept-004-1440.jpg
Fri 31 Oct 20:07:04 GMT 2025: Set wallpaper to /home/solomon/.config/hypr/wallpapers/w11_wets.webp
Fri 31 Oct 20:08:36 GMT 2025: Set wallpaper to /home/solomon/.config/hypr/wallpapers/1979-Canepa-BMW-M1-Procar_grey.png
Fri 31 Oct 20:08:58 GMT 2025: Set wallpaper to /home/solomon/.config/hypr/wallpapers/2011-Mercedes-Benz-C63-AMG-Coupe-Black-002-1080.jpg
Fri 31 Oct 20:09:04 GMT 2025: Set wallpaper to /home/solomon/.config/hypr/wallpapers/1968-Lamborghini-Miura-Jota-SVR-001-1080.jpg
Fri 31 Oct 20:10:36 GMT 2025: Set wallpaper to /home/solomon/.config/hypr/wallpapers/astize_cc0_split1.png
Fri 31 Oct 20:10:58 GMT 2025: Set wallpaper to /home/solomon/.config/hypr/wallpapers/2014-Mercedes-Benz-SLS-AMG-Black-Series-009-1440.jpg
Fri 31 Oct 20:11:04 GMT 2025: Set wallpaper to /home/solomon/.config/hypr/wallpapers/thumb-1920-1345403.jpeg
Fri 31 Oct 20:12:36 GMT 2025: Set wallpaper to /home/solomon/.config/hypr/wallpapers/2011-Mercedes-Benz-C63-AMG-Coupe-Black-002-1080.jpg
Fri 31 Oct 20:12:58 GMT 2025: Set wallpaper to /home/solomon/.config/hypr/wallpapers/1968-Lamborghini-Miura-Jota-SVR-001-1080.jpg
Fri 31 Oct 20:13:04 GMT 2025: Set wallpaper to /home/solomon/.config/hypr/wallpapers/mercedes_amg_f1_m11_eq_performance_4k-HD.jpg
Fri 31 Oct 20:14:36 GMT 2025: Set wallpaper to /home/solomon/.config/hypr/wallpapers/simple.png
Fri 31 Oct 20:14:58 GMT 2025: Set wallpaper to /home/solomon/.config/hypr/wallpapers/2019-Bugatti-Divo.jpg
Fri 31 Oct 20:15:04 GMT 2025: Set wallpaper to /home/solomon/.config/hypr/wallpapers/W11_with_DRS.jpg
Fri 31 Oct 20:16:36 GMT 2025: Set wallpaper to /home/solomon/.config/hypr/wallpapers/1979-Canepa-BMW-M1-Procar_grey.png
Fri 31 Oct 22:37:42 GMT 2025: Set wallpaper to /home/solomon/.config/hypr/wallpapers/SilverW11.jpg
Fri 31 Oct 22:39:42 GMT 2025: Set wallpaper to /home/solomon/.config/hypr/wallpapers/2009-Mercedes-Benz-SL-65-AMG-Black-003-1080.jpg
Fri 31 Oct 22:41:42 GMT 2025: Set wallpaper to /home/solomon/.config/hypr/wallpapers/SilverW11.jpg
Fri 31 Oct 22:43:42 GMT 2025: Set wallpaper to /home/solomon/.config/hypr/wallpapers/mercedes_amg_f1_m11_eq_performance_4k-HD.jpg
Fri 31 Oct 22:45:42 GMT 2025: Set wallpaper to /home/solomon/.config/hypr/wallpapers/mercedes_amg_f1_m11_eq_performance_4k-HD.jpg
Fri 31 Oct 22:47:42 GMT 2025: Set wallpaper to /home/solomon/.config/hypr/wallpapers/hamilton_3079629.jpg
Fri 31 Oct 22:49:42 GMT 2025: Set wallpaper to /home/solomon/.config/hypr/wallpapers/mazda-mx5-miata-mazda-3351.jpg
Fri 31 Oct 22:51:42 GMT 2025: Set wallpaper to /home/solomon/.config/hypr/wallpapers/SilverW11.jpg
Fri 31 Oct 22:53:42 GMT 2025: Set wallpaper to /home/solomon/.config/hypr/wallpapers/thumb-1920-1345403.jpeg
Fri 31 Oct 22:55:42 GMT 2025: Set wallpaper to /home/solomon/.config/hypr/wallpapers/1979-Canepa-BMW-M1-Procar_grey.png
Fri 31 Oct 22:57:42 GMT 2025: Set wallpaper to /home/solomon/.config/hypr/wallpapers/W05.jpg
Fri 31 Oct 22:59:42 GMT 2025: Set wallpaper to /home/solomon/.config/hypr/wallpapers/hamilton_3079629.jpg
Fri 31 Oct 23:01:42 GMT 2025: Set wallpaper to /home/solomon/.config/hypr/wallpapers/2005-Ferrari-F430-007-1080.jpg
Fri 31 Oct 23:03:42 GMT 2025: Set wallpaper to /home/solomon/.config/hypr/wallpapers/mazda-mx5-miata-mazda-3351.jpg
Fri 31 Oct 23:05:42 GMT 2025: Set wallpaper to /home/solomon/.config/hypr/wallpapers/mazda-mx5-miata-mazda-3351.jpg
Fri 31 Oct 23:07:42 GMT 2025: Set wallpaper to /home/solomon/.config/hypr/wallpapers/2014-Mercedes-Benz-SLS-AMG-Black-Series-009-1440.jpg
Fri 31 Oct 23:09:42 GMT 2025: Set wallpaper to /home/solomon/.config/hypr/wallpapers/2005-Ferrari-F430-007-1080.jpg
Fri 31 Oct 23:11:42 GMT 2025: Set wallpaper to /home/solomon/.config/hypr/wallpapers/SoloLinux4.png
Fri 31 Oct 23:13:42 GMT 2025: Set wallpaper to /home/solomon/.config/hypr/wallpapers/mazda-mx5-miata-mazda-3351.jpg
Fri 31 Oct 23:15:43 GMT 2025: Set wallpaper to /home/solomon/.config/hypr/wallpapers/w11_pfp.webp
Fri 31 Oct 23:17:43 GMT 2025: Set wallpaper to /home/solomon/.config/hypr/wallpapers/2011-Mercedes-Benz-C63-AMG-Coupe-Black-002-1080.jpg
Fri 31 Oct 23:19:43 GMT 2025: Set wallpaper to /home/solomon/.config/hypr/wallpapers/mazda-mx5-miata-mazda-3351.jpg
Fri 31 Oct 23:21:43 GMT 2025: Set wallpaper to /home/solomon/.config/hypr/wallpapers/hyprland_wallpaper.png
Fri 31 Oct 23:23:43 GMT 2025: Set wallpaper to /home/solomon/.config/hypr/wallpapers/mercedes-w11.webp
Fri 31 Oct 23:25:43 GMT 2025: Set wallpaper to /home/solomon/.config/hypr/wallpapers/2009-Mercedes-Benz-SL-65-AMG-Black-003-1080.jpg
Fri 31 Oct 23:27:43 GMT 2025: Set wallpaper to /home/solomon/.config/hypr/wallpapers/2011-Mercedes-Benz-C63-AMG-Coupe-Black-002-1080.jpg
Fri 31 Oct 23:29:43 GMT 2025: Set wallpaper to /home/solomon/.config/hypr/wallpapers/hamilton_3079629.jpg
Fri 31 Oct 23:31:43 GMT 2025: Set wallpaper to /home/solomon/.config/hypr/wallpapers/2005-Ferrari-F430-007-1080.jpg
Fri 31 Oct 23:33:43 GMT 2025: Set wallpaper to /home/solomon/.config/hypr/wallpapers/SilverW11.jpg
Fri 31 Oct 23:35:43 GMT 2025: Set wallpaper to /home/solomon/.config/hypr/wallpapers/1968-Lamborghini-Miura-Jota-SVR-001-1080.jpg
Fri 31 Oct 23:37:43 GMT 2025: Set wallpaper to /home/solomon/.config/hypr/wallpapers/w11_pfp.webp
Fri 31 Oct 23:39:43 GMT 2025: Set wallpaper to /home/solomon/.config/hypr/wallpapers/mercedes-w11.webp
Fri 31 Oct 23:41:43 GMT 2025: Set wallpaper to /home/solomon/.config/hypr/wallpapers/2014-Mercedes-Benz-SLS-AMG-Black-Series-009-1440.jpg
Fri 31 Oct 23:43:43 GMT 2025: Set wallpaper to /home/solomon/.config/hypr/wallpapers/hamilton_3079629.jpg
Fri 31 Oct 23:45:43 GMT 2025: Set wallpaper to /home/solomon/.config/hypr/wallpapers/2019-Bugatti-Divo.jpg
Fri 31 Oct 23:47:43 GMT 2025: Set wallpaper to /home/solomon/.config/hypr/wallpapers/1968-Lamborghini-Miura-Jota-SVR-001-1080.jpg
Fri 31 Oct 23:49:43 GMT 2025: Set wallpaper to /home/solomon/.config/hypr/wallpapers/1979-Canepa-BMW-M1-Procar_grey.png
Fri 31 Oct 23:51:43 GMT 2025: Set wallpaper to /home/solomon/.config/hypr/wallpapers/hyprland_wallpaper.png
Sat  1 Nov 10:41:22 GMT 2025: Set wallpaper to /home/solomon/.config/hypr/wallpapers/2015-Porsche-918-Spyder-012-1440.jpg
Sat  1 Nov 10:43:21 GMT 2025: Set wallpaper to /home/solomon/.config/hypr/wallpapers/2005-Ferrari-F430-007-1080.jpg
Sat  1 Nov 10:45:21 GMT 2025: Set wallpaper to /home/solomon/.config/hypr/wallpapers/2011-Mercedes-Benz-C63-AMG-Coupe-Black-001-1080.jpg
Sat  1 Nov 10:47:21 GMT 2025: Set wallpaper to /home/solomon/.config/hypr/wallpapers/2019-Bugatti-Divo.jpg
Sat  1 Nov 10:49:21 GMT 2025: Set wallpaper to /home/solomon/.config/hypr/wallpapers/w05.webp
Sat  1 Nov 10:51:21 GMT 2025: Set wallpaper to /home/solomon/.config/hypr/wallpapers/mazda-mx5-miata-mazda-3351.jpg
Sat  1 Nov 10:53:21 GMT 2025: Set wallpaper to /home/solomon/.config/hypr/wallpapers/hamilton_3079629.jpg
Sat  1 Nov 10:55:21 GMT 2025: Set wallpaper to /home/solomon/.config/hypr/wallpapers/SilverW11.jpg
Sat  1 Nov 10:57:22 GMT 2025: Set wallpaper to /home/solomon/.config/hypr/wallpapers/mercedes-w11.webp
Sat  1 Nov 10:59:22 GMT 2025: Set wallpaper to /home/solomon/.config/hypr/wallpapers/1979-Canepa-BMW-M1-Procar_grey.png
Sat  1 Nov 11:01:22 GMT 2025: Set wallpaper to /home/solomon/.config/hypr/wallpapers/2015-Porsche-918-Spyder-012-1440.jpg
Sat  1 Nov 11:03:22 GMT 2025: Set wallpaper to /home/solomon/.config/hypr/wallpapers/w05.webp
Sat  1 Nov 11:05:22 GMT 2025: Set wallpaper to /home/solomon/.config/hypr/wallpapers/W11_with_DRS.jpg
Sat  1 Nov 11:07:22 GMT 2025: Set wallpaper to /home/solomon/.config/hypr/wallpapers/linux-nitros-dark-ov.jpg
Sat  1 Nov 11:09:22 GMT 2025: Set wallpaper to /home/solomon/.config/hypr/wallpapers/W05.jpg
Sat  1 Nov 11:11:22 GMT 2025: Set wallpaper to /home/solomon/.config/hypr/wallpapers/2014-Mercedes-Benz-SLS-AMG-Black-Series-009-1440.jpg
Sat  1 Nov 11:13:22 GMT 2025: Set wallpaper to /home/solomon/.config/hypr/wallpapers/linux-nitros-dark-ov.jpg
Sat  1 Nov 11:15:22 GMT 2025: Set wallpaper to /home/solomon/.config/hypr/wallpapers/mazda-mx5-miata-mazda-3351.jpg
Sat  1 Nov 11:17:22 GMT 2025: Set wallpaper to /home/solomon/.config/hypr/wallpapers/mercedes-w11.webp
Sat  1 Nov 11:19:22 GMT 2025: Set wallpaper to /home/solomon/.config/hypr/wallpapers/2011-Mercedes-Benz-C63-AMG-Coupe-Black-001-1080.jpg
Sat  1 Nov 11:21:22 GMT 2025: Set wallpaper to /home/solomon/.config/hypr/wallpapers/thumb-1920-1345403.jpeg
Sat  1 Nov 11:23:22 GMT 2025: Set wallpaper to /home/solomon/.config/hypr/wallpapers/astize_cc0_split1.png
Sat  1 Nov 11:25:22 GMT 2025: Set wallpaper to /home/solomon/.config/hypr/wallpapers/mazda-mx5-miata-mazda-3351.jpg
Sat  1 Nov 11:27:22 GMT 2025: Set wallpaper to /home/solomon/.config/hypr/wallpapers/mazda-mx5-miata-mazda-3351.jpg
Sat  1 Nov 11:29:22 GMT 2025: Set wallpaper to /home/solomon/.config/hypr/wallpapers/mercedes-w11.webp
Sat  1 Nov 11:31:22 GMT 2025: Set wallpaper to /home/solomon/.config/hypr/wallpapers/mercedes_amg_f1_m11_eq_performance_4k-HD.jpg
Sat  1 Nov 11:33:22 GMT 2025: Set wallpaper to /home/solomon/.config/hypr/wallpapers/mazda-mx5-miata-mazda-3351.jpg
Sat  1 Nov 11:35:22 GMT 2025: Set wallpaper to /home/solomon/.config/hypr/wallpapers/w11_wets.webp
Sat  1 Nov 11:37:22 GMT 2025: Set wallpaper to /home/solomon/.config/hypr/wallpapers/astize_cc0_split1.png
Sat  1 Nov 11:39:22 GMT 2025: Set wallpaper to /home/solomon/.config/hypr/wallpapers/w11_wets.webp
Sat  1 Nov 11:41:22 GMT 2025: Set wallpaper to /home/solomon/.config/hypr/wallpapers/2011-Mercedes-Benz-C63-AMG-Coupe-Black-001-1080.jpg
Sat  1 Nov 13:46:09 GMT 2025: Set wallpaper to /home/solomon/.config/hypr/wallpapers/w11_wets.webp
Sat  1 Nov 13:48:09 GMT 2025: Set wallpaper to /home/solomon/.config/hypr/wallpapers/linux-nitros-dark-ov.jpg
Sat  1 Nov 13:50:09 GMT 2025: Set wallpaper to /home/solomon/.config/hypr/wallpapers/W11_with_DRS.jpg
Sat  1 Nov 13:52:09 GMT 2025: Set wallpaper to /home/solomon/.config/hypr/wallpapers/w05.webp
Sat  1 Nov 13:54:09 GMT 2025: Set wallpaper to /home/solomon/.config/hypr/wallpapers/linux-nitros-dark-ov.jpg
Sat  1 Nov 13:56:09 GMT 2025: Set wallpaper to /home/solomon/.config/hypr/wallpapers/linux-nitros-dark-ov.jpg
Sat  1 Nov 13:58:09 GMT 2025: Set wallpaper to /home/solomon/.config/hypr/wallpapers/2005-Ferrari-F430-007-1080.jpg
Sat  1 Nov 14:00:09 GMT 2025: Set wallpaper to /home/solomon/.config/hypr/wallpapers/W11_with_DRS.jpg
Sat  1 Nov 14:02:09 GMT 2025: Set wallpaper to /home/solomon/.config/hypr/wallpapers/mercedes-w11.webp
Sat  1 Nov 14:04:09 GMT 2025: Set wallpaper to /home/solomon/.config/hypr/wallpapers/2009-Mercedes-Benz-SL-65-AMG-Black-003-1080.jpg
Sat  1 Nov 14:06:09 GMT 2025: Set wallpaper to /home/solomon/.config/hypr/wallpapers/SilverW11.jpg
Sat  1 Nov 14:08:09 GMT 2025: Set wallpaper to /home/solomon/.config/hypr/wallpapers/w05.webp
Sat  1 Nov 14:10:09 GMT 2025: Set wallpaper to /home/solomon/.config/hypr/wallpapers/mercedes-w11.webp
Sat  1 Nov 14:12:09 GMT 2025: Set wallpaper to /home/solomon/.config/hypr/wallpapers/1979-Canepa-BMW-M1-Procar_grey.png
Sat  1 Nov 14:14:09 GMT 2025: Set wallpaper to /home/solomon/.config/hypr/wallpapers/2008-Mazda-Furai-Concept-004-1440.jpg
Sat  1 Nov 14:16:09 GMT 2025: Set wallpaper to /home/solomon/.config/hypr/wallpapers/mercedes_amg_f1_m11_eq_performance_4k-HD.jpg
Sat  1 Nov 14:18:09 GMT 2025: Set wallpaper to /home/solomon/.config/hypr/wallpapers/2011-Mercedes-Benz-C63-AMG-Coupe-Black-001-1080.jpg
Sat  1 Nov 14:20:10 GMT 2025: Set wallpaper to /home/solomon/.config/hypr/wallpapers/2011-Mercedes-Benz-C63-AMG-Coupe-Black-002-1080.jpg
Sat  1 Nov 14:22:10 GMT 2025: Set wallpaper to /home/solomon/.config/hypr/wallpapers/w11_pfp.webp
Sat  1 Nov 14:24:10 GMT 2025: Set wallpaper to /home/solomon/.config/hypr/wallpapers/2011-Mercedes-Benz-C63-AMG-Coupe-Black-001-1080.jpg
Sat  1 Nov 14:26:10 GMT 2025: Set wallpaper to /home/solomon/.config/hypr/wallpapers/linux-nitros-dark-ov.jpg
Sat  1 Nov 14:28:10 GMT 2025: Set wallpaper to /home/solomon/.config/hypr/wallpapers/2005-Ferrari-F430-007-1080.jpg
Sat  1 Nov 14:30:10 GMT 2025: Set wallpaper to /home/solomon/.config/hypr/wallpapers/W11_with_DRS.jpg
Sat  1 Nov 14:32:10 GMT 2025: Set wallpaper to /home/solomon/.config/hypr/wallpapers/1968-Lamborghini-Miura-Jota-SVR-001-1080.jpg
Sat  1 Nov 14:34:10 GMT 2025: Set wallpaper to /home/solomon/.config/hypr/wallpapers/2019-Bugatti-Divo.jpg
Sat  1 Nov 14:36:11 GMT 2025: Set wallpaper to /home/solomon/.config/hypr/wallpapers/mazda-mx5-miata-mazda-3351.jpg
Sat  1 Nov 14:38:11 GMT 2025: Set wallpaper to /home/solomon/.config/hypr/wallpapers/astize_cc0_split1.png
Sat  1 Nov 14:40:11 GMT 2025: Set wallpaper to /home/solomon/.config/hypr/wallpapers/hamilton_3079629.jpg
Sat  1 Nov 14:42:11 GMT 2025: Set wallpaper to /home/solomon/.config/hypr/wallpapers/2005-Ferrari-F430-007-1080.jpg
Sat  1 Nov 14:44:11 GMT 2025: Set wallpaper to /home/solomon/.config/hypr/wallpapers/2011-Mercedes-Benz-C63-AMG-Coupe-Black-001-1080.jpg
Sat  1 Nov 14:46:11 GMT 2025: Set wallpaper to /home/solomon/.config/hypr/wallpapers/SoloLinux4.png
Sat  1 Nov 14:48:11 GMT 2025: Set wallpaper to /home/solomon/.config/hypr/wallpapers/w05.webp
Sat  1 Nov 14:50:11 GMT 2025: Set wallpaper to /home/solomon/.config/hypr/wallpapers/2019-Bugatti-Divo.jpg
Sat  1 Nov 14:52:11 GMT 2025: Set wallpaper to /home/solomon/.config/hypr/wallpapers/w11_wets.webp
Sat  1 Nov 14:54:11 GMT 2025: Set wallpaper to /home/solomon/.config/hypr/wallpapers/2008-Mazda-Furai-Concept_grey.png
Sat  1 Nov 14:56:11 GMT 2025: Set wallpaper to /home/solomon/.config/hypr/wallpapers/1968-Lamborghini-Miura-Jota-SVR-001-1080.jpg
Sat  1 Nov 14:58:11 GMT 2025: Set wallpaper to /home/solomon/.config/hypr/wallpapers/hyprland_wallpaper.png
Sat  1 Nov 15:00:11 GMT 2025: Set wallpaper to /home/solomon/.config/hypr/wallpapers/SoloLinux4.png
Sat  1 Nov 15:02:11 GMT 2025: Set wallpaper to /home/solomon/.config/hypr/wallpapers/w11_wets.webp
Sat  1 Nov 15:04:11 GMT 2025: Set wallpaper to /home/solomon/.config/hypr/wallpapers/W11_with_DRS.jpg
Sat  1 Nov 15:06:11 GMT 2025: Set wallpaper to /home/solomon/.config/hypr/wallpapers/2008-Mazda-Furai-Concept-004-1440.jpg
Sat  1 Nov 15:08:11 GMT 2025: Set wallpaper to /home/solomon/.config/hypr/wallpapers/1979-Canepa-BMW-M1-Procar_grey.png
Sat  1 Nov 15:10:11 GMT 2025: Set wallpaper to /home/solomon/.config/hypr/wallpapers/w11_wets.webp
Sat  1 Nov 15:42:58 GMT 2025: Set wallpaper to /home/solomon/.config/hypr/wallpapers/astize_cc0_split1.png
Sat  1 Nov 15:44:58 GMT 2025: Set wallpaper to /home/solomon/.config/hypr/wallpapers/2011-Mercedes-Benz-C63-AMG-Coupe-Black-001-1080.jpg
Sat  1 Nov 15:46:58 GMT 2025: Set wallpaper to /home/solomon/.config/hypr/wallpapers/2014-Mercedes-Benz-SLS-AMG-Black-Series-009-1440.jpg
Sat  1 Nov 15:48:58 GMT 2025: Set wallpaper to /home/solomon/.config/hypr/wallpapers/2019-Bugatti-Divo.jpg
Sat  1 Nov 15:50:58 GMT 2025: Set wallpaper to /home/solomon/.config/hypr/wallpapers/w11_wets.webp
Sat  1 Nov 15:52:58 GMT 2025: Set wallpaper to /home/solomon/.config/hypr/wallpapers/W11_with_DRS.jpg
Sat  1 Nov 15:54:58 GMT 2025: Set wallpaper to /home/solomon/.config/hypr/wallpapers/simple.png
Sat  1 Nov 15:56:58 GMT 2025: Set wallpaper to /home/solomon/.config/hypr/wallpapers/2009-Mercedes-Benz-SL-65-AMG-Black-003-1080.jpg
Sat  1 Nov 15:58:58 GMT 2025: Set wallpaper to /home/solomon/.config/hypr/wallpapers/mercedes-w11.webp
Sat  1 Nov 16:00:58 GMT 2025: Set wallpaper to /home/solomon/.config/hypr/wallpapers/simple.png
Sat  1 Nov 16:02:58 GMT 2025: Set wallpaper to /home/solomon/.config/hypr/wallpapers/2015-Porsche-918-Spyder-012-1440.jpg
Sat  1 Nov 16:04:58 GMT 2025: Set wallpaper to /home/solomon/.config/hypr/wallpapers/2011-Mercedes-Benz-C63-AMG-Coupe-Black-002-1080.jpg
Sat  1 Nov 16:06:58 GMT 2025: Set wallpaper to /home/solomon/.config/hypr/wallpapers/2011-Mercedes-Benz-C63-AMG-Coupe-Black-002-1080.jpg
Sat  1 Nov 16:08:58 GMT 2025: Set wallpaper to /home/solomon/.config/hypr/wallpapers/1979-Canepa-BMW-M1-Procar_grey.png
Sat  1 Nov 16:10:58 GMT 2025: Set wallpaper to /home/solomon/.config/hypr/wallpapers/SilverW11.jpg
Sat  1 Nov 16:12:58 GMT 2025: Set wallpaper to /home/solomon/.config/hypr/wallpapers/simple.png
Sat  1 Nov 16:14:58 GMT 2025: Set wallpaper to /home/solomon/.config/hypr/wallpapers/simple.png
Sat  1 Nov 16:16:58 GMT 2025: Set wallpaper to /home/solomon/.config/hypr/wallpapers/simple.png
Sat  1 Nov 16:18:58 GMT 2025: Set wallpaper to /home/solomon/.config/hypr/wallpapers/SoloLinux4.png
Sat  1 Nov 16:20:58 GMT 2025: Set wallpaper to /home/solomon/.config/hypr/wallpapers/mazda-mx5-miata-mazda-3351.jpg
Sat  1 Nov 16:22:58 GMT 2025: Set wallpaper to /home/solomon/.config/hypr/wallpapers/1979-Canepa-BMW-M1-Procar_grey.png
Sat  1 Nov 16:24:58 GMT 2025: Set wallpaper to /home/solomon/.config/hypr/wallpapers/2008-Mazda-Furai-Concept-004-1440.jpg
Sat  1 Nov 16:26:58 GMT 2025: Set wallpaper to /home/solomon/.config/hypr/wallpapers/W05.jpg
Sat  1 Nov 16:28:58 GMT 2025: Set wallpaper to /home/solomon/.config/hypr/wallpapers/w05.webp
Sat  1 Nov 16:30:58 GMT 2025: Set wallpaper to /home/solomon/.config/hypr/wallpapers/2008-Mazda-Furai-Concept_grey.png
Sat  1 Nov 16:32:58 GMT 2025: Set wallpaper to /home/solomon/.config/hypr/wallpapers/hyprland_wallpaper.png
Sat  1 Nov 16:34:58 GMT 2025: Set wallpaper to /home/solomon/.config/hypr/wallpapers/simple.png
Sat  1 Nov 16:36:58 GMT 2025: Set wallpaper to /home/solomon/.config/hypr/wallpapers/2011-Mercedes-Benz-C63-AMG-Coupe-Black-002-1080.jpg
Sat  1 Nov 16:38:58 GMT 2025: Set wallpaper to /home/solomon/.config/hypr/wallpapers/2011-Mercedes-Benz-C63-AMG-Coupe-Black-001-1080.jpg
Sat  1 Nov 16:40:58 GMT 2025: Set wallpaper to /home/solomon/.config/hypr/wallpapers/2011-Mercedes-Benz-C63-AMG-Coupe-Black-001-1080.jpg
Sat  1 Nov 16:42:58 GMT 2025: Set wallpaper to /home/solomon/.config/hypr/wallpapers/hamilton_3079629.jpg
Sat  1 Nov 16:44:58 GMT 2025: Set wallpaper to /home/solomon/.config/hypr/wallpapers/w11_pfp.webp
Sat  1 Nov 16:46:58 GMT 2025: Set wallpaper to /home/solomon/.config/hypr/wallpapers/W05.jpg
Sat  1 Nov 16:48:58 GMT 2025: Set wallpaper to /home/solomon/.config/hypr/wallpapers/w11_wets.webp
Sat  1 Nov 16:50:58 GMT 2025: Set wallpaper to /home/solomon/.config/hypr/wallpapers/w11_wets.webp
Sat  1 Nov 16:52:58 GMT 2025: Set wallpaper to /home/solomon/.config/hypr/wallpapers/hamilton_3079629.jpg
Sat  1 Nov 16:54:58 GMT 2025: Set wallpaper to /home/solomon/.config/hypr/wallpapers/2009-Mercedes-Benz-SL-65-AMG-Black-003-1080.jpg
Sat  1 Nov 16:56:58 GMT 2025: Set wallpaper to /home/solomon/.config/hypr/wallpapers/2008-Mazda-Furai-Concept_grey.png
Sat  1 Nov 16:58:58 GMT 2025: Set wallpaper to /home/solomon/.config/hypr/wallpapers/w11_wets.webp
Sat  1 Nov 17:00:58 GMT 2025: Set wallpaper to /home/solomon/.config/hypr/wallpapers/W11_with_DRS.jpg
Sat  1 Nov 17:02:58 GMT 2025: Set wallpaper to /home/solomon/.config/hypr/wallpapers/2008-Mazda-Furai-Concept_grey.png
Sat  1 Nov 17:04:58 GMT 2025: Set wallpaper to /home/solomon/.config/hypr/wallpapers/SilverW11.jpg
Sat  1 Nov 17:06:58 GMT 2025: Set wallpaper to /home/solomon/.config/hypr/wallpapers/hyprland_wallpaper.png
Sat  1 Nov 17:08:59 GMT 2025: Set wallpaper to /home/solomon/.config/hypr/wallpapers/2008-Mazda-Furai-Concept_grey.png
Sat  1 Nov 17:10:59 GMT 2025: Set wallpaper to /home/solomon/.config/hypr/wallpapers/w05.webp
Sat  1 Nov 17:12:59 GMT 2025: Set wallpaper to /home/solomon/.config/hypr/wallpapers/W05.jpg
Sat  1 Nov 17:14:59 GMT 2025: Set wallpaper to /home/solomon/.config/hypr/wallpapers/2008-Mazda-Furai-Concept-004-1440.jpg
Sat  1 Nov 17:16:59 GMT 2025: Set wallpaper to /home/solomon/.config/hypr/wallpapers/linux-nitros-dark-ov.jpg
Sat  1 Nov 17:18:59 GMT 2025: Set wallpaper to /home/solomon/.config/hypr/wallpapers/W11_with_DRS.jpg
Sat  1 Nov 17:20:59 GMT 2025: Set wallpaper to /home/solomon/.config/hypr/wallpapers/hyprland_wallpaper.png
Sat  1 Nov 17:22:59 GMT 2025: Set wallpaper to /home/solomon/.config/hypr/wallpapers/w11_wets.webp
Sat  1 Nov 17:24:59 GMT 2025: Set wallpaper to /home/solomon/.config/hypr/wallpapers/2005-Ferrari-F430-007-1080.jpg
Sat  1 Nov 17:26:59 GMT 2025: Set wallpaper to /home/solomon/.config/hypr/wallpapers/SoloLinux4.png
Sat  1 Nov 17:29:23 GMT 2025: Set wallpaper to /home/solomon/.config/hypr/wallpapers/2019-Bugatti-Divo.jpg
Sat  1 Nov 17:31:23 GMT 2025: Set wallpaper to /home/solomon/.config/hypr/wallpapers/2009-Mercedes-Benz-SL-65-AMG-Black-003-1080.jpg
Sat  1 Nov 17:33:24 GMT 2025: Set wallpaper to /home/solomon/.config/hypr/wallpapers/2008-Mazda-Furai-Concept_grey.png
Sat  1 Nov 17:35:24 GMT 2025: Set wallpaper to /home/solomon/.config/hypr/wallpapers/2014-Mercedes-Benz-SLS-AMG-Black-Series-009-1440.jpg
Sat  1 Nov 17:37:24 GMT 2025: Set wallpaper to /home/solomon/.config/hypr/wallpapers/astize_cc0_split1.png
Sat  1 Nov 17:39:24 GMT 2025: Set wallpaper to /home/solomon/.config/hypr/wallpapers/2011-Mercedes-Benz-C63-AMG-Coupe-Black-001-1080.jpg
Sat  1 Nov 17:41:24 GMT 2025: Set wallpaper to /home/solomon/.config/hypr/wallpapers/2015-Porsche-918-Spyder-012-1440.jpg
Sat  1 Nov 17:43:24 GMT 2025: Set wallpaper to /home/solomon/.config/hypr/wallpapers/hyprland_wallpaper.png
Sat  1 Nov 17:45:24 GMT 2025: Set wallpaper to /home/solomon/.config/hypr/wallpapers/2008-Mazda-Furai-Concept-004-1440.jpg
Sat  1 Nov 17:47:24 GMT 2025: Set wallpaper to /home/solomon/.config/hypr/wallpapers/SilverW11.jpg
Sat  1 Nov 17:49:24 GMT 2025: Set wallpaper to /home/solomon/.config/hypr/wallpapers/w05.webp
Sat  1 Nov 17:51:24 GMT 2025: Set wallpaper to /home/solomon/.config/hypr/wallpapers/2011-Mercedes-Benz-C63-AMG-Coupe-Black-002-1080.jpg
Sat  1 Nov 17:53:24 GMT 2025: Set wallpaper to /home/solomon/.config/hypr/wallpapers/2005-Ferrari-F430-007-1080.jpg
Sat  1 Nov 17:55:24 GMT 2025: Set wallpaper to /home/solomon/.config/hypr/wallpapers/w05.webp
Sat  1 Nov 17:57:24 GMT 2025: Set wallpaper to /home/solomon/.config/hypr/wallpapers/2019-Bugatti-Divo.jpg
Sat  1 Nov 17:59:24 GMT 2025: Set wallpaper to /home/solomon/.config/hypr/wallpapers/2015-Porsche-918-Spyder-012-1440.jpg
Sat  1 Nov 18:01:24 GMT 2025: Set wallpaper to /home/solomon/.config/hypr/wallpapers/2014-Mercedes-Benz-SLS-AMG-Black-Series-009-1440.jpg
Sat  1 Nov 18:03:24 GMT 2025: Set wallpaper to /home/solomon/.config/hypr/wallpapers/simple.png
Sat  1 Nov 18:05:24 GMT 2025: Set wallpaper to /home/solomon/.config/hypr/wallpapers/2019-Bugatti-Divo.jpg
Sat  1 Nov 18:06:44 GMT 2025: Set wallpaper to /home/solomon/.config/hypr/wallpapers/hyprland_wallpaper.png
Sat  1 Nov 18:08:44 GMT 2025: Set wallpaper to /home/solomon/.config/hypr/wallpapers/thumb-1920-1345403.jpeg
Sat  1 Nov 18:10:44 GMT 2025: Set wallpaper to /home/solomon/.config/hypr/wallpapers/hamilton_3079629.jpg
Sat  1 Nov 18:12:44 GMT 2025: Set wallpaper to /home/solomon/.config/hypr/wallpapers/2011-Mercedes-Benz-C63-AMG-Coupe-Black-002-1080.jpg
Sat  1 Nov 18:14:44 GMT 2025: Set wallpaper to /home/solomon/.config/hypr/wallpapers/2015-Porsche-918-Spyder-012-1440.jpg
Sat  1 Nov 18:16:44 GMT 2025: Set wallpaper to /home/solomon/.config/hypr/wallpapers/2019-Bugatti-Divo.jpg
Sat  1 Nov 18:18:44 GMT 2025: Set wallpaper to /home/solomon/.config/hypr/wallpapers/astize_cc0_split1.png
Sat  1 Nov 18:20:44 GMT 2025: Set wallpaper to /home/solomon/.config/hypr/wallpapers/SilverW11.jpg
Sat  1 Nov 18:22:44 GMT 2025: Set wallpaper to /home/solomon/.config/hypr/wallpapers/w11_wets.webp
Sat  1 Nov 18:24:44 GMT 2025: Set wallpaper to /home/solomon/.config/hypr/wallpapers/2014-Mercedes-Benz-SLS-AMG-Black-Series-009-1440.jpg
Sat  1 Nov 18:26:44 GMT 2025: Set wallpaper to /home/solomon/.config/hypr/wallpapers/2005-Ferrari-F430-007-1080.jpg
Sat  1 Nov 18:28:44 GMT 2025: Set wallpaper to /home/solomon/.config/hypr/wallpapers/2008-Mazda-Furai-Concept-004-1440.jpg
Sat  1 Nov 18:30:44 GMT 2025: Set wallpaper to /home/solomon/.config/hypr/wallpapers/astize_cc0_split1.png
Sat  1 Nov 18:32:44 GMT 2025: Set wallpaper to /home/solomon/.config/hypr/wallpapers/SoloLinux4.png
Sat  1 Nov 18:34:44 GMT 2025: Set wallpaper to /home/solomon/.config/hypr/wallpapers/2005-Ferrari-F430-007-1080.jpg
Sat  1 Nov 18:36:44 GMT 2025: Set wallpaper to /home/solomon/.config/hypr/wallpapers/SilverW11.jpg
Sat  1 Nov 18:38:45 GMT 2025: Set wallpaper to /home/solomon/.config/hypr/wallpapers/SoloLinux4.png
Sat  1 Nov 18:40:45 GMT 2025: Set wallpaper to /home/solomon/.config/hypr/wallpapers/w11_wets.webp
Sat  1 Nov 18:42:45 GMT 2025: Set wallpaper to /home/solomon/.config/hypr/wallpapers/mazda-mx5-miata-mazda-3351.jpg
Sat  1 Nov 18:44:45 GMT 2025: Set wallpaper to /home/solomon/.config/hypr/wallpapers/SoloLinux4.png
Sat  1 Nov 18:46:45 GMT 2025: Set wallpaper to /home/solomon/.config/hypr/wallpapers/simple.png
Sat  1 Nov 18:48:45 GMT 2025: Set wallpaper to /home/solomon/.config/hypr/wallpapers/2011-Mercedes-Benz-C63-AMG-Coupe-Black-001-1080.jpg
Sat  1 Nov 18:50:45 GMT 2025: Set wallpaper to /home/solomon/.config/hypr/wallpapers/2011-Mercedes-Benz-C63-AMG-Coupe-Black-001-1080.jpg
Sat  1 Nov 18:52:45 GMT 2025: Set wallpaper to /home/solomon/.config/hypr/wallpapers/W05.jpg
Sat  1 Nov 18:54:45 GMT 2025: Set wallpaper to /home/solomon/.config/hypr/wallpapers/W11_with_DRS.jpg
Sat  1 Nov 18:56:45 GMT 2025: Set wallpaper to /home/solomon/.config/hypr/wallpapers/linux-nitros-dark-ov.jpg
Sat  1 Nov 18:58:45 GMT 2025: Set wallpaper to /home/solomon/.config/hypr/wallpapers/mercedes_amg_f1_m11_eq_performance_4k-HD.jpg
Sat  1 Nov 19:00:45 GMT 2025: Set wallpaper to /home/solomon/.config/hypr/wallpapers/W11_with_DRS.jpg
Sat  1 Nov 19:02:45 GMT 2025: Set wallpaper to /home/solomon/.config/hypr/wallpapers/simple.png
Sat  1 Nov 19:04:45 GMT 2025: Set wallpaper to /home/solomon/.config/hypr/wallpapers/linux-nitros-dark-ov.jpg
Sat  1 Nov 19:06:45 GMT 2025: Set wallpaper to /home/solomon/.config/hypr/wallpapers/2011-Mercedes-Benz-C63-AMG-Coupe-Black-001-1080.jpg
Sat  1 Nov 19:08:45 GMT 2025: Set wallpaper to /home/solomon/.config/hypr/wallpapers/2014-Mercedes-Benz-SLS-AMG-Black-Series-009-1440.jpg
Sat  1 Nov 19:10:45 GMT 2025: Set wallpaper to /home/solomon/.config/hypr/wallpapers/SoloLinux4.png
Sat  1 Nov 19:12:45 GMT 2025: Set wallpaper to /home/solomon/.config/hypr/wallpapers/mercedes-w11.webp
Sat  1 Nov 19:14:45 GMT 2025: Set wallpaper to /home/solomon/.config/hypr/wallpapers/mercedes-w11.webp
Sat  1 Nov 19:16:45 GMT 2025: Set wallpaper to /home/solomon/.config/hypr/wallpapers/W05.jpg
Sat  1 Nov 19:18:45 GMT 2025: Set wallpaper to /home/solomon/.config/hypr/wallpapers/2008-Mazda-Furai-Concept_grey.png
Sat  1 Nov 19:20:45 GMT 2025: Set wallpaper to /home/solomon/.config/hypr/wallpapers/2014-Mercedes-Benz-SLS-AMG-Black-Series-009-1440.jpg
Sat  1 Nov 19:22:45 GMT 2025: Set wallpaper to /home/solomon/.config/hypr/wallpapers/2009-Mercedes-Benz-SL-65-AMG-Black-003-1080.jpg
Sat  1 Nov 19:24:45 GMT 2025: Set wallpaper to /home/solomon/.config/hypr/wallpapers/1968-Lamborghini-Miura-Jota-SVR-001-1080.jpg
Sat  1 Nov 19:26:45 GMT 2025: Set wallpaper to /home/solomon/.config/hypr/wallpapers/mazda-mx5-miata-mazda-3351.jpg
Sat  1 Nov 19:28:45 GMT 2025: Set wallpaper to /home/solomon/.config/hypr/wallpapers/2005-Ferrari-F430-007-1080.jpg
Sat  1 Nov 19:30:45 GMT 2025: Set wallpaper to /home/solomon/.config/hypr/wallpapers/astize_cc0_split1.png
Sat  1 Nov 19:32:45 GMT 2025: Set wallpaper to /home/solomon/.config/hypr/wallpapers/2008-Mazda-Furai-Concept-004-1440.jpg
Sat  1 Nov 19:34:45 GMT 2025: Set wallpaper to /home/solomon/.config/hypr/wallpapers/hamilton_3079629.jpg
Sat  1 Nov 19:36:45 GMT 2025: Set wallpaper to /home/solomon/.config/hypr/wallpapers/2005-Ferrari-F430-007-1080.jpg
Sat  1 Nov 19:38:45 GMT 2025: Set wallpaper to /home/solomon/.config/hypr/wallpapers/w05.webp
Sat  1 Nov 19:40:46 GMT 2025: Set wallpaper to /home/solomon/.config/hypr/wallpapers/2008-Mazda-Furai-Concept-004-1440.jpg
Sat  1 Nov 19:42:46 GMT 2025: Set wallpaper to /home/solomon/.config/hypr/wallpapers/w05.webp
Sat  1 Nov 19:44:46 GMT 2025: Set wallpaper to /home/solomon/.config/hypr/wallpapers/2005-Ferrari-F430-007-1080.jpg
Sat  1 Nov 19:46:46 GMT 2025: Set wallpaper to /home/solomon/.config/hypr/wallpapers/astize_cc0_split1.png
Sat  1 Nov 19:48:46 GMT 2025: Set wallpaper to /home/solomon/.config/hypr/wallpapers/linux-nitros-dark-ov.jpg
Sat  1 Nov 19:50:46 GMT 2025: Set wallpaper to /home/solomon/.config/hypr/wallpapers/simple.png
Sat  1 Nov 19:52:46 GMT 2025: Set wallpaper to /home/solomon/.config/hypr/wallpapers/w05.webp
Sat  1 Nov 19:54:46 GMT 2025: Set wallpaper to /home/solomon/.config/hypr/wallpapers/SilverW11.jpg
Sat  1 Nov 19:56:46 GMT 2025: Set wallpaper to /home/solomon/.config/hypr/wallpapers/2014-Mercedes-Benz-SLS-AMG-Black-Series-009-1440.jpg
Sat  1 Nov 19:58:46 GMT 2025: Set wallpaper to /home/solomon/.config/hypr/wallpapers/linux-nitros-dark-ov.jpg
Sat  1 Nov 20:00:46 GMT 2025: Set wallpaper to /home/solomon/.config/hypr/wallpapers/2011-Mercedes-Benz-C63-AMG-Coupe-Black-001-1080.jpg
Sat  1 Nov 20:02:46 GMT 2025: Set wallpaper to /home/solomon/.config/hypr/wallpapers/W11_with_DRS.jpg
Sat  1 Nov 20:04:46 GMT 2025: Set wallpaper to /home/solomon/.config/hypr/wallpapers/mercedes-w11.webp
Sat  1 Nov 20:06:46 GMT 2025: Set wallpaper to /home/solomon/.config/hypr/wallpapers/W05.jpg
Sat  1 Nov 20:08:46 GMT 2025: Set wallpaper to /home/solomon/.config/hypr/wallpapers/2008-Mazda-Furai-Concept_grey.png
Sat  1 Nov 20:10:46 GMT 2025: Set wallpaper to /home/solomon/.config/hypr/wallpapers/w11_wets.webp
Sat  1 Nov 20:12:46 GMT 2025: Set wallpaper to /home/solomon/.config/hypr/wallpapers/2011-Mercedes-Benz-C63-AMG-Coupe-Black-001-1080.jpg
Sat  1 Nov 22:56:28 GMT 2025: Set wallpaper to /home/solomon/.config/hypr/wallpapers/1979-Canepa-BMW-M1-Procar_grey.png
Sat  1 Nov 22:58:28 GMT 2025: Set wallpaper to /home/solomon/.config/hypr/wallpapers/thumb-1920-1345403.jpeg
Sat  1 Nov 23:00:28 GMT 2025: Set wallpaper to /home/solomon/.config/hypr/wallpapers/2009-Mercedes-Benz-SL-65-AMG-Black-003-1080.jpg
Sat  1 Nov 23:02:28 GMT 2025: Set wallpaper to /home/solomon/.config/hypr/wallpapers/2015-Porsche-918-Spyder-012-1440.jpg
Sat  1 Nov 23:04:28 GMT 2025: Set wallpaper to /home/solomon/.config/hypr/wallpapers/w11_pfp.webp
Sat  1 Nov 23:06:29 GMT 2025: Set wallpaper to /home/solomon/.config/hypr/wallpapers/w11_pfp.webp
Sat  1 Nov 23:08:29 GMT 2025: Set wallpaper to /home/solomon/.config/hypr/wallpapers/thumb-1920-1345403.jpeg
Sat  1 Nov 23:10:29 GMT 2025: Set wallpaper to /home/solomon/.config/hypr/wallpapers/2011-Mercedes-Benz-C63-AMG-Coupe-Black-002-1080.jpg
Sat  1 Nov 23:12:29 GMT 2025: Set wallpaper to /home/solomon/.config/hypr/wallpapers/1968-Lamborghini-Miura-Jota-SVR-001-1080.jpg
Sat  1 Nov 23:14:29 GMT 2025: Set wallpaper to /home/solomon/.config/hypr/wallpapers/simple.png
Sat  1 Nov 23:16:29 GMT 2025: Set wallpaper to /home/solomon/.config/hypr/wallpapers/SilverW11.jpg
Sat  1 Nov 23:18:29 GMT 2025: Set wallpaper to /home/solomon/.config/hypr/wallpapers/w11_pfp.webp
Sat  1 Nov 23:20:29 GMT 2025: Set wallpaper to /home/solomon/.config/hypr/wallpapers/W11_with_DRS.jpg
Sat  1 Nov 23:22:29 GMT 2025: Set wallpaper to /home/solomon/.config/hypr/wallpapers/2011-Mercedes-Benz-C63-AMG-Coupe-Black-001-1080.jpg
Sat  1 Nov 23:24:29 GMT 2025: Set wallpaper to /home/solomon/.config/hypr/wallpapers/2011-Mercedes-Benz-C63-AMG-Coupe-Black-001-1080.jpg
Sat  1 Nov 23:26:29 GMT 2025: Set wallpaper to /home/solomon/.config/hypr/wallpapers/2011-Mercedes-Benz-C63-AMG-Coupe-Black-002-1080.jpg
Sat  1 Nov 23:28:29 GMT 2025: Set wallpaper to /home/solomon/.config/hypr/wallpapers/2008-Mazda-Furai-Concept_grey.png
Sat  1 Nov 23:30:29 GMT 2025: Set wallpaper to /home/solomon/.config/hypr/wallpapers/hyprland_wallpaper.png
Sat  1 Nov 23:32:29 GMT 2025: Set wallpaper to /home/solomon/.config/hypr/wallpapers/hamilton_3079629.jpg
Sat  1 Nov 23:34:29 GMT 2025: Set wallpaper to /home/solomon/.config/hypr/wallpapers/1968-Lamborghini-Miura-Jota-SVR-001-1080.jpg
Sat  1 Nov 23:36:29 GMT 2025: Set wallpaper to /home/solomon/.config/hypr/wallpapers/mercedes-w11.webp
Sat  1 Nov 23:38:29 GMT 2025: Set wallpaper to /home/solomon/.config/hypr/wallpapers/w11_pfp.webp
Sat  1 Nov 23:40:29 GMT 2025: Set wallpaper to /home/solomon/.config/hypr/wallpapers/astize_cc0_split1.png
Sat  1 Nov 23:42:29 GMT 2025: Set wallpaper to /home/solomon/.config/hypr/wallpapers/SilverW11.jpg
Sat  1 Nov 23:44:29 GMT 2025: Set wallpaper to /home/solomon/.config/hypr/wallpapers/w11_wets.webp
Sat  1 Nov 23:46:29 GMT 2025: Set wallpaper to /home/solomon/.config/hypr/wallpapers/2019-Bugatti-Divo.jpg
Sat  1 Nov 23:48:29 GMT 2025: Set wallpaper to /home/solomon/.config/hypr/wallpapers/SilverW11.jpg
Sat  1 Nov 23:50:29 GMT 2025: Set wallpaper to /home/solomon/.config/hypr/wallpapers/SilverW11.jpg
Sat  1 Nov 23:52:29 GMT 2025: Set wallpaper to /home/solomon/.config/hypr/wallpapers/hamilton_3079629.jpg
Sat  1 Nov 23:54:29 GMT 2025: Set wallpaper to /home/solomon/.config/hypr/wallpapers/2015-Porsche-918-Spyder-012-1440.jpg
Sat  1 Nov 23:56:29 GMT 2025: Set wallpaper to /home/solomon/.config/hypr/wallpapers/hamilton_3079629.jpg
Sat  1 Nov 23:58:29 GMT 2025: Set wallpaper to /home/solomon/.config/hypr/wallpapers/SoloLinux4.png
Sun  2 Nov 00:00:29 GMT 2025: Set wallpaper to /home/solomon/.config/hypr/wallpapers/SilverW11.jpg
Sun  2 Nov 00:02:29 GMT 2025: Set wallpaper to /home/solomon/.config/hypr/wallpapers/simple.png
Sun  2 Nov 00:04:29 GMT 2025: Set wallpaper to /home/solomon/.config/hypr/wallpapers/SilverW11.jpg
Sun  2 Nov 00:06:29 GMT 2025: Set wallpaper to /home/solomon/.config/hypr/wallpapers/hyprland_wallpaper.png
Sun  2 Nov 00:08:29 GMT 2025: Set wallpaper to /home/solomon/.config/hypr/wallpapers/2011-Mercedes-Benz-C63-AMG-Coupe-Black-001-1080.jpg
Sun  2 Nov 00:10:29 GMT 2025: Set wallpaper to /home/solomon/.config/hypr/wallpapers/2008-Mazda-Furai-Concept-004-1440.jpg
Sun  2 Nov 00:12:29 GMT 2025: Set wallpaper to /home/solomon/.config/hypr/wallpapers/hyprland_wallpaper.png
Sun  2 Nov 00:14:29 GMT 2025: Set wallpaper to /home/solomon/.config/hypr/wallpapers/SoloLinux4.png
Sun  2 Nov 00:16:29 GMT 2025: Set wallpaper to /home/solomon/.config/hypr/wallpapers/1968-Lamborghini-Miura-Jota-SVR-001-1080.jpg
Sun  2 Nov 00:18:29 GMT 2025: Set wallpaper to /home/solomon/.config/hypr/wallpapers/thumb-1920-1345403.jpeg
Sun  2 Nov 00:20:29 GMT 2025: Set wallpaper to /home/solomon/.config/hypr/wallpapers/w05.webp
Sun  2 Nov 00:22:29 GMT 2025: Set wallpaper to /home/solomon/.config/hypr/wallpapers/SilverW11.jpg
Sun  2 Nov 00:24:29 GMT 2025: Set wallpaper to /home/solomon/.config/hypr/wallpapers/SilverW11.jpg
Sun  2 Nov 00:26:29 GMT 2025: Set wallpaper to /home/solomon/.config/hypr/wallpapers/2014-Mercedes-Benz-SLS-AMG-Black-Series-009-1440.jpg
Sun  2 Nov 00:28:29 GMT 2025: Set wallpaper to /home/solomon/.config/hypr/wallpapers/simple.png
Sun  2 Nov 00:30:29 GMT 2025: Set wallpaper to /home/solomon/.config/hypr/wallpapers/2008-Mazda-Furai-Concept-004-1440.jpg
Sun  2 Nov 00:32:30 GMT 2025: Set wallpaper to /home/solomon/.config/hypr/wallpapers/2008-Mazda-Furai-Concept_grey.png
Sun  2 Nov 00:34:30 GMT 2025: Set wallpaper to /home/solomon/.config/hypr/wallpapers/2015-Porsche-918-Spyder-012-1440.jpg
Sun  2 Nov 00:36:30 GMT 2025: Set wallpaper to /home/solomon/.config/hypr/wallpapers/2008-Mazda-Furai-Concept-004-1440.jpg
Sun  2 Nov 00:38:30 GMT 2025: Set wallpaper to /home/solomon/.config/hypr/wallpapers/2019-Bugatti-Divo.jpg
Sun  2 Nov 00:40:30 GMT 2025: Set wallpaper to /home/solomon/.config/hypr/wallpapers/2019-Bugatti-Divo.jpg
Sun  2 Nov 00:42:30 GMT 2025: Set wallpaper to /home/solomon/.config/hypr/wallpapers/linux-nitros-dark-ov.jpg
Sun  2 Nov 00:44:30 GMT 2025: Set wallpaper to /home/solomon/.config/hypr/wallpapers/hamilton_3079629.jpg
Sun  2 Nov 00:46:30 GMT 2025: Set wallpaper to /home/solomon/.config/hypr/wallpapers/mercedes-w11.webp
Sun  2 Nov 00:48:30 GMT 2025: Set wallpaper to /home/solomon/.config/hypr/wallpapers/linux-nitros-dark-ov.jpg
Sun  2 Nov 00:50:30 GMT 2025: Set wallpaper to /home/solomon/.config/hypr/wallpapers/hyprland_wallpaper.png
Sun  2 Nov 00:52:30 GMT 2025: Set wallpaper to /home/solomon/.config/hypr/wallpapers/SilverW11.jpg
Sun  2 Nov 00:54:30 GMT 2025: Set wallpaper to /home/solomon/.config/hypr/wallpapers/W05.jpg
Sun  2 Nov 00:56:30 GMT 2025: Set wallpaper to /home/solomon/.config/hypr/wallpapers/2008-Mazda-Furai-Concept-004-1440.jpg
Sun  2 Nov 00:58:30 GMT 2025: Set wallpaper to /home/solomon/.config/hypr/wallpapers/2009-Mercedes-Benz-SL-65-AMG-Black-003-1080.jpg
Sun  2 Nov 01:00:30 GMT 2025: Set wallpaper to /home/solomon/.config/hypr/wallpapers/hyprland_wallpaper.png
Sun  2 Nov 01:02:30 GMT 2025: Set wallpaper to /home/solomon/.config/hypr/wallpapers/2005-Ferrari-F430-007-1080.jpg
Sun  2 Nov 01:04:30 GMT 2025: Set wallpaper to /home/solomon/.config/hypr/wallpapers/hamilton_3079629.jpg
Sun  2 Nov 01:06:30 GMT 2025: Set wallpaper to /home/solomon/.config/hypr/wallpapers/2008-Mazda-Furai-Concept_grey.png
Sun  2 Nov 01:08:30 GMT 2025: Set wallpaper to /home/solomon/.config/hypr/wallpapers/hyprland_wallpaper.png
Sun  2 Nov 01:10:30 GMT 2025: Set wallpaper to /home/solomon/.config/hypr/wallpapers/hyprland_wallpaper.png
Sun  2 Nov 01:12:30 GMT 2025: Set wallpaper to /home/solomon/.config/hypr/wallpapers/1968-Lamborghini-Miura-Jota-SVR-001-1080.jpg
Sun  2 Nov 01:14:30 GMT 2025: Set wallpaper to /home/solomon/.config/hypr/wallpapers/2011-Mercedes-Benz-C63-AMG-Coupe-Black-001-1080.jpg
Sun  2 Nov 01:16:30 GMT 2025: Set wallpaper to /home/solomon/.config/hypr/wallpapers/mazda-mx5-miata-mazda-3351.jpg
Sun  2 Nov 01:18:30 GMT 2025: Set wallpaper to /home/solomon/.config/hypr/wallpapers/w05.webp
Sun  2 Nov 01:20:30 GMT 2025: Set wallpaper to /home/solomon/.config/hypr/wallpapers/hyprland_wallpaper.png
Sun  2 Nov 01:22:30 GMT 2025: Set wallpaper to /home/solomon/.config/hypr/wallpapers/2011-Mercedes-Benz-C63-AMG-Coupe-Black-002-1080.jpg
Sun  2 Nov 01:24:30 GMT 2025: Set wallpaper to /home/solomon/.config/hypr/wallpapers/2014-Mercedes-Benz-SLS-AMG-Black-Series-009-1440.jpg
Sun  2 Nov 01:26:30 GMT 2025: Set wallpaper to /home/solomon/.config/hypr/wallpapers/SilverW11.jpg
Sun  2 Nov 01:28:30 GMT 2025: Set wallpaper to /home/solomon/.config/hypr/wallpapers/1968-Lamborghini-Miura-Jota-SVR-001-1080.jpg
Sun  2 Nov 01:30:30 GMT 2025: Set wallpaper to /home/solomon/.config/hypr/wallpapers/2019-Bugatti-Divo.jpg
Sun  2 Nov 01:32:30 GMT 2025: Set wallpaper to /home/solomon/.config/hypr/wallpapers/linux-nitros-dark-ov.jpg
Sun  2 Nov 01:34:30 GMT 2025: Set wallpaper to /home/solomon/.config/hypr/wallpapers/mercedes_amg_f1_m11_eq_performance_4k-HD.jpg
Sun  2 Nov 01:36:30 GMT 2025: Set wallpaper to /home/solomon/.config/hypr/wallpapers/2008-Mazda-Furai-Concept-004-1440.jpg
Sun  2 Nov 01:38:30 GMT 2025: Set wallpaper to /home/solomon/.config/hypr/wallpapers/1979-Canepa-BMW-M1-Procar_grey.png
Sun  2 Nov 01:40:30 GMT 2025: Set wallpaper to /home/solomon/.config/hypr/wallpapers/mazda-mx5-miata-mazda-3351.jpg
Sun  2 Nov 01:42:30 GMT 2025: Set wallpaper to /home/solomon/.config/hypr/wallpapers/w11_wets.webp
Sun  2 Nov 01:44:30 GMT 2025: Set wallpaper to /home/solomon/.config/hypr/wallpapers/W11_with_DRS.jpg
Sun  2 Nov 01:46:30 GMT 2025: Set wallpaper to /home/solomon/.config/hypr/wallpapers/2014-Mercedes-Benz-SLS-AMG-Black-Series-009-1440.jpg
Sun  2 Nov 01:48:30 GMT 2025: Set wallpaper to /home/solomon/.config/hypr/wallpapers/2011-Mercedes-Benz-C63-AMG-Coupe-Black-001-1080.jpg
Sun  2 Nov 01:50:30 GMT 2025: Set wallpaper to /home/solomon/.config/hypr/wallpapers/W05.jpg
Sun  2 Nov 01:52:30 GMT 2025: Set wallpaper to /home/solomon/.config/hypr/wallpapers/hamilton_3079629.jpg
Sun  2 Nov 01:54:30 GMT 2025: Set wallpaper to /home/solomon/.config/hypr/wallpapers/2014-Mercedes-Benz-SLS-AMG-Black-Series-009-1440.jpg
Sun  2 Nov 01:56:30 GMT 2025: Set wallpaper to /home/solomon/.config/hypr/wallpapers/w05.webp
Sun  2 Nov 01:58:30 GMT 2025: Set wallpaper to /home/solomon/.config/hypr/wallpapers/w05.webp
Sun  2 Nov 02:00:30 GMT 2025: Set wallpaper to /home/solomon/.config/hypr/wallpapers/2008-Mazda-Furai-Concept-004-1440.jpg
Sun  2 Nov 02:02:30 GMT 2025: Set wallpaper to /home/solomon/.config/hypr/wallpapers/mercedes_amg_f1_m11_eq_performance_4k-HD.jpg
Sun  2 Nov 02:04:30 GMT 2025: Set wallpaper to /home/solomon/.config/hypr/wallpapers/mercedes-w11.webp
Sun  2 Nov 02:06:30 GMT 2025: Set wallpaper to /home/solomon/.config/hypr/wallpapers/w05.webp
Sun  2 Nov 02:08:30 GMT 2025: Set wallpaper to /home/solomon/.config/hypr/wallpapers/mercedes-w11.webp
Sun  2 Nov 02:10:30 GMT 2025: Set wallpaper to /home/solomon/.config/hypr/wallpapers/2015-Porsche-918-Spyder-012-1440.jpg
Sun  2 Nov 02:12:30 GMT 2025: Set wallpaper to /home/solomon/.config/hypr/wallpapers/1979-Canepa-BMW-M1-Procar_grey.png
Sun  2 Nov 02:14:30 GMT 2025: Set wallpaper to /home/solomon/.config/hypr/wallpapers/W05.jpg
Sun  2 Nov 02:16:30 GMT 2025: Set wallpaper to /home/solomon/.config/hypr/wallpapers/w05.webp
Sun  2 Nov 02:18:30 GMT 2025: Set wallpaper to /home/solomon/.config/hypr/wallpapers/2011-Mercedes-Benz-C63-AMG-Coupe-Black-001-1080.jpg
Sun  2 Nov 02:20:30 GMT 2025: Set wallpaper to /home/solomon/.config/hypr/wallpapers/2005-Ferrari-F430-007-1080.jpg
Sun  2 Nov 02:22:31 GMT 2025: Set wallpaper to /home/solomon/.config/hypr/wallpapers/2019-Bugatti-Divo.jpg
Sun  2 Nov 02:24:31 GMT 2025: Set wallpaper to /home/solomon/.config/hypr/wallpapers/SoloLinux4.png
Sun  2 Nov 02:26:31 GMT 2025: Set wallpaper to /home/solomon/.config/hypr/wallpapers/1968-Lamborghini-Miura-Jota-SVR-001-1080.jpg
Sun  2 Nov 02:28:31 GMT 2025: Set wallpaper to /home/solomon/.config/hypr/wallpapers/2005-Ferrari-F430-007-1080.jpg
Sun  2 Nov 02:30:31 GMT 2025: Set wallpaper to /home/solomon/.config/hypr/wallpapers/w05.webp
Sun  2 Nov 02:32:31 GMT 2025: Set wallpaper to /home/solomon/.config/hypr/wallpapers/w11_pfp.webp
Sun  2 Nov 02:34:31 GMT 2025: Set wallpaper to /home/solomon/.config/hypr/wallpapers/w11_pfp.webp
Sun  2 Nov 02:36:31 GMT 2025: Set wallpaper to /home/solomon/.config/hypr/wallpapers/w11_wets.webp
Sun  2 Nov 02:38:31 GMT 2025: Set wallpaper to /home/solomon/.config/hypr/wallpapers/thumb-1920-1345403.jpeg
Sun  2 Nov 02:40:31 GMT 2025: Set wallpaper to /home/solomon/.config/hypr/wallpapers/2008-Mazda-Furai-Concept_grey.png
Sun  2 Nov 02:42:31 GMT 2025: Set wallpaper to /home/solomon/.config/hypr/wallpapers/2009-Mercedes-Benz-SL-65-AMG-Black-003-1080.jpg
Sun  2 Nov 02:44:31 GMT 2025: Set wallpaper to /home/solomon/.config/hypr/wallpapers/w11_wets.webp
Sun  2 Nov 02:46:31 GMT 2025: Set wallpaper to /home/solomon/.config/hypr/wallpapers/2019-Bugatti-Divo.jpg
Sun  2 Nov 02:48:31 GMT 2025: Set wallpaper to /home/solomon/.config/hypr/wallpapers/2009-Mercedes-Benz-SL-65-AMG-Black-003-1080.jpg
Sun  2 Nov 02:50:31 GMT 2025: Set wallpaper to /home/solomon/.config/hypr/wallpapers/2015-Porsche-918-Spyder-012-1440.jpg
Sun  2 Nov 02:52:31 GMT 2025: Set wallpaper to /home/solomon/.config/hypr/wallpapers/w11_pfp.webp
Sun  2 Nov 02:54:31 GMT 2025: Set wallpaper to /home/solomon/.config/hypr/wallpapers/2014-Mercedes-Benz-SLS-AMG-Black-Series-009-1440.jpg
Sun  2 Nov 02:56:31 GMT 2025: Set wallpaper to /home/solomon/.config/hypr/wallpapers/1979-Canepa-BMW-M1-Procar_grey.png
Sun  2 Nov 02:58:31 GMT 2025: Set wallpaper to /home/solomon/.config/hypr/wallpapers/2009-Mercedes-Benz-SL-65-AMG-Black-003-1080.jpg
Sun  2 Nov 03:00:31 GMT 2025: Set wallpaper to /home/solomon/.config/hypr/wallpapers/2011-Mercedes-Benz-C63-AMG-Coupe-Black-001-1080.jpg
Sun  2 Nov 03:02:31 GMT 2025: Set wallpaper to /home/solomon/.config/hypr/wallpapers/hamilton_3079629.jpg
Sun  2 Nov 03:04:31 GMT 2025: Set wallpaper to /home/solomon/.config/hypr/wallpapers/simple.png
Sun  2 Nov 03:06:31 GMT 2025: Set wallpaper to /home/solomon/.config/hypr/wallpapers/SoloLinux4.png
Sun  2 Nov 14:40:59 GMT 2025: Set wallpaper to /home/solomon/.config/hypr/wallpapers/2008-Mazda-Furai-Concept_grey.png
Sun  2 Nov 14:42:59 GMT 2025: Set wallpaper to /home/solomon/.config/hypr/wallpapers/2015-Porsche-918-Spyder-012-1440.jpg
Sun  2 Nov 14:44:59 GMT 2025: Set wallpaper to /home/solomon/.config/hypr/wallpapers/2005-Ferrari-F430-007-1080.jpg
Sun  2 Nov 14:46:59 GMT 2025: Set wallpaper to /home/solomon/.config/hypr/wallpapers/2009-Mercedes-Benz-SL-65-AMG-Black-003-1080.jpg
Sun  2 Nov 14:48:59 GMT 2025: Set wallpaper to /home/solomon/.config/hypr/wallpapers/2005-Ferrari-F430-007-1080.jpg
Sun  2 Nov 14:50:59 GMT 2025: Set wallpaper to /home/solomon/.config/hypr/wallpapers/W05.jpg
Sun  2 Nov 14:52:59 GMT 2025: Set wallpaper to /home/solomon/.config/hypr/wallpapers/1968-Lamborghini-Miura-Jota-SVR-001-1080.jpg
Sun  2 Nov 14:54:59 GMT 2025: Set wallpaper to /home/solomon/.config/hypr/wallpapers/1979-Canepa-BMW-M1-Procar_grey.png
Sun  2 Nov 14:56:59 GMT 2025: Set wallpaper to /home/solomon/.config/hypr/wallpapers/astize_cc0_split1.png
Sun  2 Nov 14:58:59 GMT 2025: Set wallpaper to /home/solomon/.config/hypr/wallpapers/2008-Mazda-Furai-Concept_grey.png
Sun  2 Nov 15:00:59 GMT 2025: Set wallpaper to /home/solomon/.config/hypr/wallpapers/astize_cc0_split1.png
Sun  2 Nov 15:02:59 GMT 2025: Set wallpaper to /home/solomon/.config/hypr/wallpapers/2014-Mercedes-Benz-SLS-AMG-Black-Series-009-1440.jpg
Sun  2 Nov 15:05:00 GMT 2025: Set wallpaper to /home/solomon/.config/hypr/wallpapers/simple.png
Sun  2 Nov 15:07:00 GMT 2025: Set wallpaper to /home/solomon/.config/hypr/wallpapers/2019-Bugatti-Divo.jpg
Sun  2 Nov 15:09:00 GMT 2025: Set wallpaper to /home/solomon/.config/hypr/wallpapers/W05.jpg
Sun  2 Nov 15:11:00 GMT 2025: Set wallpaper to /home/solomon/.config/hypr/wallpapers/2009-Mercedes-Benz-SL-65-AMG-Black-003-1080.jpg
Sun  2 Nov 15:13:00 GMT 2025: Set wallpaper to /home/solomon/.config/hypr/wallpapers/1968-Lamborghini-Miura-Jota-SVR-001-1080.jpg
Sun  2 Nov 15:15:00 GMT 2025: Set wallpaper to /home/solomon/.config/hypr/wallpapers/2014-Mercedes-Benz-SLS-AMG-Black-Series-009-1440.jpg
Sun  2 Nov 15:17:00 GMT 2025: Set wallpaper to /home/solomon/.config/hypr/wallpapers/2011-Mercedes-Benz-C63-AMG-Coupe-Black-001-1080.jpg
Sun  2 Nov 15:19:00 GMT 2025: Set wallpaper to /home/solomon/.config/hypr/wallpapers/2015-Porsche-918-Spyder-012-1440.jpg
Sun  2 Nov 15:21:00 GMT 2025: Set wallpaper to /home/solomon/.config/hypr/wallpapers/1979-Canepa-BMW-M1-Procar_grey.png
Sun  2 Nov 15:23:00 GMT 2025: Set wallpaper to /home/solomon/.config/hypr/wallpapers/w11_pfp.webp
Sun  2 Nov 15:25:00 GMT 2025: Set wallpaper to /home/solomon/.config/hypr/wallpapers/linux-nitros-dark-ov.jpg
Sun  2 Nov 15:27:00 GMT 2025: Set wallpaper to /home/solomon/.config/hypr/wallpapers/mercedes-w11.webp
Sun  2 Nov 15:29:00 GMT 2025: Set wallpaper to /home/solomon/.config/hypr/wallpapers/mercedes-w11.webp
Sun  2 Nov 15:31:00 GMT 2025: Set wallpaper to /home/solomon/.config/hypr/wallpapers/2011-Mercedes-Benz-C63-AMG-Coupe-Black-002-1080.jpg
Sun  2 Nov 15:33:00 GMT 2025: Set wallpaper to /home/solomon/.config/hypr/wallpapers/w11_wets.webp
Sun  2 Nov 15:35:00 GMT 2025: Set wallpaper to /home/solomon/.config/hypr/wallpapers/astize_cc0_split1.png
Sun  2 Nov 15:37:00 GMT 2025: Set wallpaper to /home/solomon/.config/hypr/wallpapers/2014-Mercedes-Benz-SLS-AMG-Black-Series-009-1440.jpg
Sun  2 Nov 15:39:00 GMT 2025: Set wallpaper to /home/solomon/.config/hypr/wallpapers/2014-Mercedes-Benz-SLS-AMG-Black-Series-009-1440.jpg
Sun  2 Nov 15:41:00 GMT 2025: Set wallpaper to /home/solomon/.config/hypr/wallpapers/thumb-1920-1345403.jpeg
Sun  2 Nov 15:43:00 GMT 2025: Set wallpaper to /home/solomon/.config/hypr/wallpapers/2015-Porsche-918-Spyder-012-1440.jpg
Sun  2 Nov 15:45:00 GMT 2025: Set wallpaper to /home/solomon/.config/hypr/wallpapers/2011-Mercedes-Benz-C63-AMG-Coupe-Black-002-1080.jpg
Sun  2 Nov 15:47:00 GMT 2025: Set wallpaper to /home/solomon/.config/hypr/wallpapers/2015-Porsche-918-Spyder-012-1440.jpg
Sun  2 Nov 15:49:00 GMT 2025: Set wallpaper to /home/solomon/.config/hypr/wallpapers/hamilton_3079629.jpg
Sun  2 Nov 15:51:00 GMT 2025: Set wallpaper to /home/solomon/.config/hypr/wallpapers/2014-Mercedes-Benz-SLS-AMG-Black-Series-009-1440.jpg
Sun  2 Nov 15:53:00 GMT 2025: Set wallpaper to /home/solomon/.config/hypr/wallpapers/w11_pfp.webp
Sun  2 Nov 15:55:00 GMT 2025: Set wallpaper to /home/solomon/.config/hypr/wallpapers/w11_wets.webp
Sun  2 Nov 15:57:00 GMT 2025: Set wallpaper to /home/solomon/.config/hypr/wallpapers/hamilton_3079629.jpg
Sun  2 Nov 15:59:00 GMT 2025: Set wallpaper to /home/solomon/.config/hypr/wallpapers/mercedes-w11.webp
Sun  2 Nov 20:03:23 GMT 2025: Set wallpaper to /home/solomon/.config/hypr/wallpapers/hyprland_wallpaper.png
Sun  2 Nov 20:05:23 GMT 2025: Set wallpaper to /home/solomon/.config/hypr/wallpapers/SoloLinux4.png
Sun  2 Nov 20:07:23 GMT 2025: Set wallpaper to /home/solomon/.config/hypr/wallpapers/simple.png
Sun  2 Nov 20:09:23 GMT 2025: Set wallpaper to /home/solomon/.config/hypr/wallpapers/W05.jpg
Sun  2 Nov 20:11:23 GMT 2025: Set wallpaper to /home/solomon/.config/hypr/wallpapers/W05.jpg
Sun  2 Nov 20:13:23 GMT 2025: Set wallpaper to /home/solomon/.config/hypr/wallpapers/1979-Canepa-BMW-M1-Procar_grey.png
Sun  2 Nov 20:15:24 GMT 2025: Set wallpaper to /home/solomon/.config/hypr/wallpapers/mercedes-w11.webp
Sun  2 Nov 20:17:24 GMT 2025: Set wallpaper to /home/solomon/.config/hypr/wallpapers/simple.png
Sun  2 Nov 20:19:24 GMT 2025: Set wallpaper to /home/solomon/.config/hypr/wallpapers/2011-Mercedes-Benz-C63-AMG-Coupe-Black-001-1080.jpg
Sun  2 Nov 20:21:24 GMT 2025: Set wallpaper to /home/solomon/.config/hypr/wallpapers/2005-Ferrari-F430-007-1080.jpg
Sun  2 Nov 20:23:24 GMT 2025: Set wallpaper to /home/solomon/.config/hypr/wallpapers/2011-Mercedes-Benz-C63-AMG-Coupe-Black-001-1080.jpg
Sun  2 Nov 20:25:24 GMT 2025: Set wallpaper to /home/solomon/.config/hypr/wallpapers/simple.png
Sun  2 Nov 20:27:24 GMT 2025: Set wallpaper to /home/solomon/.config/hypr/wallpapers/1979-Canepa-BMW-M1-Procar_grey.png
Sun  2 Nov 20:29:24 GMT 2025: Set wallpaper to /home/solomon/.config/hypr/wallpapers/w05.webp
Sun  2 Nov 20:31:24 GMT 2025: Set wallpaper to /home/solomon/.config/hypr/wallpapers/mercedes_amg_f1_m11_eq_performance_4k-HD.jpg
Sun  2 Nov 20:33:24 GMT 2025: Set wallpaper to /home/solomon/.config/hypr/wallpapers/1979-Canepa-BMW-M1-Procar_grey.png
Sun  2 Nov 20:35:24 GMT 2025: Set wallpaper to /home/solomon/.config/hypr/wallpapers/2014-Mercedes-Benz-SLS-AMG-Black-Series-009-1440.jpg
Sun  2 Nov 20:37:24 GMT 2025: Set wallpaper to /home/solomon/.config/hypr/wallpapers/hyprland_wallpaper.png
Sun  2 Nov 20:39:24 GMT 2025: Set wallpaper to /home/solomon/.config/hypr/wallpapers/2015-Porsche-918-Spyder-012-1440.jpg
Sun  2 Nov 20:41:24 GMT 2025: Set wallpaper to /home/solomon/.config/hypr/wallpapers/W05.jpg
Sun  2 Nov 20:43:24 GMT 2025: Set wallpaper to /home/solomon/.config/hypr/wallpapers/W05.jpg
Sun  2 Nov 20:45:24 GMT 2025: Set wallpaper to /home/solomon/.config/hypr/wallpapers/hamilton_3079629.jpg
Sun  2 Nov 20:47:24 GMT 2025: Set wallpaper to /home/solomon/.config/hypr/wallpapers/2014-Mercedes-Benz-SLS-AMG-Black-Series-009-1440.jpg
Sun  2 Nov 20:49:24 GMT 2025: Set wallpaper to /home/solomon/.config/hypr/wallpapers/2014-Mercedes-Benz-SLS-AMG-Black-Series-009-1440.jpg
Sun  2 Nov 20:51:24 GMT 2025: Set wallpaper to /home/solomon/.config/hypr/wallpapers/simple.png
Sun  2 Nov 20:53:24 GMT 2025: Set wallpaper to /home/solomon/.config/hypr/wallpapers/2019-Bugatti-Divo.jpg
Sun  2 Nov 20:55:24 GMT 2025: Set wallpaper to /home/solomon/.config/hypr/wallpapers/1979-Canepa-BMW-M1-Procar_grey.png
Sun  2 Nov 20:57:24 GMT 2025: Set wallpaper to /home/solomon/.config/hypr/wallpapers/2014-Mercedes-Benz-SLS-AMG-Black-Series-009-1440.jpg
Sun  2 Nov 20:59:24 GMT 2025: Set wallpaper to /home/solomon/.config/hypr/wallpapers/astize_cc0_split1.png
Sun  2 Nov 21:01:24 GMT 2025: Set wallpaper to /home/solomon/.config/hypr/wallpapers/2019-Bugatti-Divo.jpg
Sun  2 Nov 21:03:24 GMT 2025: Set wallpaper to /home/solomon/.config/hypr/wallpapers/2009-Mercedes-Benz-SL-65-AMG-Black-003-1080.jpg
Sun  2 Nov 21:05:24 GMT 2025: Set wallpaper to /home/solomon/.config/hypr/wallpapers/2011-Mercedes-Benz-C63-AMG-Coupe-Black-002-1080.jpg
Sun  2 Nov 21:07:24 GMT 2025: Set wallpaper to /home/solomon/.config/hypr/wallpapers/2008-Mazda-Furai-Concept_grey.png
Sun  2 Nov 21:09:24 GMT 2025: Set wallpaper to /home/solomon/.config/hypr/wallpapers/2005-Ferrari-F430-007-1080.jpg
Sun  2 Nov 21:11:24 GMT 2025: Set wallpaper to /home/solomon/.config/hypr/wallpapers/1968-Lamborghini-Miura-Jota-SVR-001-1080.jpg
Sun  2 Nov 21:13:24 GMT 2025: Set wallpaper to /home/solomon/.config/hypr/wallpapers/2008-Mazda-Furai-Concept_grey.png
Sun  2 Nov 21:15:24 GMT 2025: Set wallpaper to /home/solomon/.config/hypr/wallpapers/mazda-mx5-miata-mazda-3351.jpg
Sun  2 Nov 21:17:24 GMT 2025: Set wallpaper to /home/solomon/.config/hypr/wallpapers/2019-Bugatti-Divo.jpg
Sun  2 Nov 21:19:24 GMT 2025: Set wallpaper to /home/solomon/.config/hypr/wallpapers/mercedes_amg_f1_m11_eq_performance_4k-HD.jpg
Sun  2 Nov 21:21:24 GMT 2025: Set wallpaper to /home/solomon/.config/hypr/wallpapers/2014-Mercedes-Benz-SLS-AMG-Black-Series-009-1440.jpg
Sun  2 Nov 21:23:24 GMT 2025: Set wallpaper to /home/solomon/.config/hypr/wallpapers/w11_pfp.webp
Sun  2 Nov 21:25:24 GMT 2025: Set wallpaper to /home/solomon/.config/hypr/wallpapers/2019-Bugatti-Divo.jpg
Sun  2 Nov 21:27:24 GMT 2025: Set wallpaper to /home/solomon/.config/hypr/wallpapers/2008-Mazda-Furai-Concept_grey.png
Sun  2 Nov 21:29:24 GMT 2025: Set wallpaper to /home/solomon/.config/hypr/wallpapers/linux-nitros-dark-ov.jpg
Sun  2 Nov 21:31:24 GMT 2025: Set wallpaper to /home/solomon/.config/hypr/wallpapers/linux-nitros-dark-ov.jpg
Sun  2 Nov 21:33:24 GMT 2025: Set wallpaper to /home/solomon/.config/hypr/wallpapers/1979-Canepa-BMW-M1-Procar_grey.png
Sun  2 Nov 21:35:24 GMT 2025: Set wallpaper to /home/solomon/.config/hypr/wallpapers/W11_with_DRS.jpg
Sun  2 Nov 21:37:24 GMT 2025: Set wallpaper to /home/solomon/.config/hypr/wallpapers/2011-Mercedes-Benz-C63-AMG-Coupe-Black-002-1080.jpg
Sun  2 Nov 21:39:24 GMT 2025: Set wallpaper to /home/solomon/.config/hypr/wallpapers/w11_pfp.webp
Sun  2 Nov 21:41:24 GMT 2025: Set wallpaper to /home/solomon/.config/hypr/wallpapers/SoloLinux4.png
Sun  2 Nov 21:43:25 GMT 2025: Set wallpaper to /home/solomon/.config/hypr/wallpapers/hyprland_wallpaper.png
Sun  2 Nov 21:45:25 GMT 2025: Set wallpaper to /home/solomon/.config/hypr/wallpapers/1968-Lamborghini-Miura-Jota-SVR-001-1080.jpg
Sun  2 Nov 21:47:25 GMT 2025: Set wallpaper to /home/solomon/.config/hypr/wallpapers/W11_with_DRS.jpg
Sun  2 Nov 21:49:25 GMT 2025: Set wallpaper to /home/solomon/.config/hypr/wallpapers/hyprland_wallpaper.png
Sun  2 Nov 21:51:25 GMT 2025: Set wallpaper to /home/solomon/.config/hypr/wallpapers/mazda-mx5-miata-mazda-3351.jpg
Sun  2 Nov 21:53:25 GMT 2025: Set wallpaper to /home/solomon/.config/hypr/wallpapers/1968-Lamborghini-Miura-Jota-SVR-001-1080.jpg
Sun  2 Nov 21:55:25 GMT 2025: Set wallpaper to /home/solomon/.config/hypr/wallpapers/w11_wets.webp
Sun  2 Nov 21:57:25 GMT 2025: Set wallpaper to /home/solomon/.config/hypr/wallpapers/thumb-1920-1345403.jpeg
Sun  2 Nov 21:59:25 GMT 2025: Set wallpaper to /home/solomon/.config/hypr/wallpapers/w05.webp
Sun  2 Nov 22:01:25 GMT 2025: Set wallpaper to /home/solomon/.config/hypr/wallpapers/2014-Mercedes-Benz-SLS-AMG-Black-Series-009-1440.jpg
Sun  2 Nov 22:03:25 GMT 2025: Set wallpaper to /home/solomon/.config/hypr/wallpapers/w11_pfp.webp
Sun  2 Nov 22:05:25 GMT 2025: Set wallpaper to /home/solomon/.config/hypr/wallpapers/W05.jpg
Sun  2 Nov 22:07:25 GMT 2025: Set wallpaper to /home/solomon/.config/hypr/wallpapers/2009-Mercedes-Benz-SL-65-AMG-Black-003-1080.jpg
Sun  2 Nov 22:09:25 GMT 2025: Set wallpaper to /home/solomon/.config/hypr/wallpapers/mercedes-w11.webp
Sun  2 Nov 22:11:25 GMT 2025: Set wallpaper to /home/solomon/.config/hypr/wallpapers/2015-Porsche-918-Spyder-012-1440.jpg
Sun  2 Nov 22:13:25 GMT 2025: Set wallpaper to /home/solomon/.config/hypr/wallpapers/w11_pfp.webp
Sun  2 Nov 22:15:25 GMT 2025: Set wallpaper to /home/solomon/.config/hypr/wallpapers/mercedes_amg_f1_m11_eq_performance_4k-HD.jpg
Sun  2 Nov 22:17:25 GMT 2025: Set wallpaper to /home/solomon/.config/hypr/wallpapers/1968-Lamborghini-Miura-Jota-SVR-001-1080.jpg
Mon  3 Nov 03:21:56 GMT 2025: Set wallpaper to /home/solomon/.config/hypr/wallpapers/SilverW11.jpg
Mon  3 Nov 03:23:55 GMT 2025: Set wallpaper to /home/solomon/.config/hypr/wallpapers/1968-Lamborghini-Miura-Jota-SVR-001-1080.jpg
Mon  3 Nov 03:25:55 GMT 2025: Set wallpaper to /home/solomon/.config/hypr/wallpapers/mercedes_amg_f1_m11_eq_performance_4k-HD.jpg
Mon  3 Nov 03:27:55 GMT 2025: Set wallpaper to /home/solomon/.config/hypr/wallpapers/W05.jpg
Mon  3 Nov 03:29:55 GMT 2025: Set wallpaper to /home/solomon/.config/hypr/wallpapers/2008-Mazda-Furai-Concept-004-1440.jpg
Mon  3 Nov 03:31:55 GMT 2025: Set wallpaper to /home/solomon/.config/hypr/wallpapers/thumb-1920-1345403.jpeg
Mon  3 Nov 03:33:55 GMT 2025: Set wallpaper to /home/solomon/.config/hypr/wallpapers/2019-Bugatti-Divo.jpg
Mon  3 Nov 03:35:56 GMT 2025: Set wallpaper to /home/solomon/.config/hypr/wallpapers/SoloLinux4.png
Mon  3 Nov 03:37:56 GMT 2025: Set wallpaper to /home/solomon/.config/hypr/wallpapers/2009-Mercedes-Benz-SL-65-AMG-Black-003-1080.jpg
Mon  3 Nov 03:39:56 GMT 2025: Set wallpaper to /home/solomon/.config/hypr/wallpapers/w11_pfp.webp
Mon  3 Nov 03:41:56 GMT 2025: Set wallpaper to /home/solomon/.config/hypr/wallpapers/2019-Bugatti-Divo.jpg
Mon  3 Nov 03:43:56 GMT 2025: Set wallpaper to /home/solomon/.config/hypr/wallpapers/W05.jpg
Mon  3 Nov 03:45:56 GMT 2025: Set wallpaper to /home/solomon/.config/hypr/wallpapers/W11_with_DRS.jpg
Mon  3 Nov 03:47:56 GMT 2025: Set wallpaper to /home/solomon/.config/hypr/wallpapers/2015-Porsche-918-Spyder-012-1440.jpg
Mon  3 Nov 03:49:56 GMT 2025: Set wallpaper to /home/solomon/.config/hypr/wallpapers/W11_with_DRS.jpg
Mon  3 Nov 03:51:56 GMT 2025: Set wallpaper to /home/solomon/.config/hypr/wallpapers/mercedes_amg_f1_m11_eq_performance_4k-HD.jpg
Mon  3 Nov 03:53:56 GMT 2025: Set wallpaper to /home/solomon/.config/hypr/wallpapers/2008-Mazda-Furai-Concept-004-1440.jpg
Mon  3 Nov 03:55:56 GMT 2025: Set wallpaper to /home/solomon/.config/hypr/wallpapers/2005-Ferrari-F430-007-1080.jpg
Mon  3 Nov 03:57:56 GMT 2025: Set wallpaper to /home/solomon/.config/hypr/wallpapers/hyprland_wallpaper.png
Mon  3 Nov 03:59:56 GMT 2025: Set wallpaper to /home/solomon/.config/hypr/wallpapers/2008-Mazda-Furai-Concept-004-1440.jpg
Mon  3 Nov 04:01:56 GMT 2025: Set wallpaper to /home/solomon/.config/hypr/wallpapers/mazda-mx5-miata-mazda-3351.jpg
Mon  3 Nov 04:03:56 GMT 2025: Set wallpaper to /home/solomon/.config/hypr/wallpapers/w11_pfp.webp
Mon  3 Nov 04:05:56 GMT 2025: Set wallpaper to /home/solomon/.config/hypr/wallpapers/2019-Bugatti-Divo.jpg
Mon  3 Nov 04:07:56 GMT 2025: Set wallpaper to /home/solomon/.config/hypr/wallpapers/hamilton_3079629.jpg
Mon  3 Nov 04:09:56 GMT 2025: Set wallpaper to /home/solomon/.config/hypr/wallpapers/2008-Mazda-Furai-Concept_grey.png
Mon  3 Nov 04:11:56 GMT 2025: Set wallpaper to /home/solomon/.config/hypr/wallpapers/2015-Porsche-918-Spyder-012-1440.jpg
Mon  3 Nov 04:13:56 GMT 2025: Set wallpaper to /home/solomon/.config/hypr/wallpapers/2009-Mercedes-Benz-SL-65-AMG-Black-003-1080.jpg
Mon  3 Nov 04:15:56 GMT 2025: Set wallpaper to /home/solomon/.config/hypr/wallpapers/mercedes-w11.webp
Mon  3 Nov 04:17:56 GMT 2025: Set wallpaper to /home/solomon/.config/hypr/wallpapers/thumb-1920-1345403.jpeg
Mon  3 Nov 04:19:56 GMT 2025: Set wallpaper to /home/solomon/.config/hypr/wallpapers/w11_pfp.webp
Mon  3 Nov 04:21:56 GMT 2025: Set wallpaper to /home/solomon/.config/hypr/wallpapers/mercedes_amg_f1_m11_eq_performance_4k-HD.jpg
Mon  3 Nov 04:23:56 GMT 2025: Set wallpaper to /home/solomon/.config/hypr/wallpapers/2015-Porsche-918-Spyder-012-1440.jpg
Mon  3 Nov 04:25:56 GMT 2025: Set wallpaper to /home/solomon/.config/hypr/wallpapers/2014-Mercedes-Benz-SLS-AMG-Black-Series-009-1440.jpg
Mon  3 Nov 04:27:56 GMT 2025: Set wallpaper to /home/solomon/.config/hypr/wallpapers/1968-Lamborghini-Miura-Jota-SVR-001-1080.jpg
Mon  3 Nov 04:29:56 GMT 2025: Set wallpaper to /home/solomon/.config/hypr/wallpapers/2014-Mercedes-Benz-SLS-AMG-Black-Series-009-1440.jpg
Mon  3 Nov 04:31:56 GMT 2025: Set wallpaper to /home/solomon/.config/hypr/wallpapers/2011-Mercedes-Benz-C63-AMG-Coupe-Black-002-1080.jpg
Mon  3 Nov 04:33:56 GMT 2025: Set wallpaper to /home/solomon/.config/hypr/wallpapers/mercedes-w11.webp
Mon  3 Nov 04:35:56 GMT 2025: Set wallpaper to /home/solomon/.config/hypr/wallpapers/mercedes_amg_f1_m11_eq_performance_4k-HD.jpg
Mon  3 Nov 04:37:56 GMT 2025: Set wallpaper to /home/solomon/.config/hypr/wallpapers/SoloLinux4.png
Mon  3 Nov 04:39:57 GMT 2025: Set wallpaper to /home/solomon/.config/hypr/wallpapers/SoloLinux4.png
Mon  3 Nov 04:41:57 GMT 2025: Set wallpaper to /home/solomon/.config/hypr/wallpapers/w05.webp
Mon  3 Nov 04:43:57 GMT 2025: Set wallpaper to /home/solomon/.config/hypr/wallpapers/SilverW11.jpg
Mon  3 Nov 04:45:57 GMT 2025: Set wallpaper to /home/solomon/.config/hypr/wallpapers/1979-Canepa-BMW-M1-Procar_grey.png
Mon  3 Nov 04:47:57 GMT 2025: Set wallpaper to /home/solomon/.config/hypr/wallpapers/w11_pfp.webp
Mon  3 Nov 04:49:57 GMT 2025: Set wallpaper to /home/solomon/.config/hypr/wallpapers/SoloLinux4.png
Mon  3 Nov 04:51:57 GMT 2025: Set wallpaper to /home/solomon/.config/hypr/wallpapers/1968-Lamborghini-Miura-Jota-SVR-001-1080.jpg
Mon  3 Nov 04:53:57 GMT 2025: Set wallpaper to /home/solomon/.config/hypr/wallpapers/2008-Mazda-Furai-Concept_grey.png
Mon  3 Nov 04:55:57 GMT 2025: Set wallpaper to /home/solomon/.config/hypr/wallpapers/2014-Mercedes-Benz-SLS-AMG-Black-Series-009-1440.jpg
Mon  3 Nov 04:57:57 GMT 2025: Set wallpaper to /home/solomon/.config/hypr/wallpapers/hamilton_3079629.jpg
Mon  3 Nov 04:59:57 GMT 2025: Set wallpaper to /home/solomon/.config/hypr/wallpapers/mercedes-w11.webp
Mon  3 Nov 05:01:57 GMT 2025: Set wallpaper to /home/solomon/.config/hypr/wallpapers/w05.webp
Mon  3 Nov 05:03:57 GMT 2025: Set wallpaper to /home/solomon/.config/hypr/wallpapers/2019-Bugatti-Divo.jpg
Mon  3 Nov 05:04:47 GMT 2025: Set wallpaper to /home/solomon/.config/hypr/wallpapers/w11_wets.webp
Mon  3 Nov 05:06:47 GMT 2025: Set wallpaper to /home/solomon/.config/hypr/wallpapers/hamilton_3079629.jpg
Mon  3 Nov 05:08:47 GMT 2025: Set wallpaper to /home/solomon/.config/hypr/wallpapers/astize_cc0_split1.png
Mon  3 Nov 05:10:47 GMT 2025: Set wallpaper to /home/solomon/.config/hypr/wallpapers/hamilton_3079629.jpg
Mon  3 Nov 05:12:47 GMT 2025: Set wallpaper to /home/solomon/.config/hypr/wallpapers/simple.png
Mon  3 Nov 05:14:47 GMT 2025: Set wallpaper to /home/solomon/.config/hypr/wallpapers/2019-Bugatti-Divo.jpg
Mon  3 Nov 05:16:47 GMT 2025: Set wallpaper to /home/solomon/.config/hypr/wallpapers/hamilton_3079629.jpg
Mon  3 Nov 05:18:47 GMT 2025: Set wallpaper to /home/solomon/.config/hypr/wallpapers/W11_with_DRS.jpg
Mon  3 Nov 05:20:48 GMT 2025: Set wallpaper to /home/solomon/.config/hypr/wallpapers/2015-Porsche-918-Spyder-012-1440.jpg
Mon  3 Nov 05:22:48 GMT 2025: Set wallpaper to /home/solomon/.config/hypr/wallpapers/W05.jpg
Mon  3 Nov 05:24:48 GMT 2025: Set wallpaper to /home/solomon/.config/hypr/wallpapers/2014-Mercedes-Benz-SLS-AMG-Black-Series-009-1440.jpg
Mon  3 Nov 05:26:48 GMT 2025: Set wallpaper to /home/solomon/.config/hypr/wallpapers/hamilton_3079629.jpg
Mon  3 Nov 05:28:48 GMT 2025: Set wallpaper to /home/solomon/.config/hypr/wallpapers/2011-Mercedes-Benz-C63-AMG-Coupe-Black-002-1080.jpg
Mon  3 Nov 05:30:48 GMT 2025: Set wallpaper to /home/solomon/.config/hypr/wallpapers/SoloLinux4.png
Mon  3 Nov 05:32:48 GMT 2025: Set wallpaper to /home/solomon/.config/hypr/wallpapers/2011-Mercedes-Benz-C63-AMG-Coupe-Black-001-1080.jpg
Mon  3 Nov 05:34:48 GMT 2025: Set wallpaper to /home/solomon/.config/hypr/wallpapers/W11_with_DRS.jpg
Mon  3 Nov 05:36:48 GMT 2025: Set wallpaper to /home/solomon/.config/hypr/wallpapers/2015-Porsche-918-Spyder-012-1440.jpg
Mon  3 Nov 05:38:48 GMT 2025: Set wallpaper to /home/solomon/.config/hypr/wallpapers/SoloLinux4.png
Mon  3 Nov 05:40:48 GMT 2025: Set wallpaper to /home/solomon/.config/hypr/wallpapers/2005-Ferrari-F430-007-1080.jpg
Mon  3 Nov 05:42:48 GMT 2025: Set wallpaper to /home/solomon/.config/hypr/wallpapers/2019-Bugatti-Divo.jpg
Mon  3 Nov 05:44:48 GMT 2025: Set wallpaper to /home/solomon/.config/hypr/wallpapers/1979-Canepa-BMW-M1-Procar_grey.png
Mon  3 Nov 05:46:48 GMT 2025: Set wallpaper to /home/solomon/.config/hypr/wallpapers/1979-Canepa-BMW-M1-Procar_grey.png
Mon  3 Nov 05:48:48 GMT 2025: Set wallpaper to /home/solomon/.config/hypr/wallpapers/2011-Mercedes-Benz-C63-AMG-Coupe-Black-001-1080.jpg
Mon  3 Nov 05:50:48 GMT 2025: Set wallpaper to /home/solomon/.config/hypr/wallpapers/simple.png
Mon  3 Nov 05:52:48 GMT 2025: Set wallpaper to /home/solomon/.config/hypr/wallpapers/SilverW11.jpg
Mon  3 Nov 05:54:48 GMT 2025: Set wallpaper to /home/solomon/.config/hypr/wallpapers/linux-nitros-dark-ov.jpg
Mon  3 Nov 05:56:48 GMT 2025: Set wallpaper to /home/solomon/.config/hypr/wallpapers/2011-Mercedes-Benz-C63-AMG-Coupe-Black-001-1080.jpg
Mon  3 Nov 05:58:48 GMT 2025: Set wallpaper to /home/solomon/.config/hypr/wallpapers/2009-Mercedes-Benz-SL-65-AMG-Black-003-1080.jpg
Mon  3 Nov 11:41:57 GMT 2025: Set wallpaper to /home/solomon/.config/hypr/wallpapers/w11_wets.webp
Mon  3 Nov 11:43:57 GMT 2025: Set wallpaper to /home/solomon/.config/hypr/wallpapers/2011-Mercedes-Benz-C63-AMG-Coupe-Black-002-1080.jpg
Mon  3 Nov 11:45:57 GMT 2025: Set wallpaper to /home/solomon/.config/hypr/wallpapers/2019-Bugatti-Divo.jpg
Mon  3 Nov 11:47:57 GMT 2025: Set wallpaper to /home/solomon/.config/hypr/wallpapers/w11_wets.webp
Mon  3 Nov 11:49:57 GMT 2025: Set wallpaper to /home/solomon/.config/hypr/wallpapers/1968-Lamborghini-Miura-Jota-SVR-001-1080.jpg
Mon  3 Nov 11:51:57 GMT 2025: Set wallpaper to /home/solomon/.config/hypr/wallpapers/2008-Mazda-Furai-Concept-004-1440.jpg
Mon  3 Nov 11:53:57 GMT 2025: Set wallpaper to /home/solomon/.config/hypr/wallpapers/W11_with_DRS.jpg
Mon  3 Nov 11:55:57 GMT 2025: Set wallpaper to /home/solomon/.config/hypr/wallpapers/W05.jpg
Mon  3 Nov 11:57:57 GMT 2025: Set wallpaper to /home/solomon/.config/hypr/wallpapers/simple.png
Mon  3 Nov 11:59:57 GMT 2025: Set wallpaper to /home/solomon/.config/hypr/wallpapers/astize_cc0_split1.png
Mon  3 Nov 12:01:57 GMT 2025: Set wallpaper to /home/solomon/.config/hypr/wallpapers/mazda-mx5-miata-mazda-3351.jpg
Mon  3 Nov 12:03:57 GMT 2025: Set wallpaper to /home/solomon/.config/hypr/wallpapers/2015-Porsche-918-Spyder-012-1440.jpg
Mon  3 Nov 12:05:57 GMT 2025: Set wallpaper to /home/solomon/.config/hypr/wallpapers/SoloLinux4.png
Mon  3 Nov 12:07:57 GMT 2025: Set wallpaper to /home/solomon/.config/hypr/wallpapers/2011-Mercedes-Benz-C63-AMG-Coupe-Black-001-1080.jpg
Mon  3 Nov 12:09:57 GMT 2025: Set wallpaper to /home/solomon/.config/hypr/wallpapers/2011-Mercedes-Benz-C63-AMG-Coupe-Black-002-1080.jpg
Mon  3 Nov 12:11:57 GMT 2025: Set wallpaper to /home/solomon/.config/hypr/wallpapers/2014-Mercedes-Benz-SLS-AMG-Black-Series-009-1440.jpg
Mon  3 Nov 12:13:57 GMT 2025: Set wallpaper to /home/solomon/.config/hypr/wallpapers/hyprland_wallpaper.png
Mon  3 Nov 12:15:57 GMT 2025: Set wallpaper to /home/solomon/.config/hypr/wallpapers/2019-Bugatti-Divo.jpg
Mon  3 Nov 12:17:57 GMT 2025: Set wallpaper to /home/solomon/.config/hypr/wallpapers/2008-Mazda-Furai-Concept-004-1440.jpg
Mon  3 Nov 12:19:57 GMT 2025: Set wallpaper to /home/solomon/.config/hypr/wallpapers/mazda-mx5-miata-mazda-3351.jpg
Mon  3 Nov 12:21:57 GMT 2025: Set wallpaper to /home/solomon/.config/hypr/wallpapers/w11_pfp.webp
Mon  3 Nov 12:23:57 GMT 2025: Set wallpaper to /home/solomon/.config/hypr/wallpapers/2015-Porsche-918-Spyder-012-1440.jpg
Mon  3 Nov 12:25:57 GMT 2025: Set wallpaper to /home/solomon/.config/hypr/wallpapers/2011-Mercedes-Benz-C63-AMG-Coupe-Black-002-1080.jpg
Mon  3 Nov 12:27:57 GMT 2025: Set wallpaper to /home/solomon/.config/hypr/wallpapers/SilverW11.jpg
Mon  3 Nov 12:32:58 GMT 2025: Set wallpaper to /home/solomon/.config/hypr/wallpapers/W11_with_DRS.jpg
Mon  3 Nov 12:34:58 GMT 2025: Set wallpaper to /home/solomon/.config/hypr/wallpapers/2014-Mercedes-Benz-SLS-AMG-Black-Series-009-1440.jpg
Mon  3 Nov 12:36:58 GMT 2025: Set wallpaper to /home/solomon/.config/hypr/wallpapers/2019-Bugatti-Divo.jpg
Mon  3 Nov 12:38:58 GMT 2025: Set wallpaper to /home/solomon/.config/hypr/wallpapers/W05.jpg
Mon  3 Nov 12:40:58 GMT 2025: Set wallpaper to /home/solomon/.config/hypr/wallpapers/w05.webp
Mon  3 Nov 12:42:58 GMT 2025: Set wallpaper to /home/solomon/.config/hypr/wallpapers/W11_with_DRS.jpg
Mon  3 Nov 12:44:58 GMT 2025: Set wallpaper to /home/solomon/.config/hypr/wallpapers/2011-Mercedes-Benz-C63-AMG-Coupe-Black-002-1080.jpg
Mon  3 Nov 12:46:58 GMT 2025: Set wallpaper to /home/solomon/.config/hypr/wallpapers/2008-Mazda-Furai-Concept_grey.png
Mon  3 Nov 12:48:58 GMT 2025: Set wallpaper to /home/solomon/.config/hypr/wallpapers/SilverW11.jpg
Mon  3 Nov 12:50:58 GMT 2025: Set wallpaper to /home/solomon/.config/hypr/wallpapers/linux-nitros-dark-ov.jpg
Mon  3 Nov 12:52:58 GMT 2025: Set wallpaper to /home/solomon/.config/hypr/wallpapers/1979-Canepa-BMW-M1-Procar_grey.png
Mon  3 Nov 12:54:58 GMT 2025: Set wallpaper to /home/solomon/.config/hypr/wallpapers/2014-Mercedes-Benz-SLS-AMG-Black-Series-009-1440.jpg
Mon  3 Nov 12:56:58 GMT 2025: Set wallpaper to /home/solomon/.config/hypr/wallpapers/hyprland_wallpaper.png
Mon  3 Nov 12:58:58 GMT 2025: Set wallpaper to /home/solomon/.config/hypr/wallpapers/w11_wets.webp
Mon  3 Nov 13:00:58 GMT 2025: Set wallpaper to /home/solomon/.config/hypr/wallpapers/w11_pfp.webp
Mon  3 Nov 13:02:58 GMT 2025: Set wallpaper to /home/solomon/.config/hypr/wallpapers/2011-Mercedes-Benz-C63-AMG-Coupe-Black-002-1080.jpg
Mon  3 Nov 13:04:58 GMT 2025: Set wallpaper to /home/solomon/.config/hypr/wallpapers/simple.png
Mon  3 Nov 13:06:58 GMT 2025: Set wallpaper to /home/solomon/.config/hypr/wallpapers/2011-Mercedes-Benz-C63-AMG-Coupe-Black-001-1080.jpg
Mon  3 Nov 13:08:59 GMT 2025: Set wallpaper to /home/solomon/.config/hypr/wallpapers/w11_pfp.webp
Mon  3 Nov 13:10:59 GMT 2025: Set wallpaper to /home/solomon/.config/hypr/wallpapers/2005-Ferrari-F430-007-1080.jpg
Mon  3 Nov 13:12:59 GMT 2025: Set wallpaper to /home/solomon/.config/hypr/wallpapers/W11_with_DRS.jpg
Mon  3 Nov 13:14:59 GMT 2025: Set wallpaper to /home/solomon/.config/hypr/wallpapers/mercedes_amg_f1_m11_eq_performance_4k-HD.jpg
Mon  3 Nov 13:16:59 GMT 2025: Set wallpaper to /home/solomon/.config/hypr/wallpapers/2014-Mercedes-Benz-SLS-AMG-Black-Series-009-1440.jpg
Mon  3 Nov 13:18:59 GMT 2025: Set wallpaper to /home/solomon/.config/hypr/wallpapers/W11_with_DRS.jpg
Mon  3 Nov 13:20:59 GMT 2025: Set wallpaper to /home/solomon/.config/hypr/wallpapers/SoloLinux4.png
Mon  3 Nov 13:22:59 GMT 2025: Set wallpaper to /home/solomon/.config/hypr/wallpapers/hyprland_wallpaper.png
Mon  3 Nov 13:24:59 GMT 2025: Set wallpaper to /home/solomon/.config/hypr/wallpapers/hyprland_wallpaper.png
Mon  3 Nov 13:26:59 GMT 2025: Set wallpaper to /home/solomon/.config/hypr/wallpapers/2019-Bugatti-Divo.jpg
Mon  3 Nov 13:28:59 GMT 2025: Set wallpaper to /home/solomon/.config/hypr/wallpapers/thumb-1920-1345403.jpeg
Mon  3 Nov 13:30:59 GMT 2025: Set wallpaper to /home/solomon/.config/hypr/wallpapers/simple.png
Mon  3 Nov 13:32:59 GMT 2025: Set wallpaper to /home/solomon/.config/hypr/wallpapers/W05.jpg
Mon  3 Nov 13:34:59 GMT 2025: Set wallpaper to /home/solomon/.config/hypr/wallpapers/simple.png
Mon  3 Nov 13:36:59 GMT 2025: Set wallpaper to /home/solomon/.config/hypr/wallpapers/SoloLinux4.png
Mon  3 Nov 13:38:59 GMT 2025: Set wallpaper to /home/solomon/.config/hypr/wallpapers/W05.jpg
Mon  3 Nov 13:40:59 GMT 2025: Set wallpaper to /home/solomon/.config/hypr/wallpapers/simple.png
Mon  3 Nov 13:42:59 GMT 2025: Set wallpaper to /home/solomon/.config/hypr/wallpapers/2008-Mazda-Furai-Concept-004-1440.jpg
Mon  3 Nov 13:44:59 GMT 2025: Set wallpaper to /home/solomon/.config/hypr/wallpapers/W05.jpg
Mon  3 Nov 13:46:59 GMT 2025: Set wallpaper to /home/solomon/.config/hypr/wallpapers/thumb-1920-1345403.jpeg
Mon  3 Nov 13:48:59 GMT 2025: Set wallpaper to /home/solomon/.config/hypr/wallpapers/linux-nitros-dark-ov.jpg
Mon  3 Nov 13:50:59 GMT 2025: Set wallpaper to /home/solomon/.config/hypr/wallpapers/astize_cc0_split1.png
Mon  3 Nov 13:52:59 GMT 2025: Set wallpaper to /home/solomon/.config/hypr/wallpapers/hamilton_3079629.jpg
Mon  3 Nov 13:54:59 GMT 2025: Set wallpaper to /home/solomon/.config/hypr/wallpapers/2005-Ferrari-F430-007-1080.jpg
Mon  3 Nov 13:56:59 GMT 2025: Set wallpaper to /home/solomon/.config/hypr/wallpapers/1979-Canepa-BMW-M1-Procar_grey.png
Mon  3 Nov 13:58:59 GMT 2025: Set wallpaper to /home/solomon/.config/hypr/wallpapers/mazda-mx5-miata-mazda-3351.jpg
Mon  3 Nov 14:00:59 GMT 2025: Set wallpaper to /home/solomon/.config/hypr/wallpapers/w05.webp
Mon  3 Nov 14:02:59 GMT 2025: Set wallpaper to /home/solomon/.config/hypr/wallpapers/2014-Mercedes-Benz-SLS-AMG-Black-Series-009-1440.jpg
Mon  3 Nov 14:04:59 GMT 2025: Set wallpaper to /home/solomon/.config/hypr/wallpapers/hyprland_wallpaper.png
Mon  3 Nov 14:06:59 GMT 2025: Set wallpaper to /home/solomon/.config/hypr/wallpapers/2014-Mercedes-Benz-SLS-AMG-Black-Series-009-1440.jpg
Mon  3 Nov 14:08:59 GMT 2025: Set wallpaper to /home/solomon/.config/hypr/wallpapers/2008-Mazda-Furai-Concept-004-1440.jpg
Mon  3 Nov 14:10:59 GMT 2025: Set wallpaper to /home/solomon/.config/hypr/wallpapers/1968-Lamborghini-Miura-Jota-SVR-001-1080.jpg
Mon  3 Nov 14:12:59 GMT 2025: Set wallpaper to /home/solomon/.config/hypr/wallpapers/2019-Bugatti-Divo.jpg
Mon  3 Nov 14:14:59 GMT 2025: Set wallpaper to /home/solomon/.config/hypr/wallpapers/w11_wets.webp
Mon  3 Nov 14:16:59 GMT 2025: Set wallpaper to /home/solomon/.config/hypr/wallpapers/2015-Porsche-918-Spyder-012-1440.jpg
Mon  3 Nov 14:19:00 GMT 2025: Set wallpaper to /home/solomon/.config/hypr/wallpapers/2008-Mazda-Furai-Concept-004-1440.jpg
Mon  3 Nov 14:21:00 GMT 2025: Set wallpaper to /home/solomon/.config/hypr/wallpapers/1968-Lamborghini-Miura-Jota-SVR-001-1080.jpg
Mon  3 Nov 14:23:00 GMT 2025: Set wallpaper to /home/solomon/.config/hypr/wallpapers/2014-Mercedes-Benz-SLS-AMG-Black-Series-009-1440.jpg
Mon  3 Nov 14:25:00 GMT 2025: Set wallpaper to /home/solomon/.config/hypr/wallpapers/hamilton_3079629.jpg
Mon  3 Nov 14:27:00 GMT 2025: Set wallpaper to /home/solomon/.config/hypr/wallpapers/mercedes_amg_f1_m11_eq_performance_4k-HD.jpg
Mon  3 Nov 14:29:00 GMT 2025: Set wallpaper to /home/solomon/.config/hypr/wallpapers/2014-Mercedes-Benz-SLS-AMG-Black-Series-009-1440.jpg
Mon  3 Nov 14:31:00 GMT 2025: Set wallpaper to /home/solomon/.config/hypr/wallpapers/mazda-mx5-miata-mazda-3351.jpg
Mon  3 Nov 14:33:00 GMT 2025: Set wallpaper to /home/solomon/.config/hypr/wallpapers/2008-Mazda-Furai-Concept-004-1440.jpg
Mon  3 Nov 14:35:00 GMT 2025: Set wallpaper to /home/solomon/.config/hypr/wallpapers/simple.png
Mon  3 Nov 14:37:00 GMT 2025: Set wallpaper to /home/solomon/.config/hypr/wallpapers/linux-nitros-dark-ov.jpg
Mon  3 Nov 14:39:00 GMT 2025: Set wallpaper to /home/solomon/.config/hypr/wallpapers/mazda-mx5-miata-mazda-3351.jpg
Mon  3 Nov 14:41:00 GMT 2025: Set wallpaper to /home/solomon/.config/hypr/wallpapers/2008-Mazda-Furai-Concept_grey.png
Mon  3 Nov 14:43:00 GMT 2025: Set wallpaper to /home/solomon/.config/hypr/wallpapers/w11_pfp.webp
Mon  3 Nov 14:45:00 GMT 2025: Set wallpaper to /home/solomon/.config/hypr/wallpapers/SoloLinux4.png
Mon  3 Nov 14:47:00 GMT 2025: Set wallpaper to /home/solomon/.config/hypr/wallpapers/1968-Lamborghini-Miura-Jota-SVR-001-1080.jpg
Mon  3 Nov 14:49:00 GMT 2025: Set wallpaper to /home/solomon/.config/hypr/wallpapers/2015-Porsche-918-Spyder-012-1440.jpg
Mon  3 Nov 14:51:00 GMT 2025: Set wallpaper to /home/solomon/.config/hypr/wallpapers/2008-Mazda-Furai-Concept-004-1440.jpg
Mon  3 Nov 14:53:00 GMT 2025: Set wallpaper to /home/solomon/.config/hypr/wallpapers/SoloLinux4.png
Mon  3 Nov 14:55:00 GMT 2025: Set wallpaper to /home/solomon/.config/hypr/wallpapers/w05.webp
Mon  3 Nov 14:57:00 GMT 2025: Set wallpaper to /home/solomon/.config/hypr/wallpapers/mercedes-w11.webp
Mon  3 Nov 14:59:01 GMT 2025: Set wallpaper to /home/solomon/.config/hypr/wallpapers/1979-Canepa-BMW-M1-Procar_grey.png
Mon  3 Nov 15:01:01 GMT 2025: Set wallpaper to /home/solomon/.config/hypr/wallpapers/astize_cc0_split1.png
Mon  3 Nov 15:03:01 GMT 2025: Set wallpaper to /home/solomon/.config/hypr/wallpapers/simple.png
Fri  7 Nov 15:30:23 GMT 2025: Set wallpaper to /home/solomon/.config/hypr/wallpapers/2009-Mercedes-Benz-SL-65-AMG-Black-003-1080.jpg
Mon 17 Nov 17:37:27 GMT 2025: Set wallpaper to /home/solo/.config/hypr/wallpapers/mercedes_amg_f1_m11_eq_performance_4k-HD.jpg
Mon 17 Nov 17:39:26 GMT 2025: Set wallpaper to /home/solo/.config/hypr/wallpapers/SilverW11.jpg
Mon 17 Nov 17:41:27 GMT 2025: Set wallpaper to /home/solo/.config/hypr/wallpapers/thumb-1920-1345403.jpeg
Mon 17 Nov 17:43:27 GMT 2025: Set wallpaper to /home/solo/.config/hypr/wallpapers/mercedes_amg_f1_m11_eq_performance_4k-HD.jpg
Mon 17 Nov 17:45:27 GMT 2025: Set wallpaper to /home/solo/.config/hypr/wallpapers/mazda-mx5-miata-mazda-3351.jpg
Mon 17 Nov 17:47:27 GMT 2025: Set wallpaper to /home/solo/.config/hypr/wallpapers/2008-Mazda-Furai-Concept-004-1440.jpg
Mon 17 Nov 17:49:27 GMT 2025: Set wallpaper to /home/solo/.config/hypr/wallpapers/w11_wets.webp
Mon 17 Nov 17:51:27 GMT 2025: Set wallpaper to /home/solo/.config/hypr/wallpapers/W05.jpg
Mon 17 Nov 17:53:27 GMT 2025: Set wallpaper to /home/solo/.config/hypr/wallpapers/1968-Lamborghini-Miura-Jota-SVR-001-1080.jpg
Mon 17 Nov 17:55:27 GMT 2025: Set wallpaper to /home/solo/.config/hypr/wallpapers/2005-Ferrari-F430-007-1080.jpg
Mon 17 Nov 17:57:27 GMT 2025: Set wallpaper to /home/solo/.config/hypr/wallpapers/1979-Canepa-BMW-M1-Procar_grey.png
Mon 17 Nov 17:59:27 GMT 2025: Set wallpaper to /home/solo/.config/hypr/wallpapers/W11_with_DRS.jpg
Mon 17 Nov 18:01:27 GMT 2025: Set wallpaper to /home/solo/.config/hypr/wallpapers/2015-Porsche-918-Spyder-012-1440.jpg
Mon 17 Nov 18:03:27 GMT 2025: Set wallpaper to /home/solo/.config/hypr/wallpapers/hamilton_3079629.jpg
Mon 17 Nov 18:05:27 GMT 2025: Set wallpaper to /home/solo/.config/hypr/wallpapers/2014-Mercedes-Benz-SLS-AMG-Black-Series-009-1440.jpg
Mon 17 Nov 18:07:27 GMT 2025: Set wallpaper to /home/solo/.config/hypr/wallpapers/1968-Lamborghini-Miura-Jota-SVR-001-1080.jpg
Mon 17 Nov 18:09:27 GMT 2025: Set wallpaper to /home/solo/.config/hypr/wallpapers/hamilton_3079629.jpg
Mon 17 Nov 18:11:27 GMT 2025: Set wallpaper to /home/solo/.config/hypr/wallpapers/w05.webp
Mon 17 Nov 18:13:27 GMT 2025: Set wallpaper to /home/solo/.config/hypr/wallpapers/1979-Canepa-BMW-M1-Procar_grey.png
Mon 17 Nov 18:15:27 GMT 2025: Set wallpaper to /home/solo/.config/hypr/wallpapers/simple.png
Mon 17 Nov 18:17:27 GMT 2025: Set wallpaper to /home/solo/.config/hypr/wallpapers/1968-Lamborghini-Miura-Jota-SVR-001-1080.jpg
Mon 17 Nov 18:19:27 GMT 2025: Set wallpaper to /home/solo/.config/hypr/wallpapers/mazda-mx5-miata-mazda-3351.jpg
Mon 17 Nov 18:21:27 GMT 2025: Set wallpaper to /home/solo/.config/hypr/wallpapers/2008-Mazda-Furai-Concept-004-1440.jpg
Mon 17 Nov 18:23:27 GMT 2025: Set wallpaper to /home/solo/.config/hypr/wallpapers/2008-Mazda-Furai-Concept-004-1440.jpg
Mon 17 Nov 18:25:27 GMT 2025: Set wallpaper to /home/solo/.config/hypr/wallpapers/w11_pfp.webp
Mon 17 Nov 18:27:27 GMT 2025: Set wallpaper to /home/solo/.config/hypr/wallpapers/mercedes-w11.webp
Mon 17 Nov 18:29:27 GMT 2025: Set wallpaper to /home/solo/.config/hypr/wallpapers/2011-Mercedes-Benz-C63-AMG-Coupe-Black-001-1080.jpg
Mon 17 Nov 18:31:28 GMT 2025: Set wallpaper to /home/solo/.config/hypr/wallpapers/W11_with_DRS.jpg
Mon 17 Nov 18:33:28 GMT 2025: Set wallpaper to /home/solo/.config/hypr/wallpapers/W05.jpg
Mon 17 Nov 18:35:28 GMT 2025: Set wallpaper to /home/solo/.config/hypr/wallpapers/2015-Porsche-918-Spyder-012-1440.jpg
Mon 17 Nov 18:37:28 GMT 2025: Set wallpaper to /home/solo/.config/hypr/wallpapers/W05.jpg
Mon 17 Nov 18:39:28 GMT 2025: Set wallpaper to /home/solo/.config/hypr/wallpapers/2008-Mazda-Furai-Concept-004-1440.jpg
Mon 17 Nov 18:41:28 GMT 2025: Set wallpaper to /home/solo/.config/hypr/wallpapers/SilverW11.jpg
Mon 17 Nov 18:43:28 GMT 2025: Set wallpaper to /home/solo/.config/hypr/wallpapers/w05.webp
Mon 17 Nov 18:45:28 GMT 2025: Set wallpaper to /home/solo/.config/hypr/wallpapers/2008-Mazda-Furai-Concept-004-1440.jpg
Mon 17 Nov 18:47:28 GMT 2025: Set wallpaper to /home/solo/.config/hypr/wallpapers/2011-Mercedes-Benz-C63-AMG-Coupe-Black-002-1080.jpg
Mon 17 Nov 18:49:28 GMT 2025: Set wallpaper to /home/solo/.config/hypr/wallpapers/1979-Canepa-BMW-M1-Procar_grey.png
Mon 17 Nov 18:51:28 GMT 2025: Set wallpaper to /home/solo/.config/hypr/wallpapers/2019-Bugatti-Divo.jpg
Mon 17 Nov 18:53:28 GMT 2025: Set wallpaper to /home/solo/.config/hypr/wallpapers/mazda-mx5-miata-mazda-3351.jpg
Mon 17 Nov 18:55:28 GMT 2025: Set wallpaper to /home/solo/.config/hypr/wallpapers/linux-nitros-dark-ov.jpg
Mon 17 Nov 18:57:28 GMT 2025: Set wallpaper to /home/solo/.config/hypr/wallpapers/simple.png
Mon 17 Nov 18:59:28 GMT 2025: Set wallpaper to /home/solo/.config/hypr/wallpapers/hamilton_3079629.jpg
Mon 17 Nov 19:01:28 GMT 2025: Set wallpaper to /home/solo/.config/hypr/wallpapers/simple.png
Mon 17 Nov 19:03:28 GMT 2025: Set wallpaper to /home/solo/.config/hypr/wallpapers/SilverW11.jpg
Mon 17 Nov 19:05:28 GMT 2025: Set wallpaper to /home/solo/.config/hypr/wallpapers/2008-Mazda-Furai-Concept_grey.png
Mon 17 Nov 19:07:28 GMT 2025: Set wallpaper to /home/solo/.config/hypr/wallpapers/thumb-1920-1345403.jpeg
Mon 17 Nov 19:09:28 GMT 2025: Set wallpaper to /home/solo/.config/hypr/wallpapers/astize_cc0_split1.png
Mon 17 Nov 19:11:28 GMT 2025: Set wallpaper to /home/solo/.config/hypr/wallpapers/2019-Bugatti-Divo.jpg
Mon 17 Nov 19:13:28 GMT 2025: Set wallpaper to /home/solo/.config/hypr/wallpapers/2005-Ferrari-F430-007-1080.jpg
Mon 17 Nov 19:15:28 GMT 2025: Set wallpaper to /home/solo/.config/hypr/wallpapers/w11_pfp.webp
Mon 17 Nov 19:17:29 GMT 2025: Set wallpaper to /home/solo/.config/hypr/wallpapers/2011-Mercedes-Benz-C63-AMG-Coupe-Black-002-1080.jpg
Mon 17 Nov 19:19:29 GMT 2025: Set wallpaper to /home/solo/.config/hypr/wallpapers/W11_with_DRS.jpg
Mon 17 Nov 19:21:29 GMT 2025: Set wallpaper to /home/solo/.config/hypr/wallpapers/simple.png
Mon 17 Nov 19:23:29 GMT 2025: Set wallpaper to /home/solo/.config/hypr/wallpapers/hamilton_3079629.jpg
Mon 17 Nov 19:25:29 GMT 2025: Set wallpaper to /home/solo/.config/hypr/wallpapers/W05.jpg
Mon 17 Nov 19:27:29 GMT 2025: Set wallpaper to /home/solo/.config/hypr/wallpapers/2008-Mazda-Furai-Concept-004-1440.jpg
Mon 17 Nov 19:29:29 GMT 2025: Set wallpaper to /home/solo/.config/hypr/wallpapers/2011-Mercedes-Benz-C63-AMG-Coupe-Black-001-1080.jpg
Mon 17 Nov 19:31:29 GMT 2025: Set wallpaper to /home/solo/.config/hypr/wallpapers/2019-Bugatti-Divo.jpg
Mon 17 Nov 19:33:29 GMT 2025: Set wallpaper to /home/solo/.config/hypr/wallpapers/2005-Ferrari-F430-007-1080.jpg
Mon 17 Nov 19:35:29 GMT 2025: Set wallpaper to /home/solo/.config/hypr/wallpapers/mercedes-w11.webp
Mon 17 Nov 19:37:29 GMT 2025: Set wallpaper to /home/solo/.config/hypr/wallpapers/2011-Mercedes-Benz-C63-AMG-Coupe-Black-002-1080.jpg
Mon 17 Nov 19:39:29 GMT 2025: Set wallpaper to /home/solo/.config/hypr/wallpapers/2011-Mercedes-Benz-C63-AMG-Coupe-Black-001-1080.jpg
Mon 17 Nov 19:41:29 GMT 2025: Set wallpaper to /home/solo/.config/hypr/wallpapers/hamilton_3079629.jpg
Mon 17 Nov 19:43:29 GMT 2025: Set wallpaper to /home/solo/.config/hypr/wallpapers/W05.jpg
Mon 17 Nov 19:45:29 GMT 2025: Set wallpaper to /home/solo/.config/hypr/wallpapers/2008-Mazda-Furai-Concept_grey.png
Mon 17 Nov 19:47:29 GMT 2025: Set wallpaper to /home/solo/.config/hypr/wallpapers/SilverW11.jpg
Mon 17 Nov 19:49:29 GMT 2025: Set wallpaper to /home/solo/.config/hypr/wallpapers/hamilton_3079629.jpg
Mon 17 Nov 19:51:29 GMT 2025: Set wallpaper to /home/solo/.config/hypr/wallpapers/1979-Canepa-BMW-M1-Procar_grey.png
Mon 17 Nov 19:53:29 GMT 2025: Set wallpaper to /home/solo/.config/hypr/wallpapers/linux-nitros-dark-ov.jpg
Mon 17 Nov 19:55:29 GMT 2025: Set wallpaper to /home/solo/.config/hypr/wallpapers/w05.webp
Mon 17 Nov 19:57:29 GMT 2025: Set wallpaper to /home/solo/.config/hypr/wallpapers/2019-Bugatti-Divo.jpg
Mon 17 Nov 19:59:29 GMT 2025: Set wallpaper to /home/solo/.config/hypr/wallpapers/mazda-mx5-miata-mazda-3351.jpg
Mon 17 Nov 20:01:29 GMT 2025: Set wallpaper to /home/solo/.config/hypr/wallpapers/1968-Lamborghini-Miura-Jota-SVR-001-1080.jpg
Mon 17 Nov 20:03:29 GMT 2025: Set wallpaper to /home/solo/.config/hypr/wallpapers/SilverW11.jpg
Mon 17 Nov 20:05:29 GMT 2025: Set wallpaper to /home/solo/.config/hypr/wallpapers/2011-Mercedes-Benz-C63-AMG-Coupe-Black-001-1080.jpg
Mon 17 Nov 20:07:29 GMT 2025: Set wallpaper to /home/solo/.config/hypr/wallpapers/w11_pfp.webp
Mon 17 Nov 20:09:29 GMT 2025: Set wallpaper to /home/solo/.config/hypr/wallpapers/linux-nitros-dark-ov.jpg
Mon 17 Nov 20:11:29 GMT 2025: Set wallpaper to /home/solo/.config/hypr/wallpapers/w11_wets.webp
Mon 17 Nov 20:13:29 GMT 2025: Set wallpaper to /home/solo/.config/hypr/wallpapers/2015-Porsche-918-Spyder-012-1440.jpg
Mon 17 Nov 20:15:29 GMT 2025: Set wallpaper to /home/solo/.config/hypr/wallpapers/2005-Ferrari-F430-007-1080.jpg
Mon 17 Nov 20:17:29 GMT 2025: Set wallpaper to /home/solo/.config/hypr/wallpapers/1979-Canepa-BMW-M1-Procar_grey.png
Mon 17 Nov 20:19:29 GMT 2025: Set wallpaper to /home/solo/.config/hypr/wallpapers/2008-Mazda-Furai-Concept_grey.png
Mon 17 Nov 20:21:29 GMT 2025: Set wallpaper to /home/solo/.config/hypr/wallpapers/1968-Lamborghini-Miura-Jota-SVR-001-1080.jpg
Mon 17 Nov 20:23:29 GMT 2025: Set wallpaper to /home/solo/.config/hypr/wallpapers/2009-Mercedes-Benz-SL-65-AMG-Black-003-1080.jpg
Mon 17 Nov 20:25:29 GMT 2025: Set wallpaper to /home/solo/.config/hypr/wallpapers/thumb-1920-1345403.jpeg
Mon 17 Nov 21:29:45 GMT 2025: Set wallpaper to /home/solo/.config/hypr/wallpapers/w11_pfp.webp
Mon 17 Nov 21:31:45 GMT 2025: Set wallpaper to /home/solo/.config/hypr/wallpapers/mazda-mx5-miata-mazda-3351.jpg
Mon 17 Nov 21:33:45 GMT 2025: Set wallpaper to /home/solo/.config/hypr/wallpapers/mercedes-w11.webp
Mon 17 Nov 21:35:45 GMT 2025: Set wallpaper to /home/solo/.config/hypr/wallpapers/W05.jpg
Mon 17 Nov 21:37:45 GMT 2025: Set wallpaper to /home/solo/.config/hypr/wallpapers/mercedes_amg_f1_m11_eq_performance_4k-HD.jpg
Mon 17 Nov 21:39:45 GMT 2025: Set wallpaper to /home/solo/.config/hypr/wallpapers/2011-Mercedes-Benz-C63-AMG-Coupe-Black-002-1080.jpg
Mon 17 Nov 21:41:45 GMT 2025: Set wallpaper to /home/solo/.config/hypr/wallpapers/2015-Porsche-918-Spyder-012-1440.jpg
Mon 17 Nov 21:43:45 GMT 2025: Set wallpaper to /home/solo/.config/hypr/wallpapers/linux-nitros-dark-ov.jpg
Mon 17 Nov 21:45:45 GMT 2025: Set wallpaper to /home/solo/.config/hypr/wallpapers/2005-Ferrari-F430-007-1080.jpg
Mon 17 Nov 21:47:45 GMT 2025: Set wallpaper to /home/solo/.config/hypr/wallpapers/mercedes_amg_f1_m11_eq_performance_4k-HD.jpg
Mon 17 Nov 21:49:45 GMT 2025: Set wallpaper to /home/solo/.config/hypr/wallpapers/mercedes_amg_f1_m11_eq_performance_4k-HD.jpg
Mon 17 Nov 21:51:45 GMT 2025: Set wallpaper to /home/solo/.config/hypr/wallpapers/w05.webp
Mon 17 Nov 21:53:45 GMT 2025: Set wallpaper to /home/solo/.config/hypr/wallpapers/2008-Mazda-Furai-Concept-004-1440.jpg
Mon 17 Nov 21:55:45 GMT 2025: Set wallpaper to /home/solo/.config/hypr/wallpapers/linux-nitros-dark-ov.jpg
Mon 17 Nov 21:57:45 GMT 2025: Set wallpaper to /home/solo/.config/hypr/wallpapers/hamilton_3079629.jpg
Mon 17 Nov 21:59:45 GMT 2025: Set wallpaper to /home/solo/.config/hypr/wallpapers/2011-Mercedes-Benz-C63-AMG-Coupe-Black-001-1080.jpg
Mon 17 Nov 22:01:45 GMT 2025: Set wallpaper to /home/solo/.config/hypr/wallpapers/2019-Bugatti-Divo.jpg
Mon 17 Nov 22:03:46 GMT 2025: Set wallpaper to /home/solo/.config/hypr/wallpapers/w11_pfp.webp
Mon 17 Nov 22:05:46 GMT 2025: Set wallpaper to /home/solo/.config/hypr/wallpapers/SoloLinux4.png
Mon 17 Nov 22:07:46 GMT 2025: Set wallpaper to /home/solo/.config/hypr/wallpapers/hamilton_3079629.jpg
Mon 17 Nov 22:09:46 GMT 2025: Set wallpaper to /home/solo/.config/hypr/wallpapers/W05.jpg
Mon 17 Nov 22:11:46 GMT 2025: Set wallpaper to /home/solo/.config/hypr/wallpapers/hyprland_wallpaper.png
Mon 17 Nov 22:13:46 GMT 2025: Set wallpaper to /home/solo/.config/hypr/wallpapers/2008-Mazda-Furai-Concept_grey.png
Mon 17 Nov 22:15:46 GMT 2025: Set wallpaper to /home/solo/.config/hypr/wallpapers/w11_wets.webp
Mon 17 Nov 22:17:46 GMT 2025: Set wallpaper to /home/solo/.config/hypr/wallpapers/linux-nitros-dark-ov.jpg
Mon 17 Nov 22:19:46 GMT 2025: Set wallpaper to /home/solo/.config/hypr/wallpapers/W05.jpg
Mon 17 Nov 22:21:47 GMT 2025: Set wallpaper to /home/solo/.config/hypr/wallpapers/hamilton_3079629.jpg
Mon 17 Nov 22:23:47 GMT 2025: Set wallpaper to /home/solo/.config/hypr/wallpapers/2014-Mercedes-Benz-SLS-AMG-Black-Series-009-1440.jpg
Mon 17 Nov 22:25:47 GMT 2025: Set wallpaper to /home/solo/.config/hypr/wallpapers/2008-Mazda-Furai-Concept_grey.png
Mon 17 Nov 22:27:47 GMT 2025: Set wallpaper to /home/solo/.config/hypr/wallpapers/2019-Bugatti-Divo.jpg
Mon 17 Nov 22:29:47 GMT 2025: Set wallpaper to /home/solo/.config/hypr/wallpapers/astize_cc0_split1.png
Mon 17 Nov 22:31:47 GMT 2025: Set wallpaper to /home/solo/.config/hypr/wallpapers/2005-Ferrari-F430-007-1080.jpg
Mon 17 Nov 22:33:47 GMT 2025: Set wallpaper to /home/solo/.config/hypr/wallpapers/mercedes-w11.webp
Mon 17 Nov 22:35:47 GMT 2025: Set wallpaper to /home/solo/.config/hypr/wallpapers/2011-Mercedes-Benz-C63-AMG-Coupe-Black-001-1080.jpg
Mon 17 Nov 22:37:47 GMT 2025: Set wallpaper to /home/solo/.config/hypr/wallpapers/2014-Mercedes-Benz-SLS-AMG-Black-Series-009-1440.jpg
Mon 17 Nov 22:39:47 GMT 2025: Set wallpaper to /home/solo/.config/hypr/wallpapers/hyprland_wallpaper.png
Mon 17 Nov 22:41:47 GMT 2025: Set wallpaper to /home/solo/.config/hypr/wallpapers/simple.png
Mon 17 Nov 22:43:47 GMT 2025: Set wallpaper to /home/solo/.config/hypr/wallpapers/mercedes_amg_f1_m11_eq_performance_4k-HD.jpg
Mon 17 Nov 22:45:47 GMT 2025: Set wallpaper to /home/solo/.config/hypr/wallpapers/2005-Ferrari-F430-007-1080.jpg
Mon 17 Nov 22:47:47 GMT 2025: Set wallpaper to /home/solo/.config/hypr/wallpapers/2011-Mercedes-Benz-C63-AMG-Coupe-Black-001-1080.jpg
Mon 17 Nov 22:49:47 GMT 2025: Set wallpaper to /home/solo/.config/hypr/wallpapers/2009-Mercedes-Benz-SL-65-AMG-Black-003-1080.jpg
Tue 18 Nov 09:26:50 GMT 2025: Set wallpaper to /home/solo/.config/hypr/wallpapers/simple.png
Tue 18 Nov 09:28:50 GMT 2025: Set wallpaper to /home/solo/.config/hypr/wallpapers/SoloLinux4.png
Tue 18 Nov 09:30:51 GMT 2025: Set wallpaper to /home/solo/.config/hypr/wallpapers/astize_cc0_split1.png
Tue 18 Nov 09:32:51 GMT 2025: Set wallpaper to /home/solo/.config/hypr/wallpapers/2008-Mazda-Furai-Concept_grey.png
Tue 18 Nov 09:34:51 GMT 2025: Set wallpaper to /home/solo/.config/hypr/wallpapers/astize_cc0_split1.png
Tue 18 Nov 09:36:51 GMT 2025: Set wallpaper to /home/solo/.config/hypr/wallpapers/2011-Mercedes-Benz-C63-AMG-Coupe-Black-001-1080.jpg
Tue 18 Nov 09:38:51 GMT 2025: Set wallpaper to /home/solo/.config/hypr/wallpapers/W11_with_DRS.jpg
Tue 18 Nov 09:40:51 GMT 2025: Set wallpaper to /home/solo/.config/hypr/wallpapers/SoloLinux4.png
Tue 18 Nov 09:42:51 GMT 2025: Set wallpaper to /home/solo/.config/hypr/wallpapers/w11_wets.webp
Tue 18 Nov 09:44:51 GMT 2025: Set wallpaper to /home/solo/.config/hypr/wallpapers/thumb-1920-1345403.jpeg
Tue 18 Nov 09:46:51 GMT 2025: Set wallpaper to /home/solo/.config/hypr/wallpapers/2008-Mazda-Furai-Concept_grey.png
Tue 18 Nov 09:48:51 GMT 2025: Set wallpaper to /home/solo/.config/hypr/wallpapers/2019-Bugatti-Divo.jpg
Tue 18 Nov 09:50:51 GMT 2025: Set wallpaper to /home/solo/.config/hypr/wallpapers/w11_pfp.webp
Tue 18 Nov 09:52:51 GMT 2025: Set wallpaper to /home/solo/.config/hypr/wallpapers/2011-Mercedes-Benz-C63-AMG-Coupe-Black-002-1080.jpg
Tue 18 Nov 09:54:51 GMT 2025: Set wallpaper to /home/solo/.config/hypr/wallpapers/thumb-1920-1345403.jpeg
Tue 18 Nov 09:56:51 GMT 2025: Set wallpaper to /home/solo/.config/hypr/wallpapers/2009-Mercedes-Benz-SL-65-AMG-Black-003-1080.jpg
Tue 18 Nov 09:58:51 GMT 2025: Set wallpaper to /home/solo/.config/hypr/wallpapers/w11_pfp.webp
Tue 18 Nov 10:00:51 GMT 2025: Set wallpaper to /home/solo/.config/hypr/wallpapers/2011-Mercedes-Benz-C63-AMG-Coupe-Black-001-1080.jpg
Tue 18 Nov 10:02:51 GMT 2025: Set wallpaper to /home/solo/.config/hypr/wallpapers/w11_pfp.webp
Tue 18 Nov 10:04:51 GMT 2025: Set wallpaper to /home/solo/.config/hypr/wallpapers/W05.jpg
Tue 18 Nov 10:06:51 GMT 2025: Set wallpaper to /home/solo/.config/hypr/wallpapers/2011-Mercedes-Benz-C63-AMG-Coupe-Black-001-1080.jpg
Tue 18 Nov 10:08:51 GMT 2025: Set wallpaper to /home/solo/.config/hypr/wallpapers/1979-Canepa-BMW-M1-Procar_grey.png
Tue 18 Nov 10:10:51 GMT 2025: Set wallpaper to /home/solo/.config/hypr/wallpapers/2011-Mercedes-Benz-C63-AMG-Coupe-Black-001-1080.jpg
Tue 18 Nov 10:12:51 GMT 2025: Set wallpaper to /home/solo/.config/hypr/wallpapers/W05.jpg
Tue 18 Nov 10:14:51 GMT 2025: Set wallpaper to /home/solo/.config/hypr/wallpapers/astize_cc0_split1.png
Tue 18 Nov 10:16:51 GMT 2025: Set wallpaper to /home/solo/.config/hypr/wallpapers/mercedes-w11.webp
Tue 18 Nov 10:18:52 GMT 2025: Set wallpaper to /home/solo/.config/hypr/wallpapers/2008-Mazda-Furai-Concept-004-1440.jpg
Tue 18 Nov 10:20:52 GMT 2025: Set wallpaper to /home/solo/.config/hypr/wallpapers/2019-Bugatti-Divo.jpg
Tue 18 Nov 10:22:52 GMT 2025: Set wallpaper to /home/solo/.config/hypr/wallpapers/w05.webp
Tue 18 Nov 10:24:52 GMT 2025: Set wallpaper to /home/solo/.config/hypr/wallpapers/1968-Lamborghini-Miura-Jota-SVR-001-1080.jpg
Tue 18 Nov 10:26:52 GMT 2025: Set wallpaper to /home/solo/.config/hypr/wallpapers/2011-Mercedes-Benz-C63-AMG-Coupe-Black-002-1080.jpg
Tue 18 Nov 10:28:52 GMT 2025: Set wallpaper to /home/solo/.config/hypr/wallpapers/2019-Bugatti-Divo.jpg
Tue 18 Nov 10:30:52 GMT 2025: Set wallpaper to /home/solo/.config/hypr/wallpapers/SilverW11.jpg
Tue 18 Nov 10:32:52 GMT 2025: Set wallpaper to /home/solo/.config/hypr/wallpapers/2014-Mercedes-Benz-SLS-AMG-Black-Series-009-1440.jpg
Tue 18 Nov 10:34:52 GMT 2025: Set wallpaper to /home/solo/.config/hypr/wallpapers/simple.png
Tue 18 Nov 10:36:52 GMT 2025: Set wallpaper to /home/solo/.config/hypr/wallpapers/linux-nitros-dark-ov.jpg
Tue 18 Nov 10:38:52 GMT 2025: Set wallpaper to /home/solo/.config/hypr/wallpapers/2015-Porsche-918-Spyder-012-1440.jpg
Tue 18 Nov 10:40:52 GMT 2025: Set wallpaper to /home/solo/.config/hypr/wallpapers/w11_pfp.webp
Tue 18 Nov 10:42:52 GMT 2025: Set wallpaper to /home/solo/.config/hypr/wallpapers/simple.png
Tue 18 Nov 10:44:52 GMT 2025: Set wallpaper to /home/solo/.config/hypr/wallpapers/2009-Mercedes-Benz-SL-65-AMG-Black-003-1080.jpg
Tue 18 Nov 10:46:52 GMT 2025: Set wallpaper to /home/solo/.config/hypr/wallpapers/simple.png
Tue 18 Nov 10:48:52 GMT 2025: Set wallpaper to /home/solo/.config/hypr/wallpapers/W05.jpg
Tue 18 Nov 10:50:52 GMT 2025: Set wallpaper to /home/solo/.config/hypr/wallpapers/SilverW11.jpg
Tue 18 Nov 10:52:52 GMT 2025: Set wallpaper to /home/solo/.config/hypr/wallpapers/1968-Lamborghini-Miura-Jota-SVR-001-1080.jpg
Tue 18 Nov 10:54:52 GMT 2025: Set wallpaper to /home/solo/.config/hypr/wallpapers/2008-Mazda-Furai-Concept_grey.png
Tue 18 Nov 11:27:58 GMT 2025: Set wallpaper to /home/solo/.config/hypr/wallpapers/mazda-mx5-miata-mazda-3351.jpg
Tue 18 Nov 11:29:58 GMT 2025: Set wallpaper to /home/solo/.config/hypr/wallpapers/1968-Lamborghini-Miura-Jota-SVR-001-1080.jpg
Tue 18 Nov 11:31:58 GMT 2025: Set wallpaper to /home/solo/.config/hypr/wallpapers/w11_pfp.webp
Tue 18 Nov 11:33:58 GMT 2025: Set wallpaper to /home/solo/.config/hypr/wallpapers/2008-Mazda-Furai-Concept_grey.png
Tue 18 Nov 11:35:58 GMT 2025: Set wallpaper to /home/solo/.config/hypr/wallpapers/1979-Canepa-BMW-M1-Procar_grey.png
Tue 18 Nov 11:37:58 GMT 2025: Set wallpaper to /home/solo/.config/hypr/wallpapers/linux-nitros-dark-ov.jpg
Tue 18 Nov 11:39:58 GMT 2025: Set wallpaper to /home/solo/.config/hypr/wallpapers/W05.jpg
Tue 18 Nov 11:41:58 GMT 2025: Set wallpaper to /home/solo/.config/hypr/wallpapers/1979-Canepa-BMW-M1-Procar_grey.png
Tue 18 Nov 11:43:58 GMT 2025: Set wallpaper to /home/solo/.config/hypr/wallpapers/w11_pfp.webp
Tue 18 Nov 11:45:58 GMT 2025: Set wallpaper to /home/solo/.config/hypr/wallpapers/W05.jpg
Tue 18 Nov 11:47:58 GMT 2025: Set wallpaper to /home/solo/.config/hypr/wallpapers/mercedes_amg_f1_m11_eq_performance_4k-HD.jpg
Tue 18 Nov 11:49:59 GMT 2025: Set wallpaper to /home/solo/.config/hypr/wallpapers/w05.webp
Tue 18 Nov 11:51:59 GMT 2025: Set wallpaper to /home/solo/.config/hypr/wallpapers/thumb-1920-1345403.jpeg
Tue 18 Nov 11:53:59 GMT 2025: Set wallpaper to /home/solo/.config/hypr/wallpapers/2011-Mercedes-Benz-C63-AMG-Coupe-Black-002-1080.jpg
Tue 18 Nov 11:55:59 GMT 2025: Set wallpaper to /home/solo/.config/hypr/wallpapers/w11_pfp.webp
Tue 18 Nov 11:57:59 GMT 2025: Set wallpaper to /home/solo/.config/hypr/wallpapers/2019-Bugatti-Divo.jpg
Tue 18 Nov 11:59:59 GMT 2025: Set wallpaper to /home/solo/.config/hypr/wallpapers/1968-Lamborghini-Miura-Jota-SVR-001-1080.jpg
Tue 18 Nov 12:01:59 GMT 2025: Set wallpaper to /home/solo/.config/hypr/wallpapers/w11_pfp.webp
Tue 18 Nov 12:03:59 GMT 2025: Set wallpaper to /home/solo/.config/hypr/wallpapers/w11_wets.webp
Tue 18 Nov 12:24:26 GMT 2025: Set wallpaper to /home/solo/.config/hypr/wallpapers/mercedes-w11.webp
Tue 18 Nov 12:26:27 GMT 2025: Set wallpaper to /home/solo/.config/hypr/wallpapers/W11_with_DRS.jpg
Tue 18 Nov 12:28:27 GMT 2025: Set wallpaper to /home/solo/.config/hypr/wallpapers/2019-Bugatti-Divo.jpg
Tue 18 Nov 12:30:27 GMT 2025: Set wallpaper to /home/solo/.config/hypr/wallpapers/2011-Mercedes-Benz-C63-AMG-Coupe-Black-001-1080.jpg
Tue 18 Nov 12:32:27 GMT 2025: Set wallpaper to /home/solo/.config/hypr/wallpapers/mercedes_amg_f1_m11_eq_performance_4k-HD.jpg
Tue 18 Nov 12:34:27 GMT 2025: Set wallpaper to /home/solo/.config/hypr/wallpapers/2015-Porsche-918-Spyder-012-1440.jpg
Tue 18 Nov 12:36:27 GMT 2025: Set wallpaper to /home/solo/.config/hypr/wallpapers/2019-Bugatti-Divo.jpg
Tue 18 Nov 12:38:27 GMT 2025: Set wallpaper to /home/solo/.config/hypr/wallpapers/SoloLinux4.png
Tue 18 Nov 12:40:27 GMT 2025: Set wallpaper to /home/solo/.config/hypr/wallpapers/SilverW11.jpg
Tue 18 Nov 12:42:27 GMT 2025: Set wallpaper to /home/solo/.config/hypr/wallpapers/2009-Mercedes-Benz-SL-65-AMG-Black-003-1080.jpg
Tue 18 Nov 12:44:27 GMT 2025: Set wallpaper to /home/solo/.config/hypr/wallpapers/mercedes-w11.webp
Tue 18 Nov 12:46:27 GMT 2025: Set wallpaper to /home/solo/.config/hypr/wallpapers/1968-Lamborghini-Miura-Jota-SVR-001-1080.jpg
Tue 18 Nov 12:48:27 GMT 2025: Set wallpaper to /home/solo/.config/hypr/wallpapers/linux-nitros-dark-ov.jpg
Tue 18 Nov 12:50:27 GMT 2025: Set wallpaper to /home/solo/.config/hypr/wallpapers/w11_pfp.webp
Tue 18 Nov 12:52:27 GMT 2025: Set wallpaper to /home/solo/.config/hypr/wallpapers/2011-Mercedes-Benz-C63-AMG-Coupe-Black-002-1080.jpg
Tue 18 Nov 12:54:27 GMT 2025: Set wallpaper to /home/solo/.config/hypr/wallpapers/2015-Porsche-918-Spyder-012-1440.jpg
Tue 18 Nov 12:56:27 GMT 2025: Set wallpaper to /home/solo/.config/hypr/wallpapers/2014-Mercedes-Benz-SLS-AMG-Black-Series-009-1440.jpg
Tue 18 Nov 12:58:27 GMT 2025: Set wallpaper to /home/solo/.config/hypr/wallpapers/mercedes-w11.webp
Tue 18 Nov 13:00:27 GMT 2025: Set wallpaper to /home/solo/.config/hypr/wallpapers/2011-Mercedes-Benz-C63-AMG-Coupe-Black-001-1080.jpg
Tue 18 Nov 13:02:27 GMT 2025: Set wallpaper to /home/solo/.config/hypr/wallpapers/2015-Porsche-918-Spyder-012-1440.jpg
Tue 18 Nov 13:04:27 GMT 2025: Set wallpaper to /home/solo/.config/hypr/wallpapers/2011-Mercedes-Benz-C63-AMG-Coupe-Black-002-1080.jpg
Tue 18 Nov 13:06:27 GMT 2025: Set wallpaper to /home/solo/.config/hypr/wallpapers/1968-Lamborghini-Miura-Jota-SVR-001-1080.jpg
Tue 18 Nov 13:08:27 GMT 2025: Set wallpaper to /home/solo/.config/hypr/wallpapers/mercedes-w11.webp
Tue 18 Nov 17:45:45 GMT 2025: Set wallpaper to /home/solo/.config/hypr/wallpapers/linux-nitros-dark-ov.jpg
Tue 18 Nov 17:47:45 GMT 2025: Set wallpaper to /home/solo/.config/hypr/wallpapers/SilverW11.jpg
Tue 18 Nov 17:49:45 GMT 2025: Set wallpaper to /home/solo/.config/hypr/wallpapers/2005-Ferrari-F430-007-1080.jpg
Tue 18 Nov 17:51:45 GMT 2025: Set wallpaper to /home/solo/.config/hypr/wallpapers/hyprland_wallpaper.png
Tue 18 Nov 17:53:45 GMT 2025: Set wallpaper to /home/solo/.config/hypr/wallpapers/thumb-1920-1345403.jpeg
Tue 18 Nov 17:55:45 GMT 2025: Set wallpaper to /home/solo/.config/hypr/wallpapers/2008-Mazda-Furai-Concept_grey.png
Tue 18 Nov 17:57:45 GMT 2025: Set wallpaper to /home/solo/.config/hypr/wallpapers/mercedes-w11.webp
Tue 18 Nov 17:59:45 GMT 2025: Set wallpaper to /home/solo/.config/hypr/wallpapers/2005-Ferrari-F430-007-1080.jpg
Tue 18 Nov 18:01:45 GMT 2025: Set wallpaper to /home/solo/.config/hypr/wallpapers/linux-nitros-dark-ov.jpg
Tue 18 Nov 18:03:45 GMT 2025: Set wallpaper to /home/solo/.config/hypr/wallpapers/W11_with_DRS.jpg
Tue 18 Nov 18:05:45 GMT 2025: Set wallpaper to /home/solo/.config/hypr/wallpapers/2008-Mazda-Furai-Concept_grey.png
Tue 18 Nov 18:07:45 GMT 2025: Set wallpaper to /home/solo/.config/hypr/wallpapers/1968-Lamborghini-Miura-Jota-SVR-001-1080.jpg
Tue 18 Nov 18:09:45 GMT 2025: Set wallpaper to /home/solo/.config/hypr/wallpapers/2014-Mercedes-Benz-SLS-AMG-Black-Series-009-1440.jpg
Tue 18 Nov 18:11:45 GMT 2025: Set wallpaper to /home/solo/.config/hypr/wallpapers/1979-Canepa-BMW-M1-Procar_grey.png
Tue 18 Nov 18:13:45 GMT 2025: Set wallpaper to /home/solo/.config/hypr/wallpapers/hamilton_3079629.jpg
Tue 18 Nov 18:15:46 GMT 2025: Set wallpaper to /home/solo/.config/hypr/wallpapers/2011-Mercedes-Benz-C63-AMG-Coupe-Black-001-1080.jpg
Tue 18 Nov 18:17:46 GMT 2025: Set wallpaper to /home/solo/.config/hypr/wallpapers/thumb-1920-1345403.jpeg
Tue 18 Nov 18:19:46 GMT 2025: Set wallpaper to /home/solo/.config/hypr/wallpapers/astize_cc0_split1.png
Tue 18 Nov 18:21:46 GMT 2025: Set wallpaper to /home/solo/.config/hypr/wallpapers/1968-Lamborghini-Miura-Jota-SVR-001-1080.jpg
Tue 18 Nov 18:23:46 GMT 2025: Set wallpaper to /home/solo/.config/hypr/wallpapers/mazda-mx5-miata-mazda-3351.jpg
Tue 18 Nov 18:25:46 GMT 2025: Set wallpaper to /home/solo/.config/hypr/wallpapers/SilverW11.jpg
Tue 18 Nov 18:27:46 GMT 2025: Set wallpaper to /home/solo/.config/hypr/wallpapers/SilverW11.jpg
Tue 18 Nov 18:29:46 GMT 2025: Set wallpaper to /home/solo/.config/hypr/wallpapers/2014-Mercedes-Benz-SLS-AMG-Black-Series-009-1440.jpg
Tue 18 Nov 18:31:46 GMT 2025: Set wallpaper to /home/solo/.config/hypr/wallpapers/SilverW11.jpg
Tue 18 Nov 18:33:46 GMT 2025: Set wallpaper to /home/solo/.config/hypr/wallpapers/1979-Canepa-BMW-M1-Procar_grey.png
Tue 18 Nov 18:35:46 GMT 2025: Set wallpaper to /home/solo/.config/hypr/wallpapers/W11_with_DRS.jpg
Tue 18 Nov 18:37:46 GMT 2025: Set wallpaper to /home/solo/.config/hypr/wallpapers/2008-Mazda-Furai-Concept-004-1440.jpg
Tue 18 Nov 19:16:07 GMT 2025: Set wallpaper to /home/solo/.config/hypr/wallpapers/mercedes_amg_f1_m11_eq_performance_4k-HD.jpg
Tue 18 Nov 19:18:07 GMT 2025: Set wallpaper to /home/solo/.config/hypr/wallpapers/2008-Mazda-Furai-Concept_grey.png
Tue 18 Nov 19:20:07 GMT 2025: Set wallpaper to /home/solo/.config/hypr/wallpapers/hamilton_3079629.jpg
Tue 18 Nov 19:22:07 GMT 2025: Set wallpaper to /home/solo/.config/hypr/wallpapers/W11_with_DRS.jpg
Tue 18 Nov 19:24:07 GMT 2025: Set wallpaper to /home/solo/.config/hypr/wallpapers/W05.jpg
Tue 18 Nov 19:26:07 GMT 2025: Set wallpaper to /home/solo/.config/hypr/wallpapers/2005-Ferrari-F430-007-1080.jpg
Tue 18 Nov 19:28:07 GMT 2025: Set wallpaper to /home/solo/.config/hypr/wallpapers/2014-Mercedes-Benz-SLS-AMG-Black-Series-009-1440.jpg
Tue 18 Nov 19:30:07 GMT 2025: Set wallpaper to /home/solo/.config/hypr/wallpapers/2011-Mercedes-Benz-C63-AMG-Coupe-Black-002-1080.jpg
Tue 18 Nov 19:32:07 GMT 2025: Set wallpaper to /home/solo/.config/hypr/wallpapers/SoloLinux4.png
Tue 18 Nov 19:34:07 GMT 2025: Set wallpaper to /home/solo/.config/hypr/wallpapers/2008-Mazda-Furai-Concept_grey.png
Tue 18 Nov 19:36:07 GMT 2025: Set wallpaper to /home/solo/.config/hypr/wallpapers/1979-Canepa-BMW-M1-Procar_grey.png
Tue 18 Nov 19:38:07 GMT 2025: Set wallpaper to /home/solo/.config/hypr/wallpapers/1979-Canepa-BMW-M1-Procar_grey.png
Tue 18 Nov 19:40:07 GMT 2025: Set wallpaper to /home/solo/.config/hypr/wallpapers/linux-nitros-dark-ov.jpg
Tue 18 Nov 19:42:07 GMT 2025: Set wallpaper to /home/solo/.config/hypr/wallpapers/2011-Mercedes-Benz-C63-AMG-Coupe-Black-001-1080.jpg
Tue 18 Nov 19:44:07 GMT 2025: Set wallpaper to /home/solo/.config/hypr/wallpapers/2011-Mercedes-Benz-C63-AMG-Coupe-Black-002-1080.jpg
Tue 18 Nov 19:46:07 GMT 2025: Set wallpaper to /home/solo/.config/hypr/wallpapers/w05.webp
Tue 18 Nov 19:48:07 GMT 2025: Set wallpaper to /home/solo/.config/hypr/wallpapers/mazda-mx5-miata-mazda-3351.jpg
Tue 18 Nov 19:50:09 GMT 2025: Set wallpaper to /home/solo/.config/hypr/wallpapers/2011-Mercedes-Benz-C63-AMG-Coupe-Black-002-1080.jpg
Tue 18 Nov 19:52:09 GMT 2025: Set wallpaper to /home/solo/.config/hypr/wallpapers/SilverW11.jpg
Tue 18 Nov 19:54:09 GMT 2025: Set wallpaper to /home/solo/.config/hypr/wallpapers/2015-Porsche-918-Spyder-012-1440.jpg
Tue 18 Nov 19:56:09 GMT 2025: Set wallpaper to /home/solo/.config/hypr/wallpapers/W11_with_DRS.jpg
Tue 18 Nov 19:58:09 GMT 2025: Set wallpaper to /home/solo/.config/hypr/wallpapers/W11_with_DRS.jpg
Tue 18 Nov 20:00:09 GMT 2025: Set wallpaper to /home/solo/.config/hypr/wallpapers/hamilton_3079629.jpg
Tue 18 Nov 20:02:09 GMT 2025: Set wallpaper to /home/solo/.config/hypr/wallpapers/astize_cc0_split1.png
Tue 18 Nov 20:04:09 GMT 2025: Set wallpaper to /home/solo/.config/hypr/wallpapers/2014-Mercedes-Benz-SLS-AMG-Black-Series-009-1440.jpg
Tue 18 Nov 20:06:09 GMT 2025: Set wallpaper to /home/solo/.config/hypr/wallpapers/hamilton_3079629.jpg
Tue 18 Nov 20:08:09 GMT 2025: Set wallpaper to /home/solo/.config/hypr/wallpapers/1968-Lamborghini-Miura-Jota-SVR-001-1080.jpg
Tue 18 Nov 20:10:09 GMT 2025: Set wallpaper to /home/solo/.config/hypr/wallpapers/w11_wets.webp
Tue 18 Nov 20:12:09 GMT 2025: Set wallpaper to /home/solo/.config/hypr/wallpapers/w11_pfp.webp
Tue 18 Nov 20:14:10 GMT 2025: Set wallpaper to /home/solo/.config/hypr/wallpapers/2014-Mercedes-Benz-SLS-AMG-Black-Series-009-1440.jpg
Tue 18 Nov 20:16:10 GMT 2025: Set wallpaper to /home/solo/.config/hypr/wallpapers/2019-Bugatti-Divo.jpg
Tue 18 Nov 20:18:10 GMT 2025: Set wallpaper to /home/solo/.config/hypr/wallpapers/w11_pfp.webp
Tue 18 Nov 20:20:10 GMT 2025: Set wallpaper to /home/solo/.config/hypr/wallpapers/hyprland_wallpaper.png
Tue 18 Nov 20:22:10 GMT 2025: Set wallpaper to /home/solo/.config/hypr/wallpapers/2011-Mercedes-Benz-C63-AMG-Coupe-Black-001-1080.jpg
Tue 18 Nov 20:24:10 GMT 2025: Set wallpaper to /home/solo/.config/hypr/wallpapers/2011-Mercedes-Benz-C63-AMG-Coupe-Black-001-1080.jpg
Tue 18 Nov 20:26:10 GMT 2025: Set wallpaper to /home/solo/.config/hypr/wallpapers/2011-Mercedes-Benz-C63-AMG-Coupe-Black-001-1080.jpg
Tue 18 Nov 20:28:10 GMT 2025: Set wallpaper to /home/solo/.config/hypr/wallpapers/2009-Mercedes-Benz-SL-65-AMG-Black-003-1080.jpg
Tue 18 Nov 20:30:10 GMT 2025: Set wallpaper to /home/solo/.config/hypr/wallpapers/2009-Mercedes-Benz-SL-65-AMG-Black-003-1080.jpg
Tue 18 Nov 20:32:10 GMT 2025: Set wallpaper to /home/solo/.config/hypr/wallpapers/SilverW11.jpg
Tue 18 Nov 20:34:10 GMT 2025: Set wallpaper to /home/solo/.config/hypr/wallpapers/2015-Porsche-918-Spyder-012-1440.jpg
Tue 18 Nov 20:36:10 GMT 2025: Set wallpaper to /home/solo/.config/hypr/wallpapers/w11_pfp.webp
Tue 18 Nov 20:38:10 GMT 2025: Set wallpaper to /home/solo/.config/hypr/wallpapers/W11_with_DRS.jpg
Tue 18 Nov 20:40:10 GMT 2025: Set wallpaper to /home/solo/.config/hypr/wallpapers/astize_cc0_split1.png
Tue 18 Nov 20:42:10 GMT 2025: Set wallpaper to /home/solo/.config/hypr/wallpapers/astize_cc0_split1.png
Tue 18 Nov 20:44:10 GMT 2025: Set wallpaper to /home/solo/.config/hypr/wallpapers/1968-Lamborghini-Miura-Jota-SVR-001-1080.jpg
Tue 18 Nov 20:46:10 GMT 2025: Set wallpaper to /home/solo/.config/hypr/wallpapers/2011-Mercedes-Benz-C63-AMG-Coupe-Black-002-1080.jpg
Tue 18 Nov 20:48:10 GMT 2025: Set wallpaper to /home/solo/.config/hypr/wallpapers/1968-Lamborghini-Miura-Jota-SVR-001-1080.jpg
Tue 18 Nov 20:50:10 GMT 2025: Set wallpaper to /home/solo/.config/hypr/wallpapers/w05.webp
Tue 18 Nov 20:52:11 GMT 2025: Set wallpaper to /home/solo/.config/hypr/wallpapers/hamilton_3079629.jpg
Tue 18 Nov 20:54:11 GMT 2025: Set wallpaper to /home/solo/.config/hypr/wallpapers/SoloLinux4.png
Tue 18 Nov 20:56:11 GMT 2025: Set wallpaper to /home/solo/.config/hypr/wallpapers/2009-Mercedes-Benz-SL-65-AMG-Black-003-1080.jpg
Tue 18 Nov 20:58:11 GMT 2025: Set wallpaper to /home/solo/.config/hypr/wallpapers/2008-Mazda-Furai-Concept_grey.png
Tue 18 Nov 21:00:11 GMT 2025: Set wallpaper to /home/solo/.config/hypr/wallpapers/astize_cc0_split1.png
Tue 18 Nov 21:02:11 GMT 2025: Set wallpaper to /home/solo/.config/hypr/wallpapers/2005-Ferrari-F430-007-1080.jpg
Tue 18 Nov 21:04:11 GMT 2025: Set wallpaper to /home/solo/.config/hypr/wallpapers/hamilton_3079629.jpg
Tue 18 Nov 21:06:11 GMT 2025: Set wallpaper to /home/solo/.config/hypr/wallpapers/thumb-1920-1345403.jpeg
Tue 18 Nov 21:08:11 GMT 2025: Set wallpaper to /home/solo/.config/hypr/wallpapers/w11_pfp.webp
Tue 18 Nov 21:10:11 GMT 2025: Set wallpaper to /home/solo/.config/hypr/wallpapers/SoloLinux4.png
Tue 18 Nov 21:12:11 GMT 2025: Set wallpaper to /home/solo/.config/hypr/wallpapers/mercedes_amg_f1_m11_eq_performance_4k-HD.jpg
Tue 18 Nov 21:14:11 GMT 2025: Set wallpaper to /home/solo/.config/hypr/wallpapers/thumb-1920-1345403.jpeg
Tue 18 Nov 21:16:11 GMT 2025: Set wallpaper to /home/solo/.config/hypr/wallpapers/w11_wets.webp
Tue 18 Nov 21:18:11 GMT 2025: Set wallpaper to /home/solo/.config/hypr/wallpapers/1968-Lamborghini-Miura-Jota-SVR-001-1080.jpg
Tue 18 Nov 21:20:11 GMT 2025: Set wallpaper to /home/solo/.config/hypr/wallpapers/hamilton_3079629.jpg
Tue 18 Nov 21:22:11 GMT 2025: Set wallpaper to /home/solo/.config/hypr/wallpapers/2014-Mercedes-Benz-SLS-AMG-Black-Series-009-1440.jpg
Tue 18 Nov 21:24:11 GMT 2025: Set wallpaper to /home/solo/.config/hypr/wallpapers/hamilton_3079629.jpg
Tue 18 Nov 21:26:11 GMT 2025: Set wallpaper to /home/solo/.config/hypr/wallpapers/W11_with_DRS.jpg
Tue 18 Nov 21:28:11 GMT 2025: Set wallpaper to /home/solo/.config/hypr/wallpapers/2015-Porsche-918-Spyder-012-1440.jpg
Tue 18 Nov 21:30:11 GMT 2025: Set wallpaper to /home/solo/.config/hypr/wallpapers/mercedes_amg_f1_m11_eq_performance_4k-HD.jpg
Tue 18 Nov 21:32:11 GMT 2025: Set wallpaper to /home/solo/.config/hypr/wallpapers/SoloLinux4.png
Tue 18 Nov 21:34:11 GMT 2025: Set wallpaper to /home/solo/.config/hypr/wallpapers/2008-Mazda-Furai-Concept-004-1440.jpg
Tue 18 Nov 21:36:11 GMT 2025: Set wallpaper to /home/solo/.config/hypr/wallpapers/2008-Mazda-Furai-Concept_grey.png
Tue 18 Nov 21:38:11 GMT 2025: Set wallpaper to /home/solo/.config/hypr/wallpapers/hamilton_3079629.jpg
Tue 18 Nov 21:40:11 GMT 2025: Set wallpaper to /home/solo/.config/hypr/wallpapers/2005-Ferrari-F430-007-1080.jpg
Tue 18 Nov 21:42:11 GMT 2025: Set wallpaper to /home/solo/.config/hypr/wallpapers/thumb-1920-1345403.jpeg
Tue 18 Nov 21:44:11 GMT 2025: Set wallpaper to /home/solo/.config/hypr/wallpapers/2008-Mazda-Furai-Concept_grey.png
Tue 18 Nov 21:46:11 GMT 2025: Set wallpaper to /home/solo/.config/hypr/wallpapers/hyprland_wallpaper.png
Tue 18 Nov 21:48:11 GMT 2025: Set wallpaper to /home/solo/.config/hypr/wallpapers/2011-Mercedes-Benz-C63-AMG-Coupe-Black-001-1080.jpg
Tue 18 Nov 21:50:11 GMT 2025: Set wallpaper to /home/solo/.config/hypr/wallpapers/linux-nitros-dark-ov.jpg
Tue 18 Nov 21:52:12 GMT 2025: Set wallpaper to /home/solo/.config/hypr/wallpapers/2011-Mercedes-Benz-C63-AMG-Coupe-Black-001-1080.jpg
Tue 18 Nov 23:20:15 GMT 2025: Set wallpaper to /home/solo/.config/hypr/wallpapers/linux-nitros-dark-ov.jpg
Tue 18 Nov 23:22:16 GMT 2025: Set wallpaper to /home/solo/.config/hypr/wallpapers/thumb-1920-1345403.jpeg
Tue 18 Nov 23:24:16 GMT 2025: Set wallpaper to /home/solo/.config/hypr/wallpapers/2011-Mercedes-Benz-C63-AMG-Coupe-Black-001-1080.jpg
Tue 18 Nov 23:26:16 GMT 2025: Set wallpaper to /home/solo/.config/hypr/wallpapers/hamilton_3079629.jpg
Tue 18 Nov 23:28:16 GMT 2025: Set wallpaper to /home/solo/.config/hypr/wallpapers/W05.jpg
Tue 18 Nov 23:30:16 GMT 2025: Set wallpaper to /home/solo/.config/hypr/wallpapers/2008-Mazda-Furai-Concept_grey.png
Tue 18 Nov 23:32:16 GMT 2025: Set wallpaper to /home/solo/.config/hypr/wallpapers/w11_wets.webp
Tue 18 Nov 23:34:16 GMT 2025: Set wallpaper to /home/solo/.config/hypr/wallpapers/SilverW11.jpg
Wed 19 Nov 00:42:30 GMT 2025: Set wallpaper to /home/solo/.config/hypr/wallpapers/mercedes_amg_f1_m11_eq_performance_4k-HD.jpg
Wed 19 Nov 00:44:30 GMT 2025: Set wallpaper to /home/solo/.config/hypr/wallpapers/1979-Canepa-BMW-M1-Procar_grey.png
Wed 19 Nov 00:46:30 GMT 2025: Set wallpaper to /home/solo/.config/hypr/wallpapers/2008-Mazda-Furai-Concept-004-1440.jpg
Wed 19 Nov 00:48:30 GMT 2025: Set wallpaper to /home/solo/.config/hypr/wallpapers/w11_pfp.webp
Wed 19 Nov 00:50:30 GMT 2025: Set wallpaper to /home/solo/.config/hypr/wallpapers/2014-Mercedes-Benz-SLS-AMG-Black-Series-009-1440.jpg
Wed 19 Nov 00:52:30 GMT 2025: Set wallpaper to /home/solo/.config/hypr/wallpapers/1979-Canepa-BMW-M1-Procar_grey.png
Wed 19 Nov 01:09:16 GMT 2025: Set wallpaper to /home/solo/.config/hypr/wallpapers/2005-Ferrari-F430-007-1080.jpg
Wed 19 Nov 01:11:17 GMT 2025: Set wallpaper to /home/solo/.config/hypr/wallpapers/2008-Mazda-Furai-Concept_grey.png
Wed 19 Nov 01:13:18 GMT 2025: Set wallpaper to /home/solo/.config/hypr/wallpapers/astize_cc0_split1.png
Wed 19 Nov 01:15:18 GMT 2025: Set wallpaper to /home/solo/.config/hypr/wallpapers/w11_pfp.webp
Wed 19 Nov 01:17:18 GMT 2025: Set wallpaper to /home/solo/.config/hypr/wallpapers/hamilton_3079629.jpg
Wed 19 Nov 01:19:18 GMT 2025: Set wallpaper to /home/solo/.config/hypr/wallpapers/2008-Mazda-Furai-Concept_grey.png
Wed 19 Nov 01:21:18 GMT 2025: Set wallpaper to /home/solo/.config/hypr/wallpapers/astize_cc0_split1.png
Wed 19 Nov 01:23:18 GMT 2025: Set wallpaper to /home/solo/.config/hypr/wallpapers/2009-Mercedes-Benz-SL-65-AMG-Black-003-1080.jpg
Wed 19 Nov 01:25:18 GMT 2025: Set wallpaper to /home/solo/.config/hypr/wallpapers/2005-Ferrari-F430-007-1080.jpg
Wed 19 Nov 01:27:18 GMT 2025: Set wallpaper to /home/solo/.config/hypr/wallpapers/linux-nitros-dark-ov.jpg
Wed 19 Nov 01:29:18 GMT 2025: Set wallpaper to /home/solo/.config/hypr/wallpapers/mercedes_amg_f1_m11_eq_performance_4k-HD.jpg
Wed 19 Nov 01:31:18 GMT 2025: Set wallpaper to /home/solo/.config/hypr/wallpapers/linux-nitros-dark-ov.jpg
Wed 19 Nov 01:33:18 GMT 2025: Set wallpaper to /home/solo/.config/hypr/wallpapers/2011-Mercedes-Benz-C63-AMG-Coupe-Black-002-1080.jpg
Wed 19 Nov 01:35:18 GMT 2025: Set wallpaper to /home/solo/.config/hypr/wallpapers/w05.webp
Wed 19 Nov 01:37:18 GMT 2025: Set wallpaper to /home/solo/.config/hypr/wallpapers/mercedes-w11.webp
Wed 19 Nov 01:39:18 GMT 2025: Set wallpaper to /home/solo/.config/hypr/wallpapers/2008-Mazda-Furai-Concept_grey.png
Wed 19 Nov 01:41:18 GMT 2025: Set wallpaper to /home/solo/.config/hypr/wallpapers/mazda-mx5-miata-mazda-3351.jpg
Wed 19 Nov 01:43:18 GMT 2025: Set wallpaper to /home/solo/.config/hypr/wallpapers/w11_wets.webp
Wed 19 Nov 01:45:18 GMT 2025: Set wallpaper to /home/solo/.config/hypr/wallpapers/2011-Mercedes-Benz-C63-AMG-Coupe-Black-001-1080.jpg
Wed 19 Nov 01:47:18 GMT 2025: Set wallpaper to /home/solo/.config/hypr/wallpapers/2011-Mercedes-Benz-C63-AMG-Coupe-Black-002-1080.jpg
Wed 19 Nov 01:49:18 GMT 2025: Set wallpaper to /home/solo/.config/hypr/wallpapers/thumb-1920-1345403.jpeg
Wed 19 Nov 01:51:18 GMT 2025: Set wallpaper to /home/solo/.config/hypr/wallpapers/mercedes-w11.webp
Wed 19 Nov 01:53:18 GMT 2025: Set wallpaper to /home/solo/.config/hypr/wallpapers/mercedes_amg_f1_m11_eq_performance_4k-HD.jpg
Wed 19 Nov 01:55:18 GMT 2025: Set wallpaper to /home/solo/.config/hypr/wallpapers/2005-Ferrari-F430-007-1080.jpg
Wed 19 Nov 01:57:18 GMT 2025: Set wallpaper to /home/solo/.config/hypr/wallpapers/linux-nitros-dark-ov.jpg
Wed 19 Nov 01:59:18 GMT 2025: Set wallpaper to /home/solo/.config/hypr/wallpapers/2009-Mercedes-Benz-SL-65-AMG-Black-003-1080.jpg
Wed 19 Nov 02:01:18 GMT 2025: Set wallpaper to /home/solo/.config/hypr/wallpapers/2015-Porsche-918-Spyder-012-1440.jpg
Wed 19 Nov 02:03:18 GMT 2025: Set wallpaper to /home/solo/.config/hypr/wallpapers/mazda-mx5-miata-mazda-3351.jpg
Wed 19 Nov 02:05:18 GMT 2025: Set wallpaper to /home/solo/.config/hypr/wallpapers/2011-Mercedes-Benz-C63-AMG-Coupe-Black-002-1080.jpg
Wed 19 Nov 02:07:18 GMT 2025: Set wallpaper to /home/solo/.config/hypr/wallpapers/w11_wets.webp
Wed 19 Nov 02:09:18 GMT 2025: Set wallpaper to /home/solo/.config/hypr/wallpapers/2008-Mazda-Furai-Concept_grey.png
Wed 19 Nov 02:11:19 GMT 2025: Set wallpaper to /home/solo/.config/hypr/wallpapers/SoloLinux4.png
Wed 19 Nov 02:13:19 GMT 2025: Set wallpaper to /home/solo/.config/hypr/wallpapers/astize_cc0_split1.png
Wed 19 Nov 02:15:19 GMT 2025: Set wallpaper to /home/solo/.config/hypr/wallpapers/2008-Mazda-Furai-Concept_grey.png
Wed 19 Nov 02:17:19 GMT 2025: Set wallpaper to /home/solo/.config/hypr/wallpapers/w11_wets.webp
Wed 19 Nov 02:19:19 GMT 2025: Set wallpaper to /home/solo/.config/hypr/wallpapers/2015-Porsche-918-Spyder-012-1440.jpg
Wed 19 Nov 02:21:19 GMT 2025: Set wallpaper to /home/solo/.config/hypr/wallpapers/2015-Porsche-918-Spyder-012-1440.jpg
Wed 19 Nov 02:23:19 GMT 2025: Set wallpaper to /home/solo/.config/hypr/wallpapers/mercedes_amg_f1_m11_eq_performance_4k-HD.jpg
Wed 19 Nov 02:25:19 GMT 2025: Set wallpaper to /home/solo/.config/hypr/wallpapers/2009-Mercedes-Benz-SL-65-AMG-Black-003-1080.jpg
Wed 19 Nov 02:27:19 GMT 2025: Set wallpaper to /home/solo/.config/hypr/wallpapers/2015-Porsche-918-Spyder-012-1440.jpg
Wed 19 Nov 02:29:19 GMT 2025: Set wallpaper to /home/solo/.config/hypr/wallpapers/2005-Ferrari-F430-007-1080.jpg
Wed 19 Nov 02:31:19 GMT 2025: Set wallpaper to /home/solo/.config/hypr/wallpapers/W05.jpg
Wed 19 Nov 02:33:19 GMT 2025: Set wallpaper to /home/solo/.config/hypr/wallpapers/linux-nitros-dark-ov.jpg
Wed 19 Nov 02:35:19 GMT 2025: Set wallpaper to /home/solo/.config/hypr/wallpapers/w11_wets.webp
Wed 19 Nov 04:17:39 GMT 2025: Set wallpaper to /home/solo/.config/hypr/wallpapers/2011-Mercedes-Benz-C63-AMG-Coupe-Black-002-1080.jpg
Wed 19 Nov 04:19:39 GMT 2025: Set wallpaper to /home/solo/.config/hypr/wallpapers/w11_wets.webp
Wed 19 Nov 04:21:39 GMT 2025: Set wallpaper to /home/solo/.config/hypr/wallpapers/2009-Mercedes-Benz-SL-65-AMG-Black-003-1080.jpg
Wed 19 Nov 04:23:39 GMT 2025: Set wallpaper to /home/solo/.config/hypr/wallpapers/W05.jpg
Wed 19 Nov 04:25:39 GMT 2025: Set wallpaper to /home/solo/.config/hypr/wallpapers/hyprland_wallpaper.png
Wed 19 Nov 04:35:33 GMT 2025: Set wallpaper to /home/solo/.config/hypr/wallpapers/2008-Mazda-Furai-Concept_grey.png
Wed 19 Nov 04:37:33 GMT 2025: Set wallpaper to /home/solo/.config/hypr/wallpapers/2005-Ferrari-F430-007-1080.jpg
Wed 19 Nov 04:39:33 GMT 2025: Set wallpaper to /home/solo/.config/hypr/wallpapers/1968-Lamborghini-Miura-Jota-SVR-001-1080.jpg
Wed 19 Nov 04:41:33 GMT 2025: Set wallpaper to /home/solo/.config/hypr/wallpapers/2014-Mercedes-Benz-SLS-AMG-Black-Series-009-1440.jpg
Wed 19 Nov 04:43:33 GMT 2025: Set wallpaper to /home/solo/.config/hypr/wallpapers/SilverW11.jpg
Wed 19 Nov 04:45:33 GMT 2025: Set wallpaper to /home/solo/.config/hypr/wallpapers/2011-Mercedes-Benz-C63-AMG-Coupe-Black-001-1080.jpg
Wed 19 Nov 04:47:33 GMT 2025: Set wallpaper to /home/solo/.config/hypr/wallpapers/w05.webp
Wed 19 Nov 04:49:33 GMT 2025: Set wallpaper to /home/solo/.config/hypr/wallpapers/W11_with_DRS.jpg
Wed 19 Nov 04:51:33 GMT 2025: Set wallpaper to /home/solo/.config/hypr/wallpapers/2005-Ferrari-F430-007-1080.jpg
Wed 19 Nov 04:53:33 GMT 2025: Set wallpaper to /home/solo/.config/hypr/wallpapers/linux-nitros-dark-ov.jpg
Wed 19 Nov 04:55:33 GMT 2025: Set wallpaper to /home/solo/.config/hypr/wallpapers/2011-Mercedes-Benz-C63-AMG-Coupe-Black-002-1080.jpg
Wed 19 Nov 04:57:33 GMT 2025: Set wallpaper to /home/solo/.config/hypr/wallpapers/2019-Bugatti-Divo.jpg
Wed 19 Nov 04:59:33 GMT 2025: Set wallpaper to /home/solo/.config/hypr/wallpapers/W05.jpg
Wed 19 Nov 05:01:33 GMT 2025: Set wallpaper to /home/solo/.config/hypr/wallpapers/SoloLinux4.png
Wed 19 Nov 05:03:33 GMT 2025: Set wallpaper to /home/solo/.config/hypr/wallpapers/mercedes-w11.webp
Wed 19 Nov 05:05:33 GMT 2025: Set wallpaper to /home/solo/.config/hypr/wallpapers/2008-Mazda-Furai-Concept-004-1440.jpg
Wed 19 Nov 05:07:33 GMT 2025: Set wallpaper to /home/solo/.config/hypr/wallpapers/1979-Canepa-BMW-M1-Procar_grey.png
Wed 19 Nov 05:09:34 GMT 2025: Set wallpaper to /home/solo/.config/hypr/wallpapers/2009-Mercedes-Benz-SL-65-AMG-Black-003-1080.jpg
Wed 19 Nov 05:11:34 GMT 2025: Set wallpaper to /home/solo/.config/hypr/wallpapers/w05.webp
Wed 19 Nov 05:13:34 GMT 2025: Set wallpaper to /home/solo/.config/hypr/wallpapers/SilverW11.jpg
Wed 19 Nov 05:15:34 GMT 2025: Set wallpaper to /home/solo/.config/hypr/wallpapers/linux-nitros-dark-ov.jpg
Wed 19 Nov 05:17:34 GMT 2025: Set wallpaper to /home/solo/.config/hypr/wallpapers/2011-Mercedes-Benz-C63-AMG-Coupe-Black-002-1080.jpg
Wed 19 Nov 05:19:34 GMT 2025: Set wallpaper to /home/solo/.config/hypr/wallpapers/1979-Canepa-BMW-M1-Procar_grey.png
Wed 19 Nov 05:21:34 GMT 2025: Set wallpaper to /home/solo/.config/hypr/wallpapers/2008-Mazda-Furai-Concept-004-1440.jpg
Wed 19 Nov 05:23:34 GMT 2025: Set wallpaper to /home/solo/.config/hypr/wallpapers/2015-Porsche-918-Spyder-012-1440.jpg
Wed 19 Nov 05:25:34 GMT 2025: Set wallpaper to /home/solo/.config/hypr/wallpapers/w11_wets.webp
Wed 19 Nov 05:27:34 GMT 2025: Set wallpaper to /home/solo/.config/hypr/wallpapers/1979-Canepa-BMW-M1-Procar_grey.png
Wed 19 Nov 05:29:34 GMT 2025: Set wallpaper to /home/solo/.config/hypr/wallpapers/hamilton_3079629.jpg
Wed 19 Nov 05:31:34 GMT 2025: Set wallpaper to /home/solo/.config/hypr/wallpapers/hyprland_wallpaper.png
Wed 19 Nov 05:33:34 GMT 2025: Set wallpaper to /home/solo/.config/hypr/wallpapers/2008-Mazda-Furai-Concept_grey.png
Wed 19 Nov 05:35:34 GMT 2025: Set wallpaper to /home/solo/.config/hypr/wallpapers/2008-Mazda-Furai-Concept-004-1440.jpg
Wed 19 Nov 05:37:34 GMT 2025: Set wallpaper to /home/solo/.config/hypr/wallpapers/W05.jpg
Wed 19 Nov 05:39:34 GMT 2025: Set wallpaper to /home/solo/.config/hypr/wallpapers/w05.webp
Wed 19 Nov 05:41:34 GMT 2025: Set wallpaper to /home/solo/.config/hypr/wallpapers/1979-Canepa-BMW-M1-Procar_grey.png
Wed 19 Nov 05:43:34 GMT 2025: Set wallpaper to /home/solo/.config/hypr/wallpapers/mazda-mx5-miata-mazda-3351.jpg
Wed 19 Nov 05:45:34 GMT 2025: Set wallpaper to /home/solo/.config/hypr/wallpapers/2008-Mazda-Furai-Concept-004-1440.jpg
Wed 19 Nov 05:47:34 GMT 2025: Set wallpaper to /home/solo/.config/hypr/wallpapers/2011-Mercedes-Benz-C63-AMG-Coupe-Black-002-1080.jpg
Wed 19 Nov 05:49:34 GMT 2025: Set wallpaper to /home/solo/.config/hypr/wallpapers/W11_with_DRS.jpg
Wed 19 Nov 05:51:34 GMT 2025: Set wallpaper to /home/solo/.config/hypr/wallpapers/2011-Mercedes-Benz-C63-AMG-Coupe-Black-001-1080.jpg
Wed 19 Nov 05:53:34 GMT 2025: Set wallpaper to /home/solo/.config/hypr/wallpapers/SilverW11.jpg
Wed 19 Nov 05:55:34 GMT 2025: Set wallpaper to /home/solo/.config/hypr/wallpapers/w11_pfp.webp
Wed 19 Nov 05:57:34 GMT 2025: Set wallpaper to /home/solo/.config/hypr/wallpapers/2015-Porsche-918-Spyder-012-1440.jpg
Wed 19 Nov 05:59:34 GMT 2025: Set wallpaper to /home/solo/.config/hypr/wallpapers/2009-Mercedes-Benz-SL-65-AMG-Black-003-1080.jpg
Wed 19 Nov 06:01:34 GMT 2025: Set wallpaper to /home/solo/.config/hypr/wallpapers/2008-Mazda-Furai-Concept_grey.png
Wed 19 Nov 06:03:34 GMT 2025: Set wallpaper to /home/solo/.config/hypr/wallpapers/simple.png
Wed 19 Nov 06:05:34 GMT 2025: Set wallpaper to /home/solo/.config/hypr/wallpapers/linux-nitros-dark-ov.jpg
Wed 19 Nov 06:07:35 GMT 2025: Set wallpaper to /home/solo/.config/hypr/wallpapers/astize_cc0_split1.png
Wed 19 Nov 06:09:35 GMT 2025: Set wallpaper to /home/solo/.config/hypr/wallpapers/mercedes_amg_f1_m11_eq_performance_4k-HD.jpg
Wed 19 Nov 06:11:35 GMT 2025: Set wallpaper to /home/solo/.config/hypr/wallpapers/2011-Mercedes-Benz-C63-AMG-Coupe-Black-002-1080.jpg
Wed 19 Nov 06:13:35 GMT 2025: Set wallpaper to /home/solo/.config/hypr/wallpapers/w11_pfp.webp
Wed 19 Nov 12:46:35 GMT 2025: Set wallpaper to /home/solo/.config/hypr/wallpapers/W05.jpg
Wed 19 Nov 12:48:35 GMT 2025: Set wallpaper to /home/solo/.config/hypr/wallpapers/mercedes_amg_f1_m11_eq_performance_4k-HD.jpg
Wed 19 Nov 12:50:35 GMT 2025: Set wallpaper to /home/solo/.config/hypr/wallpapers/w11_wets.webp
Wed 19 Nov 12:52:35 GMT 2025: Set wallpaper to /home/solo/.config/hypr/wallpapers/1979-Canepa-BMW-M1-Procar_grey.png
Wed 19 Nov 12:54:35 GMT 2025: Set wallpaper to /home/solo/.config/hypr/wallpapers/1979-Canepa-BMW-M1-Procar_grey.png
Wed 19 Nov 12:56:35 GMT 2025: Set wallpaper to /home/solo/.config/hypr/wallpapers/2011-Mercedes-Benz-C63-AMG-Coupe-Black-001-1080.jpg
Wed 19 Nov 12:58:35 GMT 2025: Set wallpaper to /home/solo/.config/hypr/wallpapers/1968-Lamborghini-Miura-Jota-SVR-001-1080.jpg
Wed 19 Nov 13:00:35 GMT 2025: Set wallpaper to /home/solo/.config/hypr/wallpapers/mercedes-w11.webp
Wed 19 Nov 13:02:35 GMT 2025: Set wallpaper to /home/solo/.config/hypr/wallpapers/SilverW11.jpg
Wed 19 Nov 13:04:35 GMT 2025: Set wallpaper to /home/solo/.config/hypr/wallpapers/2009-Mercedes-Benz-SL-65-AMG-Black-003-1080.jpg
Wed 19 Nov 13:06:35 GMT 2025: Set wallpaper to /home/solo/.config/hypr/wallpapers/astize_cc0_split1.png
Wed 19 Nov 13:08:35 GMT 2025: Set wallpaper to /home/solo/.config/hypr/wallpapers/astize_cc0_split1.png
Wed 19 Nov 13:10:35 GMT 2025: Set wallpaper to /home/solo/.config/hypr/wallpapers/W11_with_DRS.jpg
Wed 19 Nov 13:12:35 GMT 2025: Set wallpaper to /home/solo/.config/hypr/wallpapers/w11_pfp.webp
Wed 19 Nov 13:14:35 GMT 2025: Set wallpaper to /home/solo/.config/hypr/wallpapers/astize_cc0_split1.png
Wed 19 Nov 13:16:35 GMT 2025: Set wallpaper to /home/solo/.config/hypr/wallpapers/W05.jpg
Wed 19 Nov 13:18:35 GMT 2025: Set wallpaper to /home/solo/.config/hypr/wallpapers/hyprland_wallpaper.png
Wed 19 Nov 13:20:36 GMT 2025: Set wallpaper to /home/solo/.config/hypr/wallpapers/w11_pfp.webp
Wed 19 Nov 13:22:36 GMT 2025: Set wallpaper to /home/solo/.config/hypr/wallpapers/SoloLinux4.png
Wed 19 Nov 13:24:36 GMT 2025: Set wallpaper to /home/solo/.config/hypr/wallpapers/astize_cc0_split1.png
Wed 19 Nov 13:26:36 GMT 2025: Set wallpaper to /home/solo/.config/hypr/wallpapers/2009-Mercedes-Benz-SL-65-AMG-Black-003-1080.jpg
Wed 19 Nov 13:28:36 GMT 2025: Set wallpaper to /home/solo/.config/hypr/wallpapers/mazda-mx5-miata-mazda-3351.jpg
Wed 19 Nov 13:30:36 GMT 2025: Set wallpaper to /home/solo/.config/hypr/wallpapers/SilverW11.jpg
Wed 19 Nov 13:32:36 GMT 2025: Set wallpaper to /home/solo/.config/hypr/wallpapers/2005-Ferrari-F430-007-1080.jpg
Wed 19 Nov 13:34:36 GMT 2025: Set wallpaper to /home/solo/.config/hypr/wallpapers/2015-Porsche-918-Spyder-012-1440.jpg
Wed 19 Nov 13:36:36 GMT 2025: Set wallpaper to /home/solo/.config/hypr/wallpapers/SilverW11.jpg
Wed 19 Nov 13:38:36 GMT 2025: Set wallpaper to /home/solo/.config/hypr/wallpapers/hamilton_3079629.jpg
Wed 19 Nov 13:40:36 GMT 2025: Set wallpaper to /home/solo/.config/hypr/wallpapers/W11_with_DRS.jpg
Wed 19 Nov 13:42:36 GMT 2025: Set wallpaper to /home/solo/.config/hypr/wallpapers/mercedes-w11.webp
Wed 19 Nov 13:44:36 GMT 2025: Set wallpaper to /home/solo/.config/hypr/wallpapers/w11_pfp.webp
Wed 19 Nov 14:34:43 GMT 2025: Set wallpaper to /home/solo/.config/hypr/wallpapers/w05.webp
Wed 19 Nov 14:36:43 GMT 2025: Set wallpaper to /home/solo/.config/hypr/wallpapers/w11_pfp.webp
Wed 19 Nov 14:38:44 GMT 2025: Set wallpaper to /home/solo/.config/hypr/wallpapers/mercedes-w11.webp
Wed 19 Nov 14:40:44 GMT 2025: Set wallpaper to /home/solo/.config/hypr/wallpapers/thumb-1920-1345403.jpeg
Wed 19 Nov 14:55:56 GMT 2025: Set wallpaper to /home/solo/.config/hypr/wallpapers/1968-Lamborghini-Miura-Jota-SVR-001-1080.jpg
Wed 19 Nov 14:57:56 GMT 2025: Set wallpaper to /home/solo/.config/hypr/wallpapers/2011-Mercedes-Benz-C63-AMG-Coupe-Black-001-1080.jpg
Wed 19 Nov 14:59:56 GMT 2025: Set wallpaper to /home/solo/.config/hypr/wallpapers/2011-Mercedes-Benz-C63-AMG-Coupe-Black-002-1080.jpg
Wed 19 Nov 15:01:56 GMT 2025: Set wallpaper to /home/solo/.config/hypr/wallpapers/1979-Canepa-BMW-M1-Procar_grey.png
Wed 19 Nov 15:03:56 GMT 2025: Set wallpaper to /home/solo/.config/hypr/wallpapers/w05.webp
Wed 19 Nov 15:05:56 GMT 2025: Set wallpaper to /home/solo/.config/hypr/wallpapers/mercedes_amg_f1_m11_eq_performance_4k-HD.jpg
Wed 19 Nov 15:07:56 GMT 2025: Set wallpaper to /home/solo/.config/hypr/wallpapers/thumb-1920-1345403.jpeg
Wed 19 Nov 15:09:56 GMT 2025: Set wallpaper to /home/solo/.config/hypr/wallpapers/SoloLinux4.png
Wed 19 Nov 15:11:56 GMT 2025: Set wallpaper to /home/solo/.config/hypr/wallpapers/SoloLinux4.png
Wed 19 Nov 15:13:56 GMT 2025: Set wallpaper to /home/solo/.config/hypr/wallpapers/2008-Mazda-Furai-Concept-004-1440.jpg
Wed 19 Nov 15:15:57 GMT 2025: Set wallpaper to /home/solo/.config/hypr/wallpapers/mercedes_amg_f1_m11_eq_performance_4k-HD.jpg
Wed 19 Nov 15:17:57 GMT 2025: Set wallpaper to /home/solo/.config/hypr/wallpapers/1979-Canepa-BMW-M1-Procar_grey.png
Wed 19 Nov 15:19:57 GMT 2025: Set wallpaper to /home/solo/.config/hypr/wallpapers/1979-Canepa-BMW-M1-Procar_grey.png
Wed 19 Nov 16:53:17 GMT 2025: Set wallpaper to /home/solo/.config/hypr/wallpapers/w11_pfp.webp
Wed 19 Nov 16:55:17 GMT 2025: Set wallpaper to /home/solo/.config/hypr/wallpapers/2008-Mazda-Furai-Concept_grey.png
Wed 19 Nov 16:57:17 GMT 2025: Set wallpaper to /home/solo/.config/hypr/wallpapers/mercedes-w11.webp
Wed 19 Nov 16:59:17 GMT 2025: Set wallpaper to /home/solo/.config/hypr/wallpapers/2005-Ferrari-F430-007-1080.jpg
Wed 19 Nov 17:01:17 GMT 2025: Set wallpaper to /home/solo/.config/hypr/wallpapers/2009-Mercedes-Benz-SL-65-AMG-Black-003-1080.jpg
Wed 19 Nov 17:03:17 GMT 2025: Set wallpaper to /home/solo/.config/hypr/wallpapers/thumb-1920-1345403.jpeg
Wed 19 Nov 17:05:17 GMT 2025: Set wallpaper to /home/solo/.config/hypr/wallpapers/SoloLinux4.png
Wed 19 Nov 17:07:44 GMT 2025: Set wallpaper to /home/solo/.config/hypr/wallpapers/thumb-1920-1345403.jpeg
Wed 19 Nov 17:09:44 GMT 2025: Set wallpaper to /home/solo/.config/hypr/wallpapers/astize_cc0_split1.png
Wed 19 Nov 17:11:44 GMT 2025: Set wallpaper to /home/solo/.config/hypr/wallpapers/2008-Mazda-Furai-Concept-004-1440.jpg
Wed 19 Nov 17:13:44 GMT 2025: Set wallpaper to /home/solo/.config/hypr/wallpapers/w05.webp
Wed 19 Nov 17:15:44 GMT 2025: Set wallpaper to /home/solo/.config/hypr/wallpapers/linux-nitros-dark-ov.jpg
Wed 19 Nov 17:17:44 GMT 2025: Set wallpaper to /home/solo/.config/hypr/wallpapers/2008-Mazda-Furai-Concept-004-1440.jpg
Wed 19 Nov 17:19:44 GMT 2025: Set wallpaper to /home/solo/.config/hypr/wallpapers/2015-Porsche-918-Spyder-012-1440.jpg
Wed 19 Nov 17:21:45 GMT 2025: Set wallpaper to /home/solo/.config/hypr/wallpapers/2011-Mercedes-Benz-C63-AMG-Coupe-Black-002-1080.jpg
Wed 19 Nov 17:23:45 GMT 2025: Set wallpaper to /home/solo/.config/hypr/wallpapers/2014-Mercedes-Benz-SLS-AMG-Black-Series-009-1440.jpg
Wed 19 Nov 17:25:45 GMT 2025: Set wallpaper to /home/solo/.config/hypr/wallpapers/linux-nitros-dark-ov.jpg
Wed 19 Nov 17:27:45 GMT 2025: Set wallpaper to /home/solo/.config/hypr/wallpapers/w11_pfp.webp
Wed 19 Nov 17:29:45 GMT 2025: Set wallpaper to /home/solo/.config/hypr/wallpapers/2008-Mazda-Furai-Concept_grey.png
Wed 19 Nov 17:31:45 GMT 2025: Set wallpaper to /home/solo/.config/hypr/wallpapers/2015-Porsche-918-Spyder-012-1440.jpg
Wed 19 Nov 17:33:45 GMT 2025: Set wallpaper to /home/solo/.config/hypr/wallpapers/2008-Mazda-Furai-Concept-004-1440.jpg
Wed 19 Nov 17:35:45 GMT 2025: Set wallpaper to /home/solo/.config/hypr/wallpapers/2008-Mazda-Furai-Concept_grey.png
Wed 19 Nov 17:37:45 GMT 2025: Set wallpaper to /home/solo/.config/hypr/wallpapers/1979-Canepa-BMW-M1-Procar_grey.png
Wed 19 Nov 17:39:45 GMT 2025: Set wallpaper to /home/solo/.config/hypr/wallpapers/thumb-1920-1345403.jpeg
Wed 19 Nov 17:41:45 GMT 2025: Set wallpaper to /home/solo/.config/hypr/wallpapers/2005-Ferrari-F430-007-1080.jpg
Wed 19 Nov 17:43:45 GMT 2025: Set wallpaper to /home/solo/.config/hypr/wallpapers/1979-Canepa-BMW-M1-Procar_grey.png
Wed 19 Nov 17:45:45 GMT 2025: Set wallpaper to /home/solo/.config/hypr/wallpapers/2005-Ferrari-F430-007-1080.jpg
Wed 19 Nov 17:47:45 GMT 2025: Set wallpaper to /home/solo/.config/hypr/wallpapers/hamilton_3079629.jpg
Wed 19 Nov 17:49:45 GMT 2025: Set wallpaper to /home/solo/.config/hypr/wallpapers/SilverW11.jpg
Wed 19 Nov 17:51:45 GMT 2025: Set wallpaper to /home/solo/.config/hypr/wallpapers/2014-Mercedes-Benz-SLS-AMG-Black-Series-009-1440.jpg
Wed 19 Nov 17:53:45 GMT 2025: Set wallpaper to /home/solo/.config/hypr/wallpapers/w11_pfp.webp
Wed 19 Nov 17:55:45 GMT 2025: Set wallpaper to /home/solo/.config/hypr/wallpapers/W05.jpg
Wed 19 Nov 17:57:45 GMT 2025: Set wallpaper to /home/solo/.config/hypr/wallpapers/2005-Ferrari-F430-007-1080.jpg
Wed 19 Nov 17:59:45 GMT 2025: Set wallpaper to /home/solo/.config/hypr/wallpapers/2011-Mercedes-Benz-C63-AMG-Coupe-Black-002-1080.jpg
Wed 19 Nov 18:01:45 GMT 2025: Set wallpaper to /home/solo/.config/hypr/wallpapers/SoloLinux4.png
Wed 19 Nov 18:03:45 GMT 2025: Set wallpaper to /home/solo/.config/hypr/wallpapers/w11_wets.webp
Wed 19 Nov 18:05:45 GMT 2025: Set wallpaper to /home/solo/.config/hypr/wallpapers/2011-Mercedes-Benz-C63-AMG-Coupe-Black-002-1080.jpg
Wed 19 Nov 18:07:45 GMT 2025: Set wallpaper to /home/solo/.config/hypr/wallpapers/hamilton_3079629.jpg
Wed 19 Nov 18:09:45 GMT 2025: Set wallpaper to /home/solo/.config/hypr/wallpapers/2008-Mazda-Furai-Concept-004-1440.jpg
Wed 19 Nov 18:11:46 GMT 2025: Set wallpaper to /home/solo/.config/hypr/wallpapers/simple.png
Wed 19 Nov 18:13:46 GMT 2025: Set wallpaper to /home/solo/.config/hypr/wallpapers/hyprland_wallpaper.png
Wed 19 Nov 18:15:46 GMT 2025: Set wallpaper to /home/solo/.config/hypr/wallpapers/2014-Mercedes-Benz-SLS-AMG-Black-Series-009-1440.jpg
Wed 19 Nov 18:17:46 GMT 2025: Set wallpaper to /home/solo/.config/hypr/wallpapers/simple.png
Wed 19 Nov 18:19:46 GMT 2025: Set wallpaper to /home/solo/.config/hypr/wallpapers/2005-Ferrari-F430-007-1080.jpg
Wed 19 Nov 18:21:46 GMT 2025: Set wallpaper to /home/solo/.config/hypr/wallpapers/1979-Canepa-BMW-M1-Procar_grey.png
Wed 19 Nov 18:23:46 GMT 2025: Set wallpaper to /home/solo/.config/hypr/wallpapers/2008-Mazda-Furai-Concept_grey.png
Wed 19 Nov 18:25:46 GMT 2025: Set wallpaper to /home/solo/.config/hypr/wallpapers/1968-Lamborghini-Miura-Jota-SVR-001-1080.jpg
Wed 19 Nov 18:27:46 GMT 2025: Set wallpaper to /home/solo/.config/hypr/wallpapers/mercedes_amg_f1_m11_eq_performance_4k-HD.jpg
Wed 19 Nov 18:29:46 GMT 2025: Set wallpaper to /home/solo/.config/hypr/wallpapers/simple.png
Wed 19 Nov 18:31:46 GMT 2025: Set wallpaper to /home/solo/.config/hypr/wallpapers/thumb-1920-1345403.jpeg
Wed 19 Nov 18:33:46 GMT 2025: Set wallpaper to /home/solo/.config/hypr/wallpapers/W05.jpg
Wed 19 Nov 18:35:46 GMT 2025: Set wallpaper to /home/solo/.config/hypr/wallpapers/SoloLinux4.png
Wed 19 Nov 18:37:46 GMT 2025: Set wallpaper to /home/solo/.config/hypr/wallpapers/thumb-1920-1345403.jpeg
Wed 19 Nov 18:39:46 GMT 2025: Set wallpaper to /home/solo/.config/hypr/wallpapers/1979-Canepa-BMW-M1-Procar_grey.png
Wed 19 Nov 18:41:46 GMT 2025: Set wallpaper to /home/solo/.config/hypr/wallpapers/W05.jpg
Wed 19 Nov 18:43:46 GMT 2025: Set wallpaper to /home/solo/.config/hypr/wallpapers/mercedes-w11.webp
Wed 19 Nov 18:45:46 GMT 2025: Set wallpaper to /home/solo/.config/hypr/wallpapers/w05.webp
Wed 19 Nov 18:47:46 GMT 2025: Set wallpaper to /home/solo/.config/hypr/wallpapers/simple.png
Wed 19 Nov 18:49:46 GMT 2025: Set wallpaper to /home/solo/.config/hypr/wallpapers/2014-Mercedes-Benz-SLS-AMG-Black-Series-009-1440.jpg
Wed 19 Nov 18:51:46 GMT 2025: Set wallpaper to /home/solo/.config/hypr/wallpapers/SoloLinux4.png
Wed 19 Nov 18:53:46 GMT 2025: Set wallpaper to /home/solo/.config/hypr/wallpapers/SoloLinux4.png
Wed 19 Nov 18:55:46 GMT 2025: Set wallpaper to /home/solo/.config/hypr/wallpapers/2011-Mercedes-Benz-C63-AMG-Coupe-Black-002-1080.jpg
Wed 19 Nov 18:57:46 GMT 2025: Set wallpaper to /home/solo/.config/hypr/wallpapers/1968-Lamborghini-Miura-Jota-SVR-001-1080.jpg
Wed 19 Nov 18:59:46 GMT 2025: Set wallpaper to /home/solo/.config/hypr/wallpapers/2011-Mercedes-Benz-C63-AMG-Coupe-Black-002-1080.jpg
Wed 19 Nov 19:01:46 GMT 2025: Set wallpaper to /home/solo/.config/hypr/wallpapers/hyprland_wallpaper.png
Wed 19 Nov 19:03:46 GMT 2025: Set wallpaper to /home/solo/.config/hypr/wallpapers/w05.webp
Wed 19 Nov 19:05:46 GMT 2025: Set wallpaper to /home/solo/.config/hypr/wallpapers/hamilton_3079629.jpg
Wed 19 Nov 19:07:46 GMT 2025: Set wallpaper to /home/solo/.config/hypr/wallpapers/W05.jpg
Wed 19 Nov 19:09:46 GMT 2025: Set wallpaper to /home/solo/.config/hypr/wallpapers/w11_pfp.webp
Wed 19 Nov 19:11:46 GMT 2025: Set wallpaper to /home/solo/.config/hypr/wallpapers/w11_pfp.webp
Wed 19 Nov 19:13:46 GMT 2025: Set wallpaper to /home/solo/.config/hypr/wallpapers/w11_pfp.webp
Wed 19 Nov 19:15:46 GMT 2025: Set wallpaper to /home/solo/.config/hypr/wallpapers/2015-Porsche-918-Spyder-012-1440.jpg
Wed 19 Nov 19:17:46 GMT 2025: Set wallpaper to /home/solo/.config/hypr/wallpapers/1979-Canepa-BMW-M1-Procar_grey.png
Wed 19 Nov 19:19:46 GMT 2025: Set wallpaper to /home/solo/.config/hypr/wallpapers/mercedes_amg_f1_m11_eq_performance_4k-HD.jpg
Wed 19 Nov 19:21:46 GMT 2025: Set wallpaper to /home/solo/.config/hypr/wallpapers/1968-Lamborghini-Miura-Jota-SVR-001-1080.jpg
Wed 19 Nov 19:23:47 GMT 2025: Set wallpaper to /home/solo/.config/hypr/wallpapers/mazda-mx5-miata-mazda-3351.jpg
Wed 19 Nov 19:25:47 GMT 2025: Set wallpaper to /home/solo/.config/hypr/wallpapers/thumb-1920-1345403.jpeg
Wed 19 Nov 19:27:47 GMT 2025: Set wallpaper to /home/solo/.config/hypr/wallpapers/2008-Mazda-Furai-Concept_grey.png
Wed 19 Nov 19:29:47 GMT 2025: Set wallpaper to /home/solo/.config/hypr/wallpapers/W05.jpg
Wed 19 Nov 19:31:47 GMT 2025: Set wallpaper to /home/solo/.config/hypr/wallpapers/linux-nitros-dark-ov.jpg
Wed 19 Nov 19:33:47 GMT 2025: Set wallpaper to /home/solo/.config/hypr/wallpapers/1979-Canepa-BMW-M1-Procar_grey.png
Wed 19 Nov 19:35:47 GMT 2025: Set wallpaper to /home/solo/.config/hypr/wallpapers/hyprland_wallpaper.png
Wed 19 Nov 19:37:47 GMT 2025: Set wallpaper to /home/solo/.config/hypr/wallpapers/thumb-1920-1345403.jpeg
Wed 19 Nov 19:39:47 GMT 2025: Set wallpaper to /home/solo/.config/hypr/wallpapers/w11_wets.webp
Wed 19 Nov 19:41:47 GMT 2025: Set wallpaper to /home/solo/.config/hypr/wallpapers/linux-nitros-dark-ov.jpg
Wed 19 Nov 19:43:47 GMT 2025: Set wallpaper to /home/solo/.config/hypr/wallpapers/2005-Ferrari-F430-007-1080.jpg
Wed 19 Nov 19:45:56 GMT 2025: Set wallpaper to /home/solo/.config/hypr/wallpapers/mercedes-w11.webp
Wed 19 Nov 19:47:56 GMT 2025: Set wallpaper to /home/solo/.config/hypr/wallpapers/2015-Porsche-918-Spyder-012-1440.jpg
Wed 19 Nov 19:49:56 GMT 2025: Set wallpaper to /home/solo/.config/hypr/wallpapers/mazda-mx5-miata-mazda-3351.jpg
Wed 19 Nov 19:51:56 GMT 2025: Set wallpaper to /home/solo/.config/hypr/wallpapers/hamilton_3079629.jpg
Wed 19 Nov 19:53:56 GMT 2025: Set wallpaper to /home/solo/.config/hypr/wallpapers/SoloLinux4.png
Wed 19 Nov 19:55:56 GMT 2025: Set wallpaper to /home/solo/.config/hypr/wallpapers/hyprland_wallpaper.png
Wed 19 Nov 19:57:56 GMT 2025: Set wallpaper to /home/solo/.config/hypr/wallpapers/2011-Mercedes-Benz-C63-AMG-Coupe-Black-002-1080.jpg
Wed 19 Nov 19:59:56 GMT 2025: Set wallpaper to /home/solo/.config/hypr/wallpapers/SoloLinux4.png
Wed 19 Nov 20:01:56 GMT 2025: Set wallpaper to /home/solo/.config/hypr/wallpapers/SoloLinux4.png
Wed 19 Nov 20:03:56 GMT 2025: Set wallpaper to /home/solo/.config/hypr/wallpapers/w11_wets.webp
Wed 19 Nov 20:05:56 GMT 2025: Set wallpaper to /home/solo/.config/hypr/wallpapers/w11_pfp.webp
Wed 19 Nov 20:07:56 GMT 2025: Set wallpaper to /home/solo/.config/hypr/wallpapers/2009-Mercedes-Benz-SL-65-AMG-Black-003-1080.jpg
Wed 19 Nov 21:08:58 GMT 2025: Set wallpaper to /home/solo/.config/hypr/wallpapers/W11_with_DRS.jpg
Wed 19 Nov 21:10:58 GMT 2025: Set wallpaper to /home/solo/.config/hypr/wallpapers/mercedes-w11.webp
Wed 19 Nov 21:12:58 GMT 2025: Set wallpaper to /home/solo/.config/hypr/wallpapers/2008-Mazda-Furai-Concept-004-1440.jpg
Wed 19 Nov 21:14:58 GMT 2025: Set wallpaper to /home/solo/.config/hypr/wallpapers/2011-Mercedes-Benz-C63-AMG-Coupe-Black-002-1080.jpg
Wed 19 Nov 21:16:58 GMT 2025: Set wallpaper to /home/solo/.config/hypr/wallpapers/W11_with_DRS.jpg
Wed 19 Nov 21:18:58 GMT 2025: Set wallpaper to /home/solo/.config/hypr/wallpapers/W05.jpg
Wed 19 Nov 21:20:58 GMT 2025: Set wallpaper to /home/solo/.config/hypr/wallpapers/linux-nitros-dark-ov.jpg
Wed 19 Nov 21:22:58 GMT 2025: Set wallpaper to /home/solo/.config/hypr/wallpapers/2009-Mercedes-Benz-SL-65-AMG-Black-003-1080.jpg
Wed 19 Nov 21:24:58 GMT 2025: Set wallpaper to /home/solo/.config/hypr/wallpapers/W11_with_DRS.jpg
Wed 19 Nov 21:26:58 GMT 2025: Set wallpaper to /home/solo/.config/hypr/wallpapers/2008-Mazda-Furai-Concept-004-1440.jpg
Wed 19 Nov 21:28:59 GMT 2025: Set wallpaper to /home/solo/.config/hypr/wallpapers/mazda-mx5-miata-mazda-3351.jpg
Wed 19 Nov 21:30:59 GMT 2025: Set wallpaper to /home/solo/.config/hypr/wallpapers/mazda-mx5-miata-mazda-3351.jpg
Wed 19 Nov 21:32:59 GMT 2025: Set wallpaper to /home/solo/.config/hypr/wallpapers/thumb-1920-1345403.jpeg
Wed 19 Nov 21:34:59 GMT 2025: Set wallpaper to /home/solo/.config/hypr/wallpapers/2015-Porsche-918-Spyder-012-1440.jpg
Wed 19 Nov 21:36:59 GMT 2025: Set wallpaper to /home/solo/.config/hypr/wallpapers/SilverW11.jpg
Wed 19 Nov 21:38:59 GMT 2025: Set wallpaper to /home/solo/.config/hypr/wallpapers/simple.png
Wed 19 Nov 21:40:59 GMT 2025: Set wallpaper to /home/solo/.config/hypr/wallpapers/W11_with_DRS.jpg
Wed 19 Nov 21:43:00 GMT 2025: Set wallpaper to /home/solo/.config/hypr/wallpapers/1979-Canepa-BMW-M1-Procar_grey.png
Wed 19 Nov 21:45:00 GMT 2025: Set wallpaper to /home/solo/.config/hypr/wallpapers/2011-Mercedes-Benz-C63-AMG-Coupe-Black-002-1080.jpg
Wed 19 Nov 21:47:00 GMT 2025: Set wallpaper to /home/solo/.config/hypr/wallpapers/simple.png
Wed 19 Nov 21:49:00 GMT 2025: Set wallpaper to /home/solo/.config/hypr/wallpapers/hamilton_3079629.jpg
Wed 19 Nov 21:51:00 GMT 2025: Set wallpaper to /home/solo/.config/hypr/wallpapers/2015-Porsche-918-Spyder-012-1440.jpg
Wed 19 Nov 21:53:00 GMT 2025: Set wallpaper to /home/solo/.config/hypr/wallpapers/hyprland_wallpaper.png
Wed 19 Nov 21:55:00 GMT 2025: Set wallpaper to /home/solo/.config/hypr/wallpapers/2008-Mazda-Furai-Concept-004-1440.jpg
Wed 19 Nov 21:57:00 GMT 2025: Set wallpaper to /home/solo/.config/hypr/wallpapers/2008-Mazda-Furai-Concept-004-1440.jpg
Wed 19 Nov 21:59:00 GMT 2025: Set wallpaper to /home/solo/.config/hypr/wallpapers/w11_pfp.webp
Wed 19 Nov 22:01:00 GMT 2025: Set wallpaper to /home/solo/.config/hypr/wallpapers/2019-Bugatti-Divo.jpg
Wed 19 Nov 22:03:00 GMT 2025: Set wallpaper to /home/solo/.config/hypr/wallpapers/2011-Mercedes-Benz-C63-AMG-Coupe-Black-002-1080.jpg
Wed 19 Nov 22:05:00 GMT 2025: Set wallpaper to /home/solo/.config/hypr/wallpapers/thumb-1920-1345403.jpeg
Wed 19 Nov 22:07:00 GMT 2025: Set wallpaper to /home/solo/.config/hypr/wallpapers/2009-Mercedes-Benz-SL-65-AMG-Black-003-1080.jpg
Wed 19 Nov 22:09:00 GMT 2025: Set wallpaper to /home/solo/.config/hypr/wallpapers/SilverW11.jpg
Wed 19 Nov 22:11:00 GMT 2025: Set wallpaper to /home/solo/.config/hypr/wallpapers/2011-Mercedes-Benz-C63-AMG-Coupe-Black-001-1080.jpg
Wed 19 Nov 22:13:00 GMT 2025: Set wallpaper to /home/solo/.config/hypr/wallpapers/2019-Bugatti-Divo.jpg
Wed 19 Nov 22:15:01 GMT 2025: Set wallpaper to /home/solo/.config/hypr/wallpapers/mercedes_amg_f1_m11_eq_performance_4k-HD.jpg
Wed 19 Nov 22:17:01 GMT 2025: Set wallpaper to /home/solo/.config/hypr/wallpapers/mercedes_amg_f1_m11_eq_performance_4k-HD.jpg
Wed 19 Nov 22:19:01 GMT 2025: Set wallpaper to /home/solo/.config/hypr/wallpapers/astize_cc0_split1.png
Wed 19 Nov 22:21:01 GMT 2025: Set wallpaper to /home/solo/.config/hypr/wallpapers/linux-nitros-dark-ov.jpg
Wed 19 Nov 22:23:01 GMT 2025: Set wallpaper to /home/solo/.config/hypr/wallpapers/hamilton_3079629.jpg
Wed 19 Nov 22:25:01 GMT 2025: Set wallpaper to /home/solo/.config/hypr/wallpapers/simple.png
Wed 19 Nov 22:27:01 GMT 2025: Set wallpaper to /home/solo/.config/hypr/wallpapers/astize_cc0_split1.png
Wed 19 Nov 22:29:01 GMT 2025: Set wallpaper to /home/solo/.config/hypr/wallpapers/w05.webp
Wed 19 Nov 22:31:01 GMT 2025: Set wallpaper to /home/solo/.config/hypr/wallpapers/W11_with_DRS.jpg
Wed 19 Nov 22:33:01 GMT 2025: Set wallpaper to /home/solo/.config/hypr/wallpapers/hamilton_3079629.jpg
Wed 19 Nov 22:35:01 GMT 2025: Set wallpaper to /home/solo/.config/hypr/wallpapers/2011-Mercedes-Benz-C63-AMG-Coupe-Black-001-1080.jpg
Wed 19 Nov 22:37:01 GMT 2025: Set wallpaper to /home/solo/.config/hypr/wallpapers/w05.webp
Wed 19 Nov 22:39:01 GMT 2025: Set wallpaper to /home/solo/.config/hypr/wallpapers/mazda-mx5-miata-mazda-3351.jpg
Wed 19 Nov 22:41:01 GMT 2025: Set wallpaper to /home/solo/.config/hypr/wallpapers/2019-Bugatti-Divo.jpg
Wed 19 Nov 22:43:01 GMT 2025: Set wallpaper to /home/solo/.config/hypr/wallpapers/w05.webp
Wed 19 Nov 22:45:01 GMT 2025: Set wallpaper to /home/solo/.config/hypr/wallpapers/2005-Ferrari-F430-007-1080.jpg
Wed 19 Nov 22:47:01 GMT 2025: Set wallpaper to /home/solo/.config/hypr/wallpapers/2008-Mazda-Furai-Concept-004-1440.jpg
Wed 19 Nov 22:49:01 GMT 2025: Set wallpaper to /home/solo/.config/hypr/wallpapers/thumb-1920-1345403.jpeg
Wed 19 Nov 22:51:01 GMT 2025: Set wallpaper to /home/solo/.config/hypr/wallpapers/2008-Mazda-Furai-Concept-004-1440.jpg
Wed 19 Nov 22:53:01 GMT 2025: Set wallpaper to /home/solo/.config/hypr/wallpapers/1968-Lamborghini-Miura-Jota-SVR-001-1080.jpg
Wed 19 Nov 22:55:01 GMT 2025: Set wallpaper to /home/solo/.config/hypr/wallpapers/astize_cc0_split1.png
Wed 19 Nov 22:57:01 GMT 2025: Set wallpaper to /home/solo/.config/hypr/wallpapers/w11_pfp.webp
Wed 19 Nov 22:59:01 GMT 2025: Set wallpaper to /home/solo/.config/hypr/wallpapers/2015-Porsche-918-Spyder-012-1440.jpg
Wed 19 Nov 23:01:01 GMT 2025: Set wallpaper to /home/solo/.config/hypr/wallpapers/simple.png
Wed 19 Nov 23:03:01 GMT 2025: Set wallpaper to /home/solo/.config/hypr/wallpapers/mercedes_amg_f1_m11_eq_performance_4k-HD.jpg
Wed 19 Nov 23:05:01 GMT 2025: Set wallpaper to /home/solo/.config/hypr/wallpapers/SilverW11.jpg
Wed 19 Nov 23:07:01 GMT 2025: Set wallpaper to /home/solo/.config/hypr/wallpapers/2005-Ferrari-F430-007-1080.jpg
Wed 19 Nov 23:09:01 GMT 2025: Set wallpaper to /home/solo/.config/hypr/wallpapers/hyprland_wallpaper.png
Wed 19 Nov 23:11:01 GMT 2025: Set wallpaper to /home/solo/.config/hypr/wallpapers/2019-Bugatti-Divo.jpg
Wed 19 Nov 23:13:02 GMT 2025: Set wallpaper to /home/solo/.config/hypr/wallpapers/linux-nitros-dark-ov.jpg
Wed 19 Nov 23:15:02 GMT 2025: Set wallpaper to /home/solo/.config/hypr/wallpapers/simple.png
Wed 19 Nov 23:17:02 GMT 2025: Set wallpaper to /home/solo/.config/hypr/wallpapers/mazda-mx5-miata-mazda-3351.jpg
Wed 19 Nov 23:19:02 GMT 2025: Set wallpaper to /home/solo/.config/hypr/wallpapers/2015-Porsche-918-Spyder-012-1440.jpg
Wed 19 Nov 23:21:02 GMT 2025: Set wallpaper to /home/solo/.config/hypr/wallpapers/2008-Mazda-Furai-Concept-004-1440.jpg
Wed 19 Nov 23:23:02 GMT 2025: Set wallpaper to /home/solo/.config/hypr/wallpapers/2008-Mazda-Furai-Concept_grey.png
Wed 19 Nov 23:25:02 GMT 2025: Set wallpaper to /home/solo/.config/hypr/wallpapers/SilverW11.jpg
Wed 19 Nov 23:27:02 GMT 2025: Set wallpaper to /home/solo/.config/hypr/wallpapers/2019-Bugatti-Divo.jpg
Wed 19 Nov 23:29:02 GMT 2025: Set wallpaper to /home/solo/.config/hypr/wallpapers/SilverW11.jpg
Wed 19 Nov 23:31:02 GMT 2025: Set wallpaper to /home/solo/.config/hypr/wallpapers/simple.png
Wed 19 Nov 23:33:02 GMT 2025: Set wallpaper to /home/solo/.config/hypr/wallpapers/2011-Mercedes-Benz-C63-AMG-Coupe-Black-002-1080.jpg
Wed 19 Nov 23:35:02 GMT 2025: Set wallpaper to /home/solo/.config/hypr/wallpapers/SilverW11.jpg
Wed 19 Nov 23:37:02 GMT 2025: Set wallpaper to /home/solo/.config/hypr/wallpapers/hyprland_wallpaper.png
Wed 19 Nov 23:39:02 GMT 2025: Set wallpaper to /home/solo/.config/hypr/wallpapers/thumb-1920-1345403.jpeg
Wed 19 Nov 23:41:02 GMT 2025: Set wallpaper to /home/solo/.config/hypr/wallpapers/2015-Porsche-918-Spyder-012-1440.jpg
Wed 19 Nov 23:43:02 GMT 2025: Set wallpaper to /home/solo/.config/hypr/wallpapers/thumb-1920-1345403.jpeg
Wed 19 Nov 23:45:02 GMT 2025: Set wallpaper to /home/solo/.config/hypr/wallpapers/2015-Porsche-918-Spyder-012-1440.jpg
Wed 19 Nov 23:47:02 GMT 2025: Set wallpaper to /home/solo/.config/hypr/wallpapers/1979-Canepa-BMW-M1-Procar_grey.png
Wed 19 Nov 23:49:02 GMT 2025: Set wallpaper to /home/solo/.config/hypr/wallpapers/2014-Mercedes-Benz-SLS-AMG-Black-Series-009-1440.jpg
Wed 19 Nov 23:51:02 GMT 2025: Set wallpaper to /home/solo/.config/hypr/wallpapers/w11_pfp.webp
Wed 19 Nov 23:53:02 GMT 2025: Set wallpaper to /home/solo/.config/hypr/wallpapers/2008-Mazda-Furai-Concept-004-1440.jpg
Wed 19 Nov 23:55:02 GMT 2025: Set wallpaper to /home/solo/.config/hypr/wallpapers/mercedes_amg_f1_m11_eq_performance_4k-HD.jpg
Wed 19 Nov 23:57:02 GMT 2025: Set wallpaper to /home/solo/.config/hypr/wallpapers/2015-Porsche-918-Spyder-012-1440.jpg
Wed 19 Nov 23:59:02 GMT 2025: Set wallpaper to /home/solo/.config/hypr/wallpapers/w05.webp
Thu 20 Nov 00:01:02 GMT 2025: Set wallpaper to /home/solo/.config/hypr/wallpapers/thumb-1920-1345403.jpeg
Thu 20 Nov 00:03:02 GMT 2025: Set wallpaper to /home/solo/.config/hypr/wallpapers/2015-Porsche-918-Spyder-012-1440.jpg
Thu 20 Nov 00:05:02 GMT 2025: Set wallpaper to /home/solo/.config/hypr/wallpapers/SilverW11.jpg
Thu 20 Nov 00:07:02 GMT 2025: Set wallpaper to /home/solo/.config/hypr/wallpapers/2005-Ferrari-F430-007-1080.jpg
Thu 20 Nov 00:37:18 GMT 2025: Set wallpaper to /home/solo/.config/hypr/wallpapers/1979-Canepa-BMW-M1-Procar_grey.png
Thu 20 Nov 00:39:18 GMT 2025: Set wallpaper to /home/solo/.config/hypr/wallpapers/SilverW11.jpg
Thu 20 Nov 00:41:18 GMT 2025: Set wallpaper to /home/solo/.config/hypr/wallpapers/mercedes_amg_f1_m11_eq_performance_4k-HD.jpg
Thu 20 Nov 00:43:18 GMT 2025: Set wallpaper to /home/solo/.config/hypr/wallpapers/w11_pfp.webp
Thu 20 Nov 00:45:18 GMT 2025: Set wallpaper to /home/solo/.config/hypr/wallpapers/2015-Porsche-918-Spyder-012-1440.jpg
Thu 20 Nov 00:47:18 GMT 2025: Set wallpaper to /home/solo/.config/hypr/wallpapers/mercedes_amg_f1_m11_eq_performance_4k-HD.jpg
Thu 20 Nov 00:49:18 GMT 2025: Set wallpaper to /home/solo/.config/hypr/wallpapers/1968-Lamborghini-Miura-Jota-SVR-001-1080.jpg
Thu 20 Nov 00:51:19 GMT 2025: Set wallpaper to /home/solo/.config/hypr/wallpapers/mazda-mx5-miata-mazda-3351.jpg
Thu 20 Nov 00:53:19 GMT 2025: Set wallpaper to /home/solo/.config/hypr/wallpapers/1968-Lamborghini-Miura-Jota-SVR-001-1080.jpg
Thu 20 Nov 00:55:19 GMT 2025: Set wallpaper to /home/solo/.config/hypr/wallpapers/2011-Mercedes-Benz-C63-AMG-Coupe-Black-001-1080.jpg
Thu 20 Nov 00:57:19 GMT 2025: Set wallpaper to /home/solo/.config/hypr/wallpapers/2011-Mercedes-Benz-C63-AMG-Coupe-Black-002-1080.jpg
Thu 20 Nov 00:59:19 GMT 2025: Set wallpaper to /home/solo/.config/hypr/wallpapers/mercedes-w11.webp
Thu 20 Nov 01:01:19 GMT 2025: Set wallpaper to /home/solo/.config/hypr/wallpapers/w05.webp
Thu 20 Nov 01:03:19 GMT 2025: Set wallpaper to /home/solo/.config/hypr/wallpapers/2011-Mercedes-Benz-C63-AMG-Coupe-Black-002-1080.jpg
Thu 20 Nov 01:05:19 GMT 2025: Set wallpaper to /home/solo/.config/hypr/wallpapers/w11_wets.webp
Thu 20 Nov 01:07:19 GMT 2025: Set wallpaper to /home/solo/.config/hypr/wallpapers/w11_wets.webp
Thu 20 Nov 01:09:19 GMT 2025: Set wallpaper to /home/solo/.config/hypr/wallpapers/thumb-1920-1345403.jpeg
Thu 20 Nov 01:11:19 GMT 2025: Set wallpaper to /home/solo/.config/hypr/wallpapers/astize_cc0_split1.png
Thu 20 Nov 01:13:19 GMT 2025: Set wallpaper to /home/solo/.config/hypr/wallpapers/2008-Mazda-Furai-Concept-004-1440.jpg
Thu 20 Nov 01:15:19 GMT 2025: Set wallpaper to /home/solo/.config/hypr/wallpapers/mercedes_amg_f1_m11_eq_performance_4k-HD.jpg
Thu 20 Nov 01:17:19 GMT 2025: Set wallpaper to /home/solo/.config/hypr/wallpapers/2008-Mazda-Furai-Concept_grey.png
Thu 20 Nov 01:19:19 GMT 2025: Set wallpaper to /home/solo/.config/hypr/wallpapers/1979-Canepa-BMW-M1-Procar_grey.png
Thu 20 Nov 01:21:19 GMT 2025: Set wallpaper to /home/solo/.config/hypr/wallpapers/w05.webp
Thu 20 Nov 01:23:19 GMT 2025: Set wallpaper to /home/solo/.config/hypr/wallpapers/hyprland_wallpaper.png
Thu 20 Nov 01:25:19 GMT 2025: Set wallpaper to /home/solo/.config/hypr/wallpapers/2009-Mercedes-Benz-SL-65-AMG-Black-003-1080.jpg
Thu 20 Nov 01:27:20 GMT 2025: Set wallpaper to /home/solo/.config/hypr/wallpapers/2019-Bugatti-Divo.jpg
Thu 20 Nov 01:29:20 GMT 2025: Set wallpaper to /home/solo/.config/hypr/wallpapers/2008-Mazda-Furai-Concept-004-1440.jpg
Thu 20 Nov 01:31:20 GMT 2025: Set wallpaper to /home/solo/.config/hypr/wallpapers/W11_with_DRS.jpg
Thu 20 Nov 01:33:20 GMT 2025: Set wallpaper to /home/solo/.config/hypr/wallpapers/2008-Mazda-Furai-Concept_grey.png
Thu 20 Nov 01:35:20 GMT 2025: Set wallpaper to /home/solo/.config/hypr/wallpapers/2008-Mazda-Furai-Concept_grey.png
Thu 20 Nov 01:37:20 GMT 2025: Set wallpaper to /home/solo/.config/hypr/wallpapers/2008-Mazda-Furai-Concept-004-1440.jpg
Thu 20 Nov 01:39:20 GMT 2025: Set wallpaper to /home/solo/.config/hypr/wallpapers/2011-Mercedes-Benz-C63-AMG-Coupe-Black-002-1080.jpg
Thu 20 Nov 01:41:20 GMT 2025: Set wallpaper to /home/solo/.config/hypr/wallpapers/2015-Porsche-918-Spyder-012-1440.jpg
Thu 20 Nov 11:06:18 GMT 2025: Set wallpaper to /home/solo/.config/hypr/wallpapers/w11_pfp.webp
Thu 20 Nov 11:08:18 GMT 2025: Set wallpaper to /home/solo/.config/hypr/wallpapers/thumb-1920-1345403.jpeg
Thu 20 Nov 11:10:18 GMT 2025: Set wallpaper to /home/solo/.config/hypr/wallpapers/2008-Mazda-Furai-Concept_grey.png
Thu 20 Nov 11:12:18 GMT 2025: Set wallpaper to /home/solo/.config/hypr/wallpapers/2008-Mazda-Furai-Concept-004-1440.jpg
Thu 20 Nov 11:14:18 GMT 2025: Set wallpaper to /home/solo/.config/hypr/wallpapers/2008-Mazda-Furai-Concept_grey.png
Thu 20 Nov 11:16:18 GMT 2025: Set wallpaper to /home/solo/.config/hypr/wallpapers/2011-Mercedes-Benz-C63-AMG-Coupe-Black-002-1080.jpg
Thu 20 Nov 11:18:18 GMT 2025: Set wallpaper to /home/solo/.config/hypr/wallpapers/2015-Porsche-918-Spyder-012-1440.jpg
Thu 20 Nov 11:20:18 GMT 2025: Set wallpaper to /home/solo/.config/hypr/wallpapers/2011-Mercedes-Benz-C63-AMG-Coupe-Black-001-1080.jpg
Thu 20 Nov 11:22:18 GMT 2025: Set wallpaper to /home/solo/.config/hypr/wallpapers/astize_cc0_split1.png
Thu 20 Nov 11:24:18 GMT 2025: Set wallpaper to /home/solo/.config/hypr/wallpapers/1968-Lamborghini-Miura-Jota-SVR-001-1080.jpg
Thu 20 Nov 11:26:18 GMT 2025: Set wallpaper to /home/solo/.config/hypr/wallpapers/mazda-mx5-miata-mazda-3351.jpg
Thu 20 Nov 11:28:18 GMT 2025: Set wallpaper to /home/solo/.config/hypr/wallpapers/W11_with_DRS.jpg
Thu 20 Nov 11:30:18 GMT 2025: Set wallpaper to /home/solo/.config/hypr/wallpapers/2005-Ferrari-F430-007-1080.jpg
Thu 20 Nov 11:32:19 GMT 2025: Set wallpaper to /home/solo/.config/hypr/wallpapers/mazda-mx5-miata-mazda-3351.jpg
Thu 20 Nov 11:34:19 GMT 2025: Set wallpaper to /home/solo/.config/hypr/wallpapers/1968-Lamborghini-Miura-Jota-SVR-001-1080.jpg
Thu 20 Nov 11:36:19 GMT 2025: Set wallpaper to /home/solo/.config/hypr/wallpapers/simple.png
Thu 20 Nov 11:38:19 GMT 2025: Set wallpaper to /home/solo/.config/hypr/wallpapers/W05.jpg
Thu 20 Nov 11:40:19 GMT 2025: Set wallpaper to /home/solo/.config/hypr/wallpapers/simple.png
Thu 20 Nov 11:42:19 GMT 2025: Set wallpaper to /home/solo/.config/hypr/wallpapers/w11_pfp.webp
Thu 20 Nov 11:44:19 GMT 2025: Set wallpaper to /home/solo/.config/hypr/wallpapers/2008-Mazda-Furai-Concept_grey.png
Thu 20 Nov 11:46:19 GMT 2025: Set wallpaper to /home/solo/.config/hypr/wallpapers/2005-Ferrari-F430-007-1080.jpg
Thu 20 Nov 11:48:19 GMT 2025: Set wallpaper to /home/solo/.config/hypr/wallpapers/hyprland_wallpaper.png
Thu 20 Nov 11:50:19 GMT 2025: Set wallpaper to /home/solo/.config/hypr/wallpapers/w11_wets.webp
Thu 20 Nov 11:52:19 GMT 2025: Set wallpaper to /home/solo/.config/hypr/wallpapers/simple.png
Thu 20 Nov 11:54:19 GMT 2025: Set wallpaper to /home/solo/.config/hypr/wallpapers/hamilton_3079629.jpg
Thu 20 Nov 11:56:19 GMT 2025: Set wallpaper to /home/solo/.config/hypr/wallpapers/1968-Lamborghini-Miura-Jota-SVR-001-1080.jpg
Thu 20 Nov 11:58:19 GMT 2025: Set wallpaper to /home/solo/.config/hypr/wallpapers/2008-Mazda-Furai-Concept-004-1440.jpg
Thu 20 Nov 12:00:19 GMT 2025: Set wallpaper to /home/solo/.config/hypr/wallpapers/2008-Mazda-Furai-Concept-004-1440.jpg
Thu 20 Nov 12:16:42 GMT 2025: Set wallpaper to /home/solo/.config/hypr/wallpapers/linux-nitros-dark-ov.jpg
Thu 20 Nov 12:18:42 GMT 2025: Set wallpaper to /home/solo/.config/hypr/wallpapers/2009-Mercedes-Benz-SL-65-AMG-Black-003-1080.jpg
Thu 20 Nov 12:20:42 GMT 2025: Set wallpaper to /home/solo/.config/hypr/wallpapers/2009-Mercedes-Benz-SL-65-AMG-Black-003-1080.jpg
Thu 20 Nov 12:22:42 GMT 2025: Set wallpaper to /home/solo/.config/hypr/wallpapers/2011-Mercedes-Benz-C63-AMG-Coupe-Black-002-1080.jpg
Thu 20 Nov 12:24:42 GMT 2025: Set wallpaper to /home/solo/.config/hypr/wallpapers/1979-Canepa-BMW-M1-Procar_grey.png
Thu 20 Nov 12:26:42 GMT 2025: Set wallpaper to /home/solo/.config/hypr/wallpapers/2009-Mercedes-Benz-SL-65-AMG-Black-003-1080.jpg
Thu 20 Nov 12:28:42 GMT 2025: Set wallpaper to /home/solo/.config/hypr/wallpapers/2011-Mercedes-Benz-C63-AMG-Coupe-Black-002-1080.jpg
Thu 20 Nov 12:30:42 GMT 2025: Set wallpaper to /home/solo/.config/hypr/wallpapers/2014-Mercedes-Benz-SLS-AMG-Black-Series-009-1440.jpg
Thu 20 Nov 12:32:43 GMT 2025: Set wallpaper to /home/solo/.config/hypr/wallpapers/2011-Mercedes-Benz-C63-AMG-Coupe-Black-001-1080.jpg
Thu 20 Nov 12:34:43 GMT 2025: Set wallpaper to /home/solo/.config/hypr/wallpapers/linux-nitros-dark-ov.jpg
Thu 20 Nov 12:36:43 GMT 2025: Set wallpaper to /home/solo/.config/hypr/wallpapers/astize_cc0_split1.png
Thu 20 Nov 12:38:43 GMT 2025: Set wallpaper to /home/solo/.config/hypr/wallpapers/mercedes-w11.webp
Thu 20 Nov 12:40:43 GMT 2025: Set wallpaper to /home/solo/.config/hypr/wallpapers/2005-Ferrari-F430-007-1080.jpg
Thu 20 Nov 12:42:43 GMT 2025: Set wallpaper to /home/solo/.config/hypr/wallpapers/mercedes-w11.webp
Thu 20 Nov 12:44:43 GMT 2025: Set wallpaper to /home/solo/.config/hypr/wallpapers/2009-Mercedes-Benz-SL-65-AMG-Black-003-1080.jpg
Thu 20 Nov 12:46:43 GMT 2025: Set wallpaper to /home/solo/.config/hypr/wallpapers/SoloLinux4.png
Thu 20 Nov 12:48:43 GMT 2025: Set wallpaper to /home/solo/.config/hypr/wallpapers/1979-Canepa-BMW-M1-Procar_grey.png
Thu 20 Nov 12:50:43 GMT 2025: Set wallpaper to /home/solo/.config/hypr/wallpapers/W05.jpg
Thu 20 Nov 12:52:43 GMT 2025: Set wallpaper to /home/solo/.config/hypr/wallpapers/2008-Mazda-Furai-Concept_grey.png
Thu 20 Nov 12:54:43 GMT 2025: Set wallpaper to /home/solo/.config/hypr/wallpapers/W11_with_DRS.jpg
Thu 20 Nov 12:56:43 GMT 2025: Set wallpaper to /home/solo/.config/hypr/wallpapers/1968-Lamborghini-Miura-Jota-SVR-001-1080.jpg
Thu 20 Nov 12:58:43 GMT 2025: Set wallpaper to /home/solo/.config/hypr/wallpapers/2011-Mercedes-Benz-C63-AMG-Coupe-Black-002-1080.jpg
Thu 20 Nov 13:00:43 GMT 2025: Set wallpaper to /home/solo/.config/hypr/wallpapers/W11_with_DRS.jpg
Thu 20 Nov 13:02:43 GMT 2025: Set wallpaper to /home/solo/.config/hypr/wallpapers/2011-Mercedes-Benz-C63-AMG-Coupe-Black-002-1080.jpg
Thu 20 Nov 13:04:43 GMT 2025: Set wallpaper to /home/solo/.config/hypr/wallpapers/1968-Lamborghini-Miura-Jota-SVR-001-1080.jpg
Thu 20 Nov 13:06:43 GMT 2025: Set wallpaper to /home/solo/.config/hypr/wallpapers/mercedes-w11.webp
Thu 20 Nov 13:08:43 GMT 2025: Set wallpaper to /home/solo/.config/hypr/wallpapers/simple.png
Thu 20 Nov 13:10:43 GMT 2025: Set wallpaper to /home/solo/.config/hypr/wallpapers/linux-nitros-dark-ov.jpg
Thu 20 Nov 13:12:43 GMT 2025: Set wallpaper to /home/solo/.config/hypr/wallpapers/mercedes-w11.webp
Thu 20 Nov 13:14:44 GMT 2025: Set wallpaper to /home/solo/.config/hypr/wallpapers/mercedes_amg_f1_m11_eq_performance_4k-HD.jpg
Thu 20 Nov 13:16:44 GMT 2025: Set wallpaper to /home/solo/.config/hypr/wallpapers/1979-Canepa-BMW-M1-Procar_grey.png
Thu 20 Nov 13:18:44 GMT 2025: Set wallpaper to /home/solo/.config/hypr/wallpapers/linux-nitros-dark-ov.jpg
Thu 20 Nov 13:20:44 GMT 2025: Set wallpaper to /home/solo/.config/hypr/wallpapers/W11_with_DRS.jpg
Thu 20 Nov 13:22:44 GMT 2025: Set wallpaper to /home/solo/.config/hypr/wallpapers/2019-Bugatti-Divo.jpg
Thu 20 Nov 13:24:44 GMT 2025: Set wallpaper to /home/solo/.config/hypr/wallpapers/hamilton_3079629.jpg
Thu 20 Nov 13:26:44 GMT 2025: Set wallpaper to /home/solo/.config/hypr/wallpapers/2008-Mazda-Furai-Concept_grey.png
Thu 20 Nov 13:28:44 GMT 2025: Set wallpaper to /home/solo/.config/hypr/wallpapers/2019-Bugatti-Divo.jpg
Thu 20 Nov 13:30:44 GMT 2025: Set wallpaper to /home/solo/.config/hypr/wallpapers/mazda-mx5-miata-mazda-3351.jpg
Thu 20 Nov 13:32:44 GMT 2025: Set wallpaper to /home/solo/.config/hypr/wallpapers/W11_with_DRS.jpg
Thu 20 Nov 13:34:44 GMT 2025: Set wallpaper to /home/solo/.config/hypr/wallpapers/w11_wets.webp
Thu 20 Nov 13:36:44 GMT 2025: Set wallpaper to /home/solo/.config/hypr/wallpapers/2011-Mercedes-Benz-C63-AMG-Coupe-Black-001-1080.jpg
Thu 20 Nov 13:38:44 GMT 2025: Set wallpaper to /home/solo/.config/hypr/wallpapers/w11_wets.webp
Thu 20 Nov 13:40:44 GMT 2025: Set wallpaper to /home/solo/.config/hypr/wallpapers/w05.webp
Thu 20 Nov 13:42:44 GMT 2025: Set wallpaper to /home/solo/.config/hypr/wallpapers/2011-Mercedes-Benz-C63-AMG-Coupe-Black-002-1080.jpg
Thu 20 Nov 13:44:44 GMT 2025: Set wallpaper to /home/solo/.config/hypr/wallpapers/w05.webp
Thu 20 Nov 14:23:26 GMT 2025: Set wallpaper to /home/solo/.config/hypr/wallpapers/simple.png
Thu 20 Nov 14:25:26 GMT 2025: Set wallpaper to /home/solo/.config/hypr/wallpapers/2011-Mercedes-Benz-C63-AMG-Coupe-Black-001-1080.jpg
Thu 20 Nov 14:27:26 GMT 2025: Set wallpaper to /home/solo/.config/hypr/wallpapers/W05.jpg
Thu 20 Nov 14:29:26 GMT 2025: Set wallpaper to /home/solo/.config/hypr/wallpapers/simple.png
Thu 20 Nov 14:31:26 GMT 2025: Set wallpaper to /home/solo/.config/hypr/wallpapers/2008-Mazda-Furai-Concept_grey.png
Thu 20 Nov 14:33:26 GMT 2025: Set wallpaper to /home/solo/.config/hypr/wallpapers/1968-Lamborghini-Miura-Jota-SVR-001-1080.jpg
Thu 20 Nov 14:35:26 GMT 2025: Set wallpaper to /home/solo/.config/hypr/wallpapers/astize_cc0_split1.png
Thu 20 Nov 14:37:26 GMT 2025: Set wallpaper to /home/solo/.config/hypr/wallpapers/1968-Lamborghini-Miura-Jota-SVR-001-1080.jpg
Thu 20 Nov 14:39:26 GMT 2025: Set wallpaper to /home/solo/.config/hypr/wallpapers/w05.webp
Thu 20 Nov 14:41:26 GMT 2025: Set wallpaper to /home/solo/.config/hypr/wallpapers/thumb-1920-1345403.jpeg
Thu 20 Nov 14:43:26 GMT 2025: Set wallpaper to /home/solo/.config/hypr/wallpapers/W05.jpg
Thu 20 Nov 14:45:26 GMT 2025: Set wallpaper to /home/solo/.config/hypr/wallpapers/2014-Mercedes-Benz-SLS-AMG-Black-Series-009-1440.jpg
Thu 20 Nov 14:47:26 GMT 2025: Set wallpaper to /home/solo/.config/hypr/wallpapers/linux-nitros-dark-ov.jpg
Thu 20 Nov 14:49:26 GMT 2025: Set wallpaper to /home/solo/.config/hypr/wallpapers/mercedes-w11.webp
Thu 20 Nov 14:51:26 GMT 2025: Set wallpaper to /home/solo/.config/hypr/wallpapers/2011-Mercedes-Benz-C63-AMG-Coupe-Black-001-1080.jpg
Thu 20 Nov 14:53:26 GMT 2025: Set wallpaper to /home/solo/.config/hypr/wallpapers/2014-Mercedes-Benz-SLS-AMG-Black-Series-009-1440.jpg
Thu 20 Nov 14:55:26 GMT 2025: Set wallpaper to /home/solo/.config/hypr/wallpapers/2014-Mercedes-Benz-SLS-AMG-Black-Series-009-1440.jpg
Thu 20 Nov 14:57:27 GMT 2025: Set wallpaper to /home/solo/.config/hypr/wallpapers/mazda-mx5-miata-mazda-3351.jpg
Thu 20 Nov 14:59:27 GMT 2025: Set wallpaper to /home/solo/.config/hypr/wallpapers/W05.jpg
Thu 20 Nov 15:01:27 GMT 2025: Set wallpaper to /home/solo/.config/hypr/wallpapers/1979-Canepa-BMW-M1-Procar_grey.png
Thu 20 Nov 15:03:27 GMT 2025: Set wallpaper to /home/solo/.config/hypr/wallpapers/hyprland_wallpaper.png
Thu 20 Nov 15:05:27 GMT 2025: Set wallpaper to /home/solo/.config/hypr/wallpapers/2009-Mercedes-Benz-SL-65-AMG-Black-003-1080.jpg
Thu 20 Nov 15:07:27 GMT 2025: Set wallpaper to /home/solo/.config/hypr/wallpapers/mercedes_amg_f1_m11_eq_performance_4k-HD.jpg
Thu 20 Nov 15:09:27 GMT 2025: Set wallpaper to /home/solo/.config/hypr/wallpapers/SoloLinux4.png
Thu 20 Nov 15:11:27 GMT 2025: Set wallpaper to /home/solo/.config/hypr/wallpapers/1979-Canepa-BMW-M1-Procar_grey.png
Thu 20 Nov 15:13:27 GMT 2025: Set wallpaper to /home/solo/.config/hypr/wallpapers/2005-Ferrari-F430-007-1080.jpg
Thu 20 Nov 15:15:27 GMT 2025: Set wallpaper to /home/solo/.config/hypr/wallpapers/2011-Mercedes-Benz-C63-AMG-Coupe-Black-001-1080.jpg
Thu 20 Nov 15:17:27 GMT 2025: Set wallpaper to /home/solo/.config/hypr/wallpapers/2008-Mazda-Furai-Concept-004-1440.jpg
Thu 20 Nov 15:19:27 GMT 2025: Set wallpaper to /home/solo/.config/hypr/wallpapers/astize_cc0_split1.png
Thu 20 Nov 15:21:27 GMT 2025: Set wallpaper to /home/solo/.config/hypr/wallpapers/1979-Canepa-BMW-M1-Procar_grey.png
Thu 20 Nov 15:23:27 GMT 2025: Set wallpaper to /home/solo/.config/hypr/wallpapers/W05.jpg
Thu 20 Nov 15:25:27 GMT 2025: Set wallpaper to /home/solo/.config/hypr/wallpapers/1968-Lamborghini-Miura-Jota-SVR-001-1080.jpg
Thu 20 Nov 15:27:27 GMT 2025: Set wallpaper to /home/solo/.config/hypr/wallpapers/2014-Mercedes-Benz-SLS-AMG-Black-Series-009-1440.jpg
Thu 20 Nov 15:29:27 GMT 2025: Set wallpaper to /home/solo/.config/hypr/wallpapers/1979-Canepa-BMW-M1-Procar_grey.png
Thu 20 Nov 15:31:27 GMT 2025: Set wallpaper to /home/solo/.config/hypr/wallpapers/2015-Porsche-918-Spyder-012-1440.jpg
Thu 20 Nov 15:33:27 GMT 2025: Set wallpaper to /home/solo/.config/hypr/wallpapers/2011-Mercedes-Benz-C63-AMG-Coupe-Black-002-1080.jpg
Thu 20 Nov 15:35:27 GMT 2025: Set wallpaper to /home/solo/.config/hypr/wallpapers/W11_with_DRS.jpg
Thu 20 Nov 15:37:27 GMT 2025: Set wallpaper to /home/solo/.config/hypr/wallpapers/hamilton_3079629.jpg
Thu 20 Nov 15:39:27 GMT 2025: Set wallpaper to /home/solo/.config/hypr/wallpapers/thumb-1920-1345403.jpeg
Thu 20 Nov 15:41:27 GMT 2025: Set wallpaper to /home/solo/.config/hypr/wallpapers/2019-Bugatti-Divo.jpg
Thu 20 Nov 15:43:27 GMT 2025: Set wallpaper to /home/solo/.config/hypr/wallpapers/2009-Mercedes-Benz-SL-65-AMG-Black-003-1080.jpg
Thu 20 Nov 15:45:27 GMT 2025: Set wallpaper to /home/solo/.config/hypr/wallpapers/2014-Mercedes-Benz-SLS-AMG-Black-Series-009-1440.jpg
Thu 20 Nov 15:47:27 GMT 2025: Set wallpaper to /home/solo/.config/hypr/wallpapers/hamilton_3079629.jpg
Thu 20 Nov 15:49:27 GMT 2025: Set wallpaper to /home/solo/.config/hypr/wallpapers/2014-Mercedes-Benz-SLS-AMG-Black-Series-009-1440.jpg
Thu 20 Nov 15:51:27 GMT 2025: Set wallpaper to /home/solo/.config/hypr/wallpapers/2009-Mercedes-Benz-SL-65-AMG-Black-003-1080.jpg
Thu 20 Nov 15:53:27 GMT 2025: Set wallpaper to /home/solo/.config/hypr/wallpapers/mazda-mx5-miata-mazda-3351.jpg
Thu 20 Nov 15:55:27 GMT 2025: Set wallpaper to /home/solo/.config/hypr/wallpapers/thumb-1920-1345403.jpeg
Thu 20 Nov 15:57:27 GMT 2025: Set wallpaper to /home/solo/.config/hypr/wallpapers/hamilton_3079629.jpg
Thu 20 Nov 15:59:27 GMT 2025: Set wallpaper to /home/solo/.config/hypr/wallpapers/mercedes_amg_f1_m11_eq_performance_4k-HD.jpg
Thu 20 Nov 16:01:27 GMT 2025: Set wallpaper to /home/solo/.config/hypr/wallpapers/hyprland_wallpaper.png
Thu 20 Nov 16:03:28 GMT 2025: Set wallpaper to /home/solo/.config/hypr/wallpapers/mercedes-w11.webp
Thu 20 Nov 16:05:28 GMT 2025: Set wallpaper to /home/solo/.config/hypr/wallpapers/astize_cc0_split1.png
Thu 20 Nov 16:07:28 GMT 2025: Set wallpaper to /home/solo/.config/hypr/wallpapers/hamilton_3079629.jpg
Thu 20 Nov 16:09:28 GMT 2025: Set wallpaper to /home/solo/.config/hypr/wallpapers/2008-Mazda-Furai-Concept-004-1440.jpg
Thu 20 Nov 16:11:28 GMT 2025: Set wallpaper to /home/solo/.config/hypr/wallpapers/SilverW11.jpg
Thu 20 Nov 16:13:28 GMT 2025: Set wallpaper to /home/solo/.config/hypr/wallpapers/2009-Mercedes-Benz-SL-65-AMG-Black-003-1080.jpg
Thu 20 Nov 16:15:28 GMT 2025: Set wallpaper to /home/solo/.config/hypr/wallpapers/1968-Lamborghini-Miura-Jota-SVR-001-1080.jpg
Thu 20 Nov 16:17:28 GMT 2025: Set wallpaper to /home/solo/.config/hypr/wallpapers/SoloLinux4.png
Thu 20 Nov 16:19:28 GMT 2025: Set wallpaper to /home/solo/.config/hypr/wallpapers/2005-Ferrari-F430-007-1080.jpg
Thu 20 Nov 16:21:28 GMT 2025: Set wallpaper to /home/solo/.config/hypr/wallpapers/2011-Mercedes-Benz-C63-AMG-Coupe-Black-001-1080.jpg
Thu 20 Nov 20:43:34 GMT 2025: Set wallpaper to /home/solo/.config/hypr/wallpapers/2008-Mazda-Furai-Concept_grey.png
Thu 20 Nov 20:45:34 GMT 2025: Set wallpaper to /home/solo/.config/hypr/wallpapers/w11_wets.webp
Thu 20 Nov 20:47:34 GMT 2025: Set wallpaper to /home/solo/.config/hypr/wallpapers/1979-Canepa-BMW-M1-Procar_grey.png
Thu 20 Nov 20:49:34 GMT 2025: Set wallpaper to /home/solo/.config/hypr/wallpapers/simple.png
Thu 20 Nov 20:51:34 GMT 2025: Set wallpaper to /home/solo/.config/hypr/wallpapers/simple.png
Thu 20 Nov 20:53:34 GMT 2025: Set wallpaper to /home/solo/.config/hypr/wallpapers/thumb-1920-1345403.jpeg
Thu 20 Nov 20:55:34 GMT 2025: Set wallpaper to /home/solo/.config/hypr/wallpapers/SilverW11.jpg
Thu 20 Nov 20:57:34 GMT 2025: Set wallpaper to /home/solo/.config/hypr/wallpapers/2009-Mercedes-Benz-SL-65-AMG-Black-003-1080.jpg
Thu 20 Nov 20:59:34 GMT 2025: Set wallpaper to /home/solo/.config/hypr/wallpapers/W11_with_DRS.jpg
Thu 20 Nov 21:01:34 GMT 2025: Set wallpaper to /home/solo/.config/hypr/wallpapers/2015-Porsche-918-Spyder-012-1440.jpg
Thu 20 Nov 21:03:34 GMT 2025: Set wallpaper to /home/solo/.config/hypr/wallpapers/2009-Mercedes-Benz-SL-65-AMG-Black-003-1080.jpg
Thu 20 Nov 21:05:34 GMT 2025: Set wallpaper to /home/solo/.config/hypr/wallpapers/w11_wets.webp
Thu 20 Nov 21:07:34 GMT 2025: Set wallpaper to /home/solo/.config/hypr/wallpapers/W05.jpg
Thu 20 Nov 21:09:34 GMT 2025: Set wallpaper to /home/solo/.config/hypr/wallpapers/w11_pfp.webp
Thu 20 Nov 21:11:34 GMT 2025: Set wallpaper to /home/solo/.config/hypr/wallpapers/2009-Mercedes-Benz-SL-65-AMG-Black-003-1080.jpg
Thu 20 Nov 21:13:34 GMT 2025: Set wallpaper to /home/solo/.config/hypr/wallpapers/1968-Lamborghini-Miura-Jota-SVR-001-1080.jpg
Thu 20 Nov 21:15:34 GMT 2025: Set wallpaper to /home/solo/.config/hypr/wallpapers/mercedes-w11.webp
Thu 20 Nov 21:17:34 GMT 2025: Set wallpaper to /home/solo/.config/hypr/wallpapers/hyprland_wallpaper.png
Thu 20 Nov 21:19:34 GMT 2025: Set wallpaper to /home/solo/.config/hypr/wallpapers/mercedes_amg_f1_m11_eq_performance_4k-HD.jpg
Thu 20 Nov 21:21:34 GMT 2025: Set wallpaper to /home/solo/.config/hypr/wallpapers/2011-Mercedes-Benz-C63-AMG-Coupe-Black-001-1080.jpg
Thu 20 Nov 21:23:34 GMT 2025: Set wallpaper to /home/solo/.config/hypr/wallpapers/1968-Lamborghini-Miura-Jota-SVR-001-1080.jpg
Thu 20 Nov 21:25:34 GMT 2025: Set wallpaper to /home/solo/.config/hypr/wallpapers/2014-Mercedes-Benz-SLS-AMG-Black-Series-009-1440.jpg
Thu 20 Nov 22:06:54 GMT 2025: Set wallpaper to /home/solo/.config/hypr/wallpapers/mercedes-w11.webp
Thu 20 Nov 22:08:54 GMT 2025: Set wallpaper to /home/solo/.config/hypr/wallpapers/1979-Canepa-BMW-M1-Procar_grey.png
Thu 20 Nov 22:10:55 GMT 2025: Set wallpaper to /home/solo/.config/hypr/wallpapers/2011-Mercedes-Benz-C63-AMG-Coupe-Black-002-1080.jpg
Thu 20 Nov 22:12:55 GMT 2025: Set wallpaper to /home/solo/.config/hypr/wallpapers/mercedes-w11.webp
Thu 20 Nov 22:14:55 GMT 2025: Set wallpaper to /home/solo/.config/hypr/wallpapers/astize_cc0_split1.png
Thu 20 Nov 22:16:55 GMT 2025: Set wallpaper to /home/solo/.config/hypr/wallpapers/1968-Lamborghini-Miura-Jota-SVR-001-1080.jpg
Thu 20 Nov 22:18:55 GMT 2025: Set wallpaper to /home/solo/.config/hypr/wallpapers/hamilton_3079629.jpg
Thu 20 Nov 22:20:55 GMT 2025: Set wallpaper to /home/solo/.config/hypr/wallpapers/2005-Ferrari-F430-007-1080.jpg
Thu 20 Nov 22:57:03 GMT 2025: Set wallpaper to /home/solo/.config/hypr/wallpapers/SilverW11.jpg
Thu 20 Nov 22:59:03 GMT 2025: Set wallpaper to /home/solo/.config/hypr/wallpapers/2008-Mazda-Furai-Concept_grey.png
Thu 20 Nov 23:01:03 GMT 2025: Set wallpaper to /home/solo/.config/hypr/wallpapers/2008-Mazda-Furai-Concept_grey.png
Thu 20 Nov 23:03:03 GMT 2025: Set wallpaper to /home/solo/.config/hypr/wallpapers/thumb-1920-1345403.jpeg
Thu 20 Nov 23:05:03 GMT 2025: Set wallpaper to /home/solo/.config/hypr/wallpapers/W11_with_DRS.jpg
Thu 20 Nov 23:07:03 GMT 2025: Set wallpaper to /home/solo/.config/hypr/wallpapers/w05.webp
Thu 20 Nov 23:09:03 GMT 2025: Set wallpaper to /home/solo/.config/hypr/wallpapers/W11_with_DRS.jpg
Thu 20 Nov 23:11:03 GMT 2025: Set wallpaper to /home/solo/.config/hypr/wallpapers/astize_cc0_split1.png
Thu 20 Nov 23:13:03 GMT 2025: Set wallpaper to /home/solo/.config/hypr/wallpapers/thumb-1920-1345403.jpeg
Thu 20 Nov 23:15:03 GMT 2025: Set wallpaper to /home/solo/.config/hypr/wallpapers/simple.png
Thu 20 Nov 23:17:03 GMT 2025: Set wallpaper to /home/solo/.config/hypr/wallpapers/1968-Lamborghini-Miura-Jota-SVR-001-1080.jpg
Thu 20 Nov 23:19:03 GMT 2025: Set wallpaper to /home/solo/.config/hypr/wallpapers/linux-nitros-dark-ov.jpg
Thu 20 Nov 23:21:03 GMT 2025: Set wallpaper to /home/solo/.config/hypr/wallpapers/W11_with_DRS.jpg
Thu 20 Nov 23:23:03 GMT 2025: Set wallpaper to /home/solo/.config/hypr/wallpapers/w11_wets.webp
Thu 20 Nov 23:25:03 GMT 2025: Set wallpaper to /home/solo/.config/hypr/wallpapers/2008-Mazda-Furai-Concept_grey.png
Thu 20 Nov 23:27:03 GMT 2025: Set wallpaper to /home/solo/.config/hypr/wallpapers/hyprland_wallpaper.png
Thu 20 Nov 23:29:03 GMT 2025: Set wallpaper to /home/solo/.config/hypr/wallpapers/hyprland_wallpaper.png
Thu 20 Nov 23:31:03 GMT 2025: Set wallpaper to /home/solo/.config/hypr/wallpapers/thumb-1920-1345403.jpeg
Thu 20 Nov 23:33:03 GMT 2025: Set wallpaper to /home/solo/.config/hypr/wallpapers/2009-Mercedes-Benz-SL-65-AMG-Black-003-1080.jpg
Thu 20 Nov 23:35:03 GMT 2025: Set wallpaper to /home/solo/.config/hypr/wallpapers/mercedes_amg_f1_m11_eq_performance_4k-HD.jpg
Thu 20 Nov 23:37:03 GMT 2025: Set wallpaper to /home/solo/.config/hypr/wallpapers/SilverW11.jpg
Thu 20 Nov 23:39:04 GMT 2025: Set wallpaper to /home/solo/.config/hypr/wallpapers/2014-Mercedes-Benz-SLS-AMG-Black-Series-009-1440.jpg
Thu 20 Nov 23:41:04 GMT 2025: Set wallpaper to /home/solo/.config/hypr/wallpapers/2008-Mazda-Furai-Concept-004-1440.jpg
Thu 20 Nov 23:43:04 GMT 2025: Set wallpaper to /home/solo/.config/hypr/wallpapers/astize_cc0_split1.png
Thu 20 Nov 23:45:04 GMT 2025: Set wallpaper to /home/solo/.config/hypr/wallpapers/SoloLinux4.png
Thu 20 Nov 23:47:04 GMT 2025: Set wallpaper to /home/solo/.config/hypr/wallpapers/mercedes-w11.webp
Thu 20 Nov 23:49:04 GMT 2025: Set wallpaper to /home/solo/.config/hypr/wallpapers/W05.jpg
Thu 20 Nov 23:51:04 GMT 2025: Set wallpaper to /home/solo/.config/hypr/wallpapers/hamilton_3079629.jpg
Thu 20 Nov 23:53:04 GMT 2025: Set wallpaper to /home/solo/.config/hypr/wallpapers/2011-Mercedes-Benz-C63-AMG-Coupe-Black-002-1080.jpg
Thu 20 Nov 23:55:04 GMT 2025: Set wallpaper to /home/solo/.config/hypr/wallpapers/SilverW11.jpg
Fri 21 Nov 01:58:00 GMT 2025: Set wallpaper to /home/solo/.config/hypr/wallpapers/1979-Canepa-BMW-M1-Procar_grey.png
Fri 21 Nov 02:00:00 GMT 2025: Set wallpaper to /home/solo/.config/hypr/wallpapers/mercedes_amg_f1_m11_eq_performance_4k-HD.jpg
Fri 21 Nov 02:02:00 GMT 2025: Set wallpaper to /home/solo/.config/hypr/wallpapers/1979-Canepa-BMW-M1-Procar_grey.png
Fri 21 Nov 02:04:00 GMT 2025: Set wallpaper to /home/solo/.config/hypr/wallpapers/W11_with_DRS.jpg
Fri 21 Nov 02:06:00 GMT 2025: Set wallpaper to /home/solo/.config/hypr/wallpapers/linux-nitros-dark-ov.jpg
Fri 21 Nov 02:08:00 GMT 2025: Set wallpaper to /home/solo/.config/hypr/wallpapers/2019-Bugatti-Divo.jpg
Fri 21 Nov 02:10:00 GMT 2025: Set wallpaper to /home/solo/.config/hypr/wallpapers/w05.webp
Fri 21 Nov 02:12:01 GMT 2025: Set wallpaper to /home/solo/.config/hypr/wallpapers/2008-Mazda-Furai-Concept-004-1440.jpg
Fri 21 Nov 02:14:01 GMT 2025: Set wallpaper to /home/solo/.config/hypr/wallpapers/hamilton_3079629.jpg
Fri 21 Nov 02:16:01 GMT 2025: Set wallpaper to /home/solo/.config/hypr/wallpapers/simple.png
Fri 21 Nov 02:18:01 GMT 2025: Set wallpaper to /home/solo/.config/hypr/wallpapers/linux-nitros-dark-ov.jpg
Fri 21 Nov 02:20:01 GMT 2025: Set wallpaper to /home/solo/.config/hypr/wallpapers/1968-Lamborghini-Miura-Jota-SVR-001-1080.jpg
Fri 21 Nov 02:22:01 GMT 2025: Set wallpaper to /home/solo/.config/hypr/wallpapers/2009-Mercedes-Benz-SL-65-AMG-Black-003-1080.jpg
Fri 21 Nov 10:15:06 GMT 2025: Set wallpaper to /home/solo/.config/hypr/wallpapers/linux-nitros-dark-ov.jpg
Fri 21 Nov 10:17:06 GMT 2025: Set wallpaper to /home/solo/.config/hypr/wallpapers/hyprland_wallpaper.png
Fri 21 Nov 10:19:06 GMT 2025: Set wallpaper to /home/solo/.config/hypr/wallpapers/astize_cc0_split1.png
Fri 21 Nov 10:21:06 GMT 2025: Set wallpaper to /home/solo/.config/hypr/wallpapers/simple.png
Fri 21 Nov 10:23:06 GMT 2025: Set wallpaper to /home/solo/.config/hypr/wallpapers/2008-Mazda-Furai-Concept-004-1440.jpg
Fri 21 Nov 10:25:06 GMT 2025: Set wallpaper to /home/solo/.config/hypr/wallpapers/mercedes_amg_f1_m11_eq_performance_4k-HD.jpg
Fri 21 Nov 10:27:06 GMT 2025: Set wallpaper to /home/solo/.config/hypr/wallpapers/w11_pfp.webp
Fri 21 Nov 10:29:06 GMT 2025: Set wallpaper to /home/solo/.config/hypr/wallpapers/hyprland_wallpaper.png
Fri 21 Nov 10:31:06 GMT 2025: Set wallpaper to /home/solo/.config/hypr/wallpapers/astize_cc0_split1.png
Fri 21 Nov 10:33:06 GMT 2025: Set wallpaper to /home/solo/.config/hypr/wallpapers/2008-Mazda-Furai-Concept_grey.png
Fri 21 Nov 10:35:06 GMT 2025: Set wallpaper to /home/solo/.config/hypr/wallpapers/2008-Mazda-Furai-Concept_grey.png
Fri 21 Nov 10:37:06 GMT 2025: Set wallpaper to /home/solo/.config/hypr/wallpapers/SoloLinux4.png
Fri 21 Nov 10:39:06 GMT 2025: Set wallpaper to /home/solo/.config/hypr/wallpapers/2005-Ferrari-F430-007-1080.jpg
Fri 21 Nov 10:41:06 GMT 2025: Set wallpaper to /home/solo/.config/hypr/wallpapers/1979-Canepa-BMW-M1-Procar_grey.png
Fri 21 Nov 10:43:06 GMT 2025: Set wallpaper to /home/solo/.config/hypr/wallpapers/2009-Mercedes-Benz-SL-65-AMG-Black-003-1080.jpg
Fri 21 Nov 10:45:06 GMT 2025: Set wallpaper to /home/solo/.config/hypr/wallpapers/2008-Mazda-Furai-Concept-004-1440.jpg
Fri 21 Nov 10:47:06 GMT 2025: Set wallpaper to /home/solo/.config/hypr/wallpapers/hyprland_wallpaper.png
Fri 21 Nov 10:49:06 GMT 2025: Set wallpaper to /home/solo/.config/hypr/wallpapers/hyprland_wallpaper.png
Fri 21 Nov 10:51:06 GMT 2025: Set wallpaper to /home/solo/.config/hypr/wallpapers/linux-nitros-dark-ov.jpg
Fri 21 Nov 10:53:06 GMT 2025: Set wallpaper to /home/solo/.config/hypr/wallpapers/2015-Porsche-918-Spyder-012-1440.jpg
Fri 21 Nov 10:55:06 GMT 2025: Set wallpaper to /home/solo/.config/hypr/wallpapers/w11_pfp.webp
Fri 21 Nov 10:57:06 GMT 2025: Set wallpaper to /home/solo/.config/hypr/wallpapers/2011-Mercedes-Benz-C63-AMG-Coupe-Black-002-1080.jpg
Fri 21 Nov 10:59:06 GMT 2025: Set wallpaper to /home/solo/.config/hypr/wallpapers/linux-nitros-dark-ov.jpg
Fri 21 Nov 11:01:06 GMT 2025: Set wallpaper to /home/solo/.config/hypr/wallpapers/2015-Porsche-918-Spyder-012-1440.jpg
Fri 21 Nov 11:03:06 GMT 2025: Set wallpaper to /home/solo/.config/hypr/wallpapers/2011-Mercedes-Benz-C63-AMG-Coupe-Black-002-1080.jpg
Fri 21 Nov 11:05:06 GMT 2025: Set wallpaper to /home/solo/.config/hypr/wallpapers/thumb-1920-1345403.jpeg
Fri 21 Nov 11:07:06 GMT 2025: Set wallpaper to /home/solo/.config/hypr/wallpapers/w11_pfp.webp
Fri 21 Nov 11:09:06 GMT 2025: Set wallpaper to /home/solo/.config/hypr/wallpapers/w05.webp
Fri 21 Nov 11:11:07 GMT 2025: Set wallpaper to /home/solo/.config/hypr/wallpapers/2008-Mazda-Furai-Concept-004-1440.jpg
Fri 21 Nov 11:13:07 GMT 2025: Set wallpaper to /home/solo/.config/hypr/wallpapers/thumb-1920-1345403.jpeg
Fri 21 Nov 12:31:30 GMT 2025: Set wallpaper to /home/solo/.config/hypr/wallpapers/linux-nitros-dark-ov.jpg
Fri 21 Nov 12:33:30 GMT 2025: Set wallpaper to /home/solo/.config/hypr/wallpapers/thumb-1920-1345403.jpeg
Fri 21 Nov 12:35:30 GMT 2025: Set wallpaper to /home/solo/.config/hypr/wallpapers/2009-Mercedes-Benz-SL-65-AMG-Black-003-1080.jpg
Fri 21 Nov 12:37:30 GMT 2025: Set wallpaper to /home/solo/.config/hypr/wallpapers/mazda-mx5-miata-mazda-3351.jpg
Fri 21 Nov 12:39:30 GMT 2025: Set wallpaper to /home/solo/.config/hypr/wallpapers/1979-Canepa-BMW-M1-Procar_grey.png
Fri 21 Nov 12:41:30 GMT 2025: Set wallpaper to /home/solo/.config/hypr/wallpapers/hamilton_3079629.jpg
Fri 21 Nov 12:43:30 GMT 2025: Set wallpaper to /home/solo/.config/hypr/wallpapers/astize_cc0_split1.png
Fri 21 Nov 12:45:30 GMT 2025: Set wallpaper to /home/solo/.config/hypr/wallpapers/SilverW11.jpg
Fri 21 Nov 12:47:30 GMT 2025: Set wallpaper to /home/solo/.config/hypr/wallpapers/mazda-mx5-miata-mazda-3351.jpg
Fri 21 Nov 12:49:30 GMT 2025: Set wallpaper to /home/solo/.config/hypr/wallpapers/2014-Mercedes-Benz-SLS-AMG-Black-Series-009-1440.jpg
Fri 21 Nov 12:51:30 GMT 2025: Set wallpaper to /home/solo/.config/hypr/wallpapers/thumb-1920-1345403.jpeg
Fri 21 Nov 12:53:30 GMT 2025: Set wallpaper to /home/solo/.config/hypr/wallpapers/simple.png
Fri 21 Nov 12:55:30 GMT 2025: Set wallpaper to /home/solo/.config/hypr/wallpapers/SilverW11.jpg
Fri 21 Nov 12:57:30 GMT 2025: Set wallpaper to /home/solo/.config/hypr/wallpapers/SoloLinux_Wallpaper_1.png
Fri 21 Nov 12:59:30 GMT 2025: Set wallpaper to /home/solo/.config/hypr/wallpapers/1979-Canepa-BMW-M1-Procar_grey.png
Fri 21 Nov 13:01:31 GMT 2025: Set wallpaper to /home/solo/.config/hypr/wallpapers/hyprland_wallpaper.png
Fri 21 Nov 13:03:31 GMT 2025: Set wallpaper to /home/solo/.config/hypr/wallpapers/SoloLinux_Wallpaper_1.png
Fri 21 Nov 13:05:31 GMT 2025: Set wallpaper to /home/solo/.config/hypr/wallpapers/2019-Bugatti-Divo.jpg
Fri 21 Nov 13:07:31 GMT 2025: Set wallpaper to /home/solo/.config/hypr/wallpapers/mercedes_amg_f1_m11_eq_performance_4k-HD.jpg
Fri 21 Nov 13:09:31 GMT 2025: Set wallpaper to /home/solo/.config/hypr/wallpapers/2014-Mercedes-Benz-SLS-AMG-Black-Series-009-1440.jpg
Fri 21 Nov 13:11:31 GMT 2025: Set wallpaper to /home/solo/.config/hypr/wallpapers/w11_pfp.webp
Fri 21 Nov 13:13:31 GMT 2025: Set wallpaper to /home/solo/.config/hypr/wallpapers/linux-nitros-dark-ov.jpg
Fri 21 Nov 13:15:31 GMT 2025: Set wallpaper to /home/solo/.config/hypr/wallpapers/W11_with_DRS.jpg
Fri 21 Nov 13:17:31 GMT 2025: Set wallpaper to /home/solo/.config/hypr/wallpapers/hamilton_3079629.jpg
Fri 21 Nov 13:19:31 GMT 2025: Set wallpaper to /home/solo/.config/hypr/wallpapers/mazda-mx5-miata-mazda-3351.jpg
Fri 21 Nov 13:21:31 GMT 2025: Set wallpaper to /home/solo/.config/hypr/wallpapers/mercedes_amg_f1_m11_eq_performance_4k-HD.jpg
Fri 21 Nov 13:23:31 GMT 2025: Set wallpaper to /home/solo/.config/hypr/wallpapers/SoloLinux_Blue_And_WHite_Text_Dark.png
Fri 21 Nov 13:25:31 GMT 2025: Set wallpaper to /home/solo/.config/hypr/wallpapers/hyprland_wallpaper.png
Fri 21 Nov 13:27:31 GMT 2025: Set wallpaper to /home/solo/.config/hypr/wallpapers/w11_pfp.webp
Fri 21 Nov 13:29:31 GMT 2025: Set wallpaper to /home/solo/.config/hypr/wallpapers/thumb-1920-1345403.jpeg
Fri 21 Nov 13:31:31 GMT 2025: Set wallpaper to /home/solo/.config/hypr/wallpapers/W05.jpg
Fri 21 Nov 13:33:31 GMT 2025: Set wallpaper to /home/solo/.config/hypr/wallpapers/2005-Ferrari-F430-007-1080.jpg
Fri 21 Nov 13:35:32 GMT 2025: Set wallpaper to /home/solo/.config/hypr/wallpapers/2014-Mercedes-Benz-SLS-AMG-Black-Series-009-1440.jpg
Fri 21 Nov 13:37:32 GMT 2025: Set wallpaper to /home/solo/.config/hypr/wallpapers/mercedes_amg_f1_m11_eq_performance_4k-HD.jpg
Fri 21 Nov 13:39:32 GMT 2025: Set wallpaper to /home/solo/.config/hypr/wallpapers/2005-Ferrari-F430-007-1080.jpg
Fri 21 Nov 13:41:32 GMT 2025: Set wallpaper to /home/solo/.config/hypr/wallpapers/2011-Mercedes-Benz-C63-AMG-Coupe-Black-002-1080.jpg
Fri 21 Nov 13:43:32 GMT 2025: Set wallpaper to /home/solo/.config/hypr/wallpapers/mercedes-w11.webp
Fri 21 Nov 13:45:32 GMT 2025: Set wallpaper to /home/solo/.config/hypr/wallpapers/SoloLinux_Wallpaper_Blue_White_Text.png
Fri 21 Nov 13:47:32 GMT 2025: Set wallpaper to /home/solo/.config/hypr/wallpapers/mazda-mx5-miata-mazda-3351.jpg
Fri 21 Nov 13:49:32 GMT 2025: Set wallpaper to /home/solo/.config/hypr/wallpapers/2011-Mercedes-Benz-C63-AMG-Coupe-Black-001-1080.jpg
Fri 21 Nov 13:51:32 GMT 2025: Set wallpaper to /home/solo/.config/hypr/wallpapers/w11_wets.webp
Fri 21 Nov 13:53:32 GMT 2025: Set wallpaper to /home/solo/.config/hypr/wallpapers/1979-Canepa-BMW-M1-Procar_grey.png
Fri 21 Nov 13:55:32 GMT 2025: Set wallpaper to /home/solo/.config/hypr/wallpapers/SoloLinux_Blue_And_WHite_Text_Dark.png
Fri 21 Nov 19:03:58 GMT 2025: Set wallpaper to /home/solo/.config/hypr/wallpapers/1968-Lamborghini-Miura-Jota-SVR-001-1080.jpg
Fri 21 Nov 19:05:59 GMT 2025: Set wallpaper to /home/solo/.config/hypr/wallpapers/hamilton_3079629.jpg
Fri 21 Nov 19:07:54 GMT 2025: Set wallpaper to /home/solo/.config/hypr/wallpapers/w11_wets.webp
Fri 21 Nov 19:09:54 GMT 2025: Set wallpaper to /home/solo/.config/hypr/wallpapers/2019-Bugatti-Divo.jpg
Fri 21 Nov 19:11:54 GMT 2025: Set wallpaper to /home/solo/.config/hypr/wallpapers/linux-nitros-dark-ov.jpg
Fri 21 Nov 19:13:54 GMT 2025: Set wallpaper to /home/solo/.config/hypr/wallpapers/SoloLinux4.png
Fri 21 Nov 19:15:54 GMT 2025: Set wallpaper to /home/solo/.config/hypr/wallpapers/2015-Porsche-918-Spyder-012-1440.jpg
Fri 21 Nov 19:17:54 GMT 2025: Set wallpaper to /home/solo/.config/hypr/wallpapers/w11_wets.webp
Fri 21 Nov 19:19:54 GMT 2025: Set wallpaper to /home/solo/.config/hypr/wallpapers/mazda-mx5-miata-mazda-3351.jpg
Fri 21 Nov 19:21:54 GMT 2025: Set wallpaper to /home/solo/.config/hypr/wallpapers/linux-nitros-dark-ov.jpg
Fri 21 Nov 19:23:54 GMT 2025: Set wallpaper to /home/solo/.config/hypr/wallpapers/w11_wets.webp
Fri 21 Nov 19:25:54 GMT 2025: Set wallpaper to /home/solo/.config/hypr/wallpapers/thumb-1920-1345403.jpeg
Fri 21 Nov 19:26:50 GMT 2025: Set wallpaper to /home/solo/.config/hypr/wallpapers/2015-Porsche-918-Spyder-012-1440.jpg
Fri 21 Nov 19:28:50 GMT 2025: Set wallpaper to /home/solo/.config/hypr/wallpapers/w11_pfp.webp
Fri 21 Nov 19:30:50 GMT 2025: Set wallpaper to /home/solo/.config/hypr/wallpapers/linux-nitros-dark-ov.jpg
Fri 21 Nov 19:32:50 GMT 2025: Set wallpaper to /home/solo/.config/hypr/wallpapers/2014-Mercedes-Benz-SLS-AMG-Black-Series-009-1440.jpg
Fri 21 Nov 19:34:51 GMT 2025: Set wallpaper to /home/solo/.config/hypr/wallpapers/simple.png
Fri 21 Nov 19:36:51 GMT 2025: Set wallpaper to /home/solo/.config/hypr/wallpapers/SilverW11.jpg
Fri 21 Nov 19:38:51 GMT 2025: Set wallpaper to /home/solo/.config/hypr/wallpapers/SilverW11.jpg
Fri 21 Nov 19:40:51 GMT 2025: Set wallpaper to /home/solo/.config/hypr/wallpapers/hyprland_wallpaper.png
Fri 21 Nov 19:42:51 GMT 2025: Set wallpaper to /home/solo/.config/hypr/wallpapers/2009-Mercedes-Benz-SL-65-AMG-Black-003-1080.jpg
Fri 21 Nov 19:44:51 GMT 2025: Set wallpaper to /home/solo/.config/hypr/wallpapers/SilverW11.jpg
Fri 21 Nov 19:46:51 GMT 2025: Set wallpaper to /home/solo/.config/hypr/wallpapers/w11_wets.webp
Fri 21 Nov 19:48:51 GMT 2025: Set wallpaper to /home/solo/.config/hypr/wallpapers/SoloLinux_Wallpaper_1.png
Fri 21 Nov 19:50:51 GMT 2025: Set wallpaper to /home/solo/.config/hypr/wallpapers/w05.webp
Fri 21 Nov 19:52:51 GMT 2025: Set wallpaper to /home/solo/.config/hypr/wallpapers/w05.webp
Fri 21 Nov 19:54:51 GMT 2025: Set wallpaper to /home/solo/.config/hypr/wallpapers/mazda-mx5-miata-mazda-3351.jpg
Fri 21 Nov 19:56:51 GMT 2025: Set wallpaper to /home/solo/.config/hypr/wallpapers/2009-Mercedes-Benz-SL-65-AMG-Black-003-1080.jpg
Fri 21 Nov 19:58:51 GMT 2025: Set wallpaper to /home/solo/.config/hypr/wallpapers/SilverW11.jpg
Fri 21 Nov 20:00:51 GMT 2025: Set wallpaper to /home/solo/.config/hypr/wallpapers/SoloLinux_Wallpaper_1.png
Fri 21 Nov 20:02:51 GMT 2025: Set wallpaper to /home/solo/.config/hypr/wallpapers/thumb-1920-1345403.jpeg
Fri 21 Nov 20:04:51 GMT 2025: Set wallpaper to /home/solo/.config/hypr/wallpapers/2014-Mercedes-Benz-SLS-AMG-Black-Series-009-1440.jpg
Fri 21 Nov 20:06:51 GMT 2025: Set wallpaper to /home/solo/.config/hypr/wallpapers/SoloLinux_Wallpaper_Blue_White_Text.png
Fri 21 Nov 20:08:51 GMT 2025: Set wallpaper to /home/solo/.config/hypr/wallpapers/w11_wets.webp
Fri 21 Nov 20:10:51 GMT 2025: Set wallpaper to /home/solo/.config/hypr/wallpapers/SoloLinux4.png
Fri 21 Nov 20:12:51 GMT 2025: Set wallpaper to /home/solo/.config/hypr/wallpapers/mercedes-w11.webp
Fri 21 Nov 20:14:51 GMT 2025: Set wallpaper to /home/solo/.config/hypr/wallpapers/W05.jpg
Fri 21 Nov 20:16:51 GMT 2025: Set wallpaper to /home/solo/.config/hypr/wallpapers/thumb-1920-1345403.jpeg
Fri 21 Nov 20:18:51 GMT 2025: Set wallpaper to /home/solo/.config/hypr/wallpapers/2011-Mercedes-Benz-C63-AMG-Coupe-Black-001-1080.jpg
Fri 21 Nov 20:20:51 GMT 2025: Set wallpaper to /home/solo/.config/hypr/wallpapers/1968-Lamborghini-Miura-Jota-SVR-001-1080.jpg
Fri 21 Nov 21:13:11 GMT 2025: Set wallpaper to /home/solo/.config/hypr/wallpapers/1979-Canepa-BMW-M1-Procar_grey.png
Fri 21 Nov 21:15:11 GMT 2025: Set wallpaper to /home/solo/.config/hypr/wallpapers/SoloLinux_Wallpaper_Blue_White_Text.png
Fri 21 Nov 21:17:11 GMT 2025: Set wallpaper to /home/solo/.config/hypr/wallpapers/astize_cc0_split1.png
Fri 21 Nov 21:19:11 GMT 2025: Set wallpaper to /home/solo/.config/hypr/wallpapers/w11_wets.webp
Fri 21 Nov 21:21:11 GMT 2025: Set wallpaper to /home/solo/.config/hypr/wallpapers/SilverW11.jpg
Fri 21 Nov 21:23:11 GMT 2025: Set wallpaper to /home/solo/.config/hypr/wallpapers/thumb-1920-1345403.jpeg
Fri 21 Nov 21:25:11 GMT 2025: Set wallpaper to /home/solo/.config/hypr/wallpapers/simple.png
Fri 21 Nov 21:27:11 GMT 2025: Set wallpaper to /home/solo/.config/hypr/wallpapers/2005-Ferrari-F430-007-1080.jpg
Fri 21 Nov 21:29:11 GMT 2025: Set wallpaper to /home/solo/.config/hypr/wallpapers/hamilton_3079629.jpg
Fri 21 Nov 21:31:11 GMT 2025: Set wallpaper to /home/solo/.config/hypr/wallpapers/w11_pfp.webp
Fri 21 Nov 21:33:12 GMT 2025: Set wallpaper to /home/solo/.config/hypr/wallpapers/linux-nitros-dark-ov.jpg
Fri 21 Nov 21:35:12 GMT 2025: Set wallpaper to /home/solo/.config/hypr/wallpapers/2011-Mercedes-Benz-C63-AMG-Coupe-Black-001-1080.jpg
Fri 21 Nov 21:37:12 GMT 2025: Set wallpaper to /home/solo/.config/hypr/wallpapers/SoloLinux_Wallpaper_Blue_White_Text.png
Fri 21 Nov 21:39:12 GMT 2025: Set wallpaper to /home/solo/.config/hypr/wallpapers/w11_pfp.webp
Fri 21 Nov 21:41:12 GMT 2025: Set wallpaper to /home/solo/.config/hypr/wallpapers/2009-Mercedes-Benz-SL-65-AMG-Black-003-1080.jpg
Fri 21 Nov 21:43:12 GMT 2025: Set wallpaper to /home/solo/.config/hypr/wallpapers/w11_wets.webp
Fri 21 Nov 21:45:12 GMT 2025: Set wallpaper to /home/solo/.config/hypr/wallpapers/w11_pfp.webp
Fri 21 Nov 21:47:13 GMT 2025: Set wallpaper to /home/solo/.config/hypr/wallpapers/1979-Canepa-BMW-M1-Procar_grey.png
Fri 21 Nov 21:49:13 GMT 2025: Set wallpaper to /home/solo/.config/hypr/wallpapers/2019-Bugatti-Divo.jpg
Fri 21 Nov 21:51:13 GMT 2025: Set wallpaper to /home/solo/.config/hypr/wallpapers/w11_wets.webp
Fri 21 Nov 21:53:13 GMT 2025: Set wallpaper to /home/solo/.config/hypr/wallpapers/2005-Ferrari-F430-007-1080.jpg
Fri 21 Nov 21:55:13 GMT 2025: Set wallpaper to /home/solo/.config/hypr/wallpapers/W11_with_DRS.jpg
Fri 21 Nov 21:57:13 GMT 2025: Set wallpaper to /home/solo/.config/hypr/wallpapers/2019-Bugatti-Divo.jpg
Fri 21 Nov 21:59:13 GMT 2025: Set wallpaper to /home/solo/.config/hypr/wallpapers/thumb-1920-1345403.jpeg
Fri 21 Nov 22:01:13 GMT 2025: Set wallpaper to /home/solo/.config/hypr/wallpapers/w11_wets.webp
Fri 21 Nov 22:03:13 GMT 2025: Set wallpaper to /home/solo/.config/hypr/wallpapers/w05.webp
Fri 21 Nov 22:05:13 GMT 2025: Set wallpaper to /home/solo/.config/hypr/wallpapers/w05.webp
Fri 21 Nov 22:07:13 GMT 2025: Set wallpaper to /home/solo/.config/hypr/wallpapers/1979-Canepa-BMW-M1-Procar_grey.png
Fri 21 Nov 22:09:13 GMT 2025: Set wallpaper to /home/solo/.config/hypr/wallpapers/2008-Mazda-Furai-Concept_grey.png
Fri 21 Nov 22:11:13 GMT 2025: Set wallpaper to /home/solo/.config/hypr/wallpapers/w11_wets.webp
Thu 11 Dec 09:54:17 GMT 2025: Set wallpaper to /home/solo/.config/hypr/wallpapers/SoloLinux_Blue_And_WHite_Text_Dark.png
Thu 11 Dec 09:56:17 GMT 2025: Set wallpaper to /home/solo/.config/hypr/wallpapers/2015-Porsche-918-Spyder-012-1440.jpg
Thu 11 Dec 09:58:17 GMT 2025: Set wallpaper to /home/solo/.config/hypr/wallpapers/linux-nitros-dark-ov.jpg
Thu 11 Dec 12:09:35 GMT 2025: Set wallpaper to /home/solo/.config/hypr/wallpapers/2011-Mercedes-Benz-C63-AMG-Coupe-Black-002-1080.jpg
Thu 11 Dec 12:11:35 GMT 2025: Set wallpaper to /home/solo/.config/hypr/wallpapers/mercedes-w11.webp
Thu 11 Dec 12:13:25 GMT 2025: Set wallpaper to /home/solo/.config/hypr/wallpapers/1968-Lamborghini-Miura-Jota-SVR-001-1080.jpg
Thu 11 Dec 12:15:25 GMT 2025: Set wallpaper to /home/solo/.config/hypr/wallpapers/SoloLinux_Blue_And_WHite_Text_Dark.png
Thu 11 Dec 12:17:25 GMT 2025: Set wallpaper to /home/solo/.config/hypr/wallpapers/2005-Ferrari-F430-007-1080.jpg
Thu 11 Dec 12:19:25 GMT 2025: Set wallpaper to /home/solo/.config/hypr/wallpapers/2008-Mazda-Furai-Concept_grey.png
Thu 11 Dec 12:21:26 GMT 2025: Set wallpaper to /home/solo/.config/hypr/wallpapers/astize_cc0_split1.png
Thu 11 Dec 12:23:26 GMT 2025: Set wallpaper to /home/solo/.config/hypr/wallpapers/SoloLinux_Wallpaper_1.png
Thu 11 Dec 12:25:26 GMT 2025: Set wallpaper to /home/solo/.config/hypr/wallpapers/2015-Porsche-918-Spyder-012-1440.jpg
Thu 11 Dec 12:27:26 GMT 2025: Set wallpaper to /home/solo/.config/hypr/wallpapers/mazda-mx5-miata-mazda-3351.jpg
Thu 11 Dec 12:29:26 GMT 2025: Set wallpaper to /home/solo/.config/hypr/wallpapers/SilverW11.jpg
Thu 11 Dec 12:31:26 GMT 2025: Set wallpaper to /home/solo/.config/hypr/wallpapers/mazda-mx5-miata-mazda-3351.jpg
Thu 11 Dec 12:33:26 GMT 2025: Set wallpaper to /home/solo/.config/hypr/wallpapers/W05.jpg
Thu 11 Dec 12:35:26 GMT 2025: Set wallpaper to /home/solo/.config/hypr/wallpapers/2014-Mercedes-Benz-SLS-AMG-Black-Series-009-1440.jpg
Thu 11 Dec 12:37:26 GMT 2025: Set wallpaper to /home/solo/.config/hypr/wallpapers/hyprland_wallpaper.png
Thu 11 Dec 12:39:26 GMT 2025: Set wallpaper to /home/solo/.config/hypr/wallpapers/hamilton_3079629.jpg
Thu 11 Dec 12:41:26 GMT 2025: Set wallpaper to /home/solo/.config/hypr/wallpapers/SilverW11.jpg
Thu 11 Dec 12:43:26 GMT 2025: Set wallpaper to /home/solo/.config/hypr/wallpapers/w05.webp
Thu 11 Dec 12:45:26 GMT 2025: Set wallpaper to /home/solo/.config/hypr/wallpapers/linux-nitros-dark-ov.jpg
Thu 11 Dec 12:47:26 GMT 2025: Set wallpaper to /home/solo/.config/hypr/wallpapers/SoloLinux_Wallpaper_1.png
Thu 11 Dec 12:49:26 GMT 2025: Set wallpaper to /home/solo/.config/hypr/wallpapers/2011-Mercedes-Benz-C63-AMG-Coupe-Black-002-1080.jpg
Thu 11 Dec 12:51:26 GMT 2025: Set wallpaper to /home/solo/.config/hypr/wallpapers/2015-Porsche-918-Spyder-012-1440.jpg
Thu 11 Dec 12:53:26 GMT 2025: Set wallpaper to /home/solo/.config/hypr/wallpapers/2008-Mazda-Furai-Concept-004-1440.jpg
Thu 11 Dec 12:55:26 GMT 2025: Set wallpaper to /home/solo/.config/hypr/wallpapers/SoloLinux_Wallpaper_1.png
Thu 11 Dec 12:57:26 GMT 2025: Set wallpaper to /home/solo/.config/hypr/wallpapers/2014-Mercedes-Benz-SLS-AMG-Black-Series-009-1440.jpg
Thu 11 Dec 12:59:26 GMT 2025: Set wallpaper to /home/solo/.config/hypr/wallpapers/hyprland_wallpaper.png
Thu 11 Dec 13:01:26 GMT 2025: Set wallpaper to /home/solo/.config/hypr/wallpapers/mazda-mx5-miata-mazda-3351.jpg
Thu 11 Dec 13:03:26 GMT 2025: Set wallpaper to /home/solo/.config/hypr/wallpapers/astize_cc0_split1.png
Thu 11 Dec 13:05:26 GMT 2025: Set wallpaper to /home/solo/.config/hypr/wallpapers/2011-Mercedes-Benz-C63-AMG-Coupe-Black-002-1080.jpg
Thu 11 Dec 13:07:26 GMT 2025: Set wallpaper to /home/solo/.config/hypr/wallpapers/w11_pfp.webp
Thu 11 Dec 13:09:26 GMT 2025: Set wallpaper to /home/solo/.config/hypr/wallpapers/w11_wets.webp
Thu 11 Dec 13:11:26 GMT 2025: Set wallpaper to /home/solo/.config/hypr/wallpapers/2011-Mercedes-Benz-C63-AMG-Coupe-Black-001-1080.jpg
Thu 11 Dec 13:13:27 GMT 2025: Set wallpaper to /home/solo/.config/hypr/wallpapers/SoloLinux_Wallpaper_Blue_White_Text.png
Thu 11 Dec 13:15:27 GMT 2025: Set wallpaper to /home/solo/.config/hypr/wallpapers/SoloLinux_Blue_And_WHite_Text_Dark.png
Thu 11 Dec 13:17:27 GMT 2025: Set wallpaper to /home/solo/.config/hypr/wallpapers/simple.png
Thu 11 Dec 13:19:27 GMT 2025: Set wallpaper to /home/solo/.config/hypr/wallpapers/mazda-mx5-miata-mazda-3351.jpg
Thu 11 Dec 13:21:27 GMT 2025: Set wallpaper to /home/solo/.config/hypr/wallpapers/hyprland_wallpaper.png
Thu 11 Dec 13:23:27 GMT 2025: Set wallpaper to /home/solo/.config/hypr/wallpapers/SoloLinux_Wallpaper_1.png
Thu 11 Dec 13:25:27 GMT 2025: Set wallpaper to /home/solo/.config/hypr/wallpapers/SoloLinux_Blue_And_WHite_Text_Dark.png
Thu 11 Dec 13:27:27 GMT 2025: Set wallpaper to /home/solo/.config/hypr/wallpapers/w05.webp
Thu 11 Dec 13:29:27 GMT 2025: Set wallpaper to /home/solo/.config/hypr/wallpapers/SoloLinux_Blue_And_WHite_Text_Dark.png
Thu 11 Dec 13:31:27 GMT 2025: Set wallpaper to /home/solo/.config/hypr/wallpapers/2008-Mazda-Furai-Concept_grey.png
Thu 11 Dec 13:33:27 GMT 2025: Set wallpaper to /home/solo/.config/hypr/wallpapers/hyprland_wallpaper.png
Thu 11 Dec 13:35:27 GMT 2025: Set wallpaper to /home/solo/.config/hypr/wallpapers/2019-Bugatti-Divo.jpg
Thu 11 Dec 13:37:27 GMT 2025: Set wallpaper to /home/solo/.config/hypr/wallpapers/1979-Canepa-BMW-M1-Procar_grey.png
Thu 11 Dec 13:39:27 GMT 2025: Set wallpaper to /home/solo/.config/hypr/wallpapers/2005-Ferrari-F430-007-1080.jpg
Fri 12 Dec 01:36:23 GMT 2025: Set wallpaper to /home/solo/.config/hypr/wallpapers/mazda-mx5-miata-mazda-3351.jpg
Fri 12 Dec 01:38:23 GMT 2025: Set wallpaper to /home/solo/.config/hypr/wallpapers/2019-Bugatti-Divo.jpg
Fri 12 Dec 01:40:23 GMT 2025: Set wallpaper to /home/solo/.config/hypr/wallpapers/SoloLinux4.png
Fri 12 Dec 01:42:23 GMT 2025: Set wallpaper to /home/solo/.config/hypr/wallpapers/2005-Ferrari-F430-007-1080.jpg
Fri 12 Dec 01:44:23 GMT 2025: Set wallpaper to /home/solo/.config/hypr/wallpapers/2011-Mercedes-Benz-C63-AMG-Coupe-Black-002-1080.jpg
Fri 12 Dec 01:46:24 GMT 2025: Set wallpaper to /home/solo/.config/hypr/wallpapers/2019-Bugatti-Divo.jpg
Fri 12 Dec 01:48:24 GMT 2025: Set wallpaper to /home/solo/.config/hypr/wallpapers/2011-Mercedes-Benz-C63-AMG-Coupe-Black-001-1080.jpg
Fri 12 Dec 01:50:24 GMT 2025: Set wallpaper to /home/solo/.config/hypr/wallpapers/2014-Mercedes-Benz-SLS-AMG-Black-Series-009-1440.jpg
Fri 12 Dec 01:52:24 GMT 2025: Set wallpaper to /home/solo/.config/hypr/wallpapers/W05.jpg
Fri 12 Dec 01:54:24 GMT 2025: Set wallpaper to /home/solo/.config/hypr/wallpapers/hamilton_3079629.jpg
Fri 12 Dec 01:56:24 GMT 2025: Set wallpaper to /home/solo/.config/hypr/wallpapers/2015-Porsche-918-Spyder-012-1440.jpg
Fri 12 Dec 01:58:24 GMT 2025: Set wallpaper to /home/solo/.config/hypr/wallpapers/hamilton_3079629.jpg
Fri 12 Dec 06:15:11 GMT 2025: Set wallpaper to /home/solo/.config/hypr/wallpapers/SoloLinux_Blue_And_WHite_Text_Dark.png
Fri 12 Dec 06:17:11 GMT 2025: Set wallpaper to /home/solo/.config/hypr/wallpapers/w05.webp
Fri 12 Dec 06:19:11 GMT 2025: Set wallpaper to /home/solo/.config/hypr/wallpapers/SoloLinux_Wallpaper_1.png
Fri 12 Dec 06:21:11 GMT 2025: Set wallpaper to /home/solo/.config/hypr/wallpapers/w11_wets.webp
Fri 12 Dec 06:23:11 GMT 2025: Set wallpaper to /home/solo/.config/hypr/wallpapers/1968-Lamborghini-Miura-Jota-SVR-001-1080.jpg
Fri 12 Dec 06:25:11 GMT 2025: Set wallpaper to /home/solo/.config/hypr/wallpapers/W11_with_DRS.jpg
Fri 12 Dec 06:27:11 GMT 2025: Set wallpaper to /home/solo/.config/hypr/wallpapers/SoloLinux4.png
Fri 12 Dec 06:29:11 GMT 2025: Set wallpaper to /home/solo/.config/hypr/wallpapers/w11_wets.webp
Fri 12 Dec 06:31:11 GMT 2025: Set wallpaper to /home/solo/.config/hypr/wallpapers/SoloLinux_Wallpaper_Blue_White_Text.png
Fri 12 Dec 06:33:12 GMT 2025: Set wallpaper to /home/solo/.config/hypr/wallpapers/mazda-mx5-miata-mazda-3351.jpg
Fri 12 Dec 06:35:12 GMT 2025: Set wallpaper to /home/solo/.config/hypr/wallpapers/1979-Canepa-BMW-M1-Procar_grey.png
Fri 12 Dec 06:37:12 GMT 2025: Set wallpaper to /home/solo/.config/hypr/wallpapers/SilverW11.jpg
Fri 12 Dec 06:39:12 GMT 2025: Set wallpaper to /home/solo/.config/hypr/wallpapers/1968-Lamborghini-Miura-Jota-SVR-001-1080.jpg
Fri 12 Dec 06:41:12 GMT 2025: Set wallpaper to /home/solo/.config/hypr/wallpapers/2015-Porsche-918-Spyder-012-1440.jpg
Fri 12 Dec 06:43:12 GMT 2025: Set wallpaper to /home/solo/.config/hypr/wallpapers/2015-Porsche-918-Spyder-012-1440.jpg
Fri 12 Dec 06:45:12 GMT 2025: Set wallpaper to /home/solo/.config/hypr/wallpapers/W11_with_DRS.jpg
Fri 12 Dec 06:47:12 GMT 2025: Set wallpaper to /home/solo/.config/hypr/wallpapers/2011-Mercedes-Benz-C63-AMG-Coupe-Black-001-1080.jpg
Fri 12 Dec 06:49:12 GMT 2025: Set wallpaper to /home/solo/.config/hypr/wallpapers/SoloLinux_Wallpaper_Blue_White_Text.png
Fri 12 Dec 06:51:12 GMT 2025: Set wallpaper to /home/solo/.config/hypr/wallpapers/2014-Mercedes-Benz-SLS-AMG-Black-Series-009-1440.jpg
Fri 12 Dec 06:53:12 GMT 2025: Set wallpaper to /home/solo/.config/hypr/wallpapers/mercedes-w11.webp
Fri 12 Dec 06:55:12 GMT 2025: Set wallpaper to /home/solo/.config/hypr/wallpapers/w11_pfp.webp
Fri 12 Dec 06:57:12 GMT 2025: Set wallpaper to /home/solo/.config/hypr/wallpapers/SoloLinux4.png
Fri 12 Dec 06:59:12 GMT 2025: Set wallpaper to /home/solo/.config/hypr/wallpapers/w11_pfp.webp
Fri 12 Dec 07:01:12 GMT 2025: Set wallpaper to /home/solo/.config/hypr/wallpapers/2005-Ferrari-F430-007-1080.jpg
Fri 12 Dec 07:03:12 GMT 2025: Set wallpaper to /home/solo/.config/hypr/wallpapers/SoloLinux4.png
Fri 12 Dec 07:05:12 GMT 2025: Set wallpaper to /home/solo/.config/hypr/wallpapers/astize_cc0_split1.png
Fri 12 Dec 07:07:12 GMT 2025: Set wallpaper to /home/solo/.config/hypr/wallpapers/w11_pfp.webp
Fri 12 Dec 07:09:12 GMT 2025: Set wallpaper to /home/solo/.config/hypr/wallpapers/2015-Porsche-918-Spyder-012-1440.jpg
Fri 12 Dec 07:11:12 GMT 2025: Set wallpaper to /home/solo/.config/hypr/wallpapers/SilverW11.jpg
Fri 12 Dec 07:13:12 GMT 2025: Set wallpaper to /home/solo/.config/hypr/wallpapers/W05.jpg
Fri 12 Dec 07:15:12 GMT 2025: Set wallpaper to /home/solo/.config/hypr/wallpapers/2015-Porsche-918-Spyder-012-1440.jpg
Fri 12 Dec 07:17:12 GMT 2025: Set wallpaper to /home/solo/.config/hypr/wallpapers/SoloLinux_Wallpaper_1.png
Fri 12 Dec 07:19:12 GMT 2025: Set wallpaper to /home/solo/.config/hypr/wallpapers/SoloLinux_Blue_And_WHite_Text_Dark.png
Fri 12 Dec 07:21:13 GMT 2025: Set wallpaper to /home/solo/.config/hypr/wallpapers/w11_wets.webp
Fri 12 Dec 07:23:13 GMT 2025: Set wallpaper to /home/solo/.config/hypr/wallpapers/thumb-1920-1345403.jpeg
Fri 12 Dec 07:25:13 GMT 2025: Set wallpaper to /home/solo/.config/hypr/wallpapers/astize_cc0_split1.png
Fri 12 Dec 07:27:13 GMT 2025: Set wallpaper to /home/solo/.config/hypr/wallpapers/2015-Porsche-918-Spyder-012-1440.jpg
Fri 12 Dec 07:29:13 GMT 2025: Set wallpaper to /home/solo/.config/hypr/wallpapers/2011-Mercedes-Benz-C63-AMG-Coupe-Black-001-1080.jpg
Fri 12 Dec 07:31:13 GMT 2025: Set wallpaper to /home/solo/.config/hypr/wallpapers/2009-Mercedes-Benz-SL-65-AMG-Black-003-1080.jpg
Fri 12 Dec 07:33:13 GMT 2025: Set wallpaper to /home/solo/.config/hypr/wallpapers/mercedes_amg_f1_m11_eq_performance_4k-HD.jpg
Fri 12 Dec 07:35:13 GMT 2025: Set wallpaper to /home/solo/.config/hypr/wallpapers/SoloLinux4.png
Fri 12 Dec 09:07:09 GMT 2025: Set wallpaper to /home/solo/.config/hypr/wallpapers/2009-Mercedes-Benz-SL-65-AMG-Black-003-1080.jpg
Fri 12 Dec 11:18:42 GMT 2025: Set wallpaper to /home/solo/.config/hypr/wallpapers/2014-Mercedes-Benz-SLS-AMG-Black-Series-009-1440.jpg
Fri 12 Dec 11:20:42 GMT 2025: Set wallpaper to /home/solo/.config/hypr/wallpapers/SoloLinux_Blue_And_WHite_Text_Dark.png
Fri 12 Dec 11:22:43 GMT 2025: Set wallpaper to /home/solo/.config/hypr/wallpapers/1968-Lamborghini-Miura-Jota-SVR-001-1080.jpg
Fri 12 Dec 11:24:43 GMT 2025: Set wallpaper to /home/solo/.config/hypr/wallpapers/2008-Mazda-Furai-Concept_grey.png
Fri 12 Dec 11:26:43 GMT 2025: Set wallpaper to /home/solo/.config/hypr/wallpapers/linux-nitros-dark-ov.jpg
Fri 12 Dec 11:28:43 GMT 2025: Set wallpaper to /home/solo/.config/hypr/wallpapers/2011-Mercedes-Benz-C63-AMG-Coupe-Black-002-1080.jpg
Fri 12 Dec 11:30:43 GMT 2025: Set wallpaper to /home/solo/.config/hypr/wallpapers/hyprland_wallpaper.png
Fri 12 Dec 11:32:43 GMT 2025: Set wallpaper to /home/solo/.config/hypr/wallpapers/linux-nitros-dark-ov.jpg
Fri 12 Dec 11:34:43 GMT 2025: Set wallpaper to /home/solo/.config/hypr/wallpapers/2011-Mercedes-Benz-C63-AMG-Coupe-Black-001-1080.jpg
Fri 12 Dec 11:36:43 GMT 2025: Set wallpaper to /home/solo/.config/hypr/wallpapers/2005-Ferrari-F430-007-1080.jpg
Fri 12 Dec 11:38:43 GMT 2025: Set wallpaper to /home/solo/.config/hypr/wallpapers/2015-Porsche-918-Spyder-012-1440.jpg
Fri 12 Dec 11:40:43 GMT 2025: Set wallpaper to /home/solo/.config/hypr/wallpapers/SoloLinux_Wallpaper_Blue_White_Text.png
Fri 12 Dec 11:42:43 GMT 2025: Set wallpaper to /home/solo/.config/hypr/wallpapers/hyprland_wallpaper.png
Fri 12 Dec 11:44:43 GMT 2025: Set wallpaper to /home/solo/.config/hypr/wallpapers/2014-Mercedes-Benz-SLS-AMG-Black-Series-009-1440.jpg
Fri 12 Dec 11:46:43 GMT 2025: Set wallpaper to /home/solo/.config/hypr/wallpapers/2008-Mazda-Furai-Concept_grey.png
Fri 12 Dec 11:48:43 GMT 2025: Set wallpaper to /home/solo/.config/hypr/wallpapers/SoloLinux_Blue_And_WHite_Text_Dark.png
Fri 12 Dec 11:50:43 GMT 2025: Set wallpaper to /home/solo/.config/hypr/wallpapers/hamilton_3079629.jpg
Fri 12 Dec 11:52:43 GMT 2025: Set wallpaper to /home/solo/.config/hypr/wallpapers/2009-Mercedes-Benz-SL-65-AMG-Black-003-1080.jpg
Fri 12 Dec 11:54:43 GMT 2025: Set wallpaper to /home/solo/.config/hypr/wallpapers/2015-Porsche-918-Spyder-012-1440.jpg
Fri 12 Dec 11:56:43 GMT 2025: Set wallpaper to /home/solo/.config/hypr/wallpapers/simple.png
Fri 12 Dec 11:58:43 GMT 2025: Set wallpaper to /home/solo/.config/hypr/wallpapers/SoloLinux4.png
Fri 12 Dec 12:00:43 GMT 2025: Set wallpaper to /home/solo/.config/hypr/wallpapers/SilverW11.jpg
Fri 12 Dec 12:02:43 GMT 2025: Set wallpaper to /home/solo/.config/hypr/wallpapers/mercedes_amg_f1_m11_eq_performance_4k-HD.jpg
Fri 12 Dec 12:04:43 GMT 2025: Set wallpaper to /home/solo/.config/hypr/wallpapers/2011-Mercedes-Benz-C63-AMG-Coupe-Black-002-1080.jpg
Fri 12 Dec 12:06:43 GMT 2025: Set wallpaper to /home/solo/.config/hypr/wallpapers/w05.webp
Fri 12 Dec 12:08:43 GMT 2025: Set wallpaper to /home/solo/.config/hypr/wallpapers/thumb-1920-1345403.jpeg
Fri 12 Dec 12:10:43 GMT 2025: Set wallpaper to /home/solo/.config/hypr/wallpapers/simple.png
Fri 12 Dec 12:12:43 GMT 2025: Set wallpaper to /home/solo/.config/hypr/wallpapers/W11_with_DRS.jpg
Fri 12 Dec 12:14:43 GMT 2025: Set wallpaper to /home/solo/.config/hypr/wallpapers/2011-Mercedes-Benz-C63-AMG-Coupe-Black-002-1080.jpg
Fri 12 Dec 12:16:43 GMT 2025: Set wallpaper to /home/solo/.config/hypr/wallpapers/w05.webp
Fri 12 Dec 12:18:43 GMT 2025: Set wallpaper to /home/solo/.config/hypr/wallpapers/1968-Lamborghini-Miura-Jota-SVR-001-1080.jpg
Fri 12 Dec 12:20:43 GMT 2025: Set wallpaper to /home/solo/.config/hypr/wallpapers/2009-Mercedes-Benz-SL-65-AMG-Black-003-1080.jpg
Fri 12 Dec 12:22:43 GMT 2025: Set wallpaper to /home/solo/.config/hypr/wallpapers/SoloLinux_Wallpaper_1.png
Fri 12 Dec 12:24:44 GMT 2025: Set wallpaper to /home/solo/.config/hypr/wallpapers/SoloLinux_Blue_And_WHite_Text_Dark.png
Fri 12 Dec 12:26:44 GMT 2025: Set wallpaper to /home/solo/.config/hypr/wallpapers/mazda-mx5-miata-mazda-3351.jpg
Fri 12 Dec 12:28:44 GMT 2025: Set wallpaper to /home/solo/.config/hypr/wallpapers/2019-Bugatti-Divo.jpg
Fri 12 Dec 12:30:44 GMT 2025: Set wallpaper to /home/solo/.config/hypr/wallpapers/SilverW11.jpg
Fri 12 Dec 12:32:44 GMT 2025: Set wallpaper to /home/solo/.config/hypr/wallpapers/w05.webp
Fri 12 Dec 12:34:44 GMT 2025: Set wallpaper to /home/solo/.config/hypr/wallpapers/mazda-mx5-miata-mazda-3351.jpg
Fri 12 Dec 12:36:44 GMT 2025: Set wallpaper to /home/solo/.config/hypr/wallpapers/thumb-1920-1345403.jpeg
Fri 12 Dec 17:22:00 GMT 2025: Set wallpaper to /home/solo/.config/hypr/wallpapers/2008-Mazda-Furai-Concept-004-1440.jpg
Fri 12 Dec 17:24:00 GMT 2025: Set wallpaper to /home/solo/.config/hypr/wallpapers/SoloLinux_Wallpaper_Blue_White_Text.png
Fri 12 Dec 17:26:00 GMT 2025: Set wallpaper to /home/solo/.config/hypr/wallpapers/2009-Mercedes-Benz-SL-65-AMG-Black-003-1080.jpg
Fri 12 Dec 17:28:00 GMT 2025: Set wallpaper to /home/solo/.config/hypr/wallpapers/SilverW11.jpg
Fri 12 Dec 17:30:00 GMT 2025: Set wallpaper to /home/solo/.config/hypr/wallpapers/astize_cc0_split1.png
Fri 12 Dec 17:32:00 GMT 2025: Set wallpaper to /home/solo/.config/hypr/wallpapers/hamilton_3079629.jpg
Fri 12 Dec 17:34:00 GMT 2025: Set wallpaper to /home/solo/.config/hypr/wallpapers/mercedes-w11.webp
Fri 12 Dec 17:36:00 GMT 2025: Set wallpaper to /home/solo/.config/hypr/wallpapers/2009-Mercedes-Benz-SL-65-AMG-Black-003-1080.jpg
Fri 12 Dec 17:38:00 GMT 2025: Set wallpaper to /home/solo/.config/hypr/wallpapers/w11_pfp.webp
Fri 12 Dec 17:40:00 GMT 2025: Set wallpaper to /home/solo/.config/hypr/wallpapers/w11_pfp.webp
Fri 12 Dec 17:42:00 GMT 2025: Set wallpaper to /home/solo/.config/hypr/wallpapers/hyprland_wallpaper.png
Fri 12 Dec 17:44:00 GMT 2025: Set wallpaper to /home/solo/.config/hypr/wallpapers/2014-Mercedes-Benz-SLS-AMG-Black-Series-009-1440.jpg
Fri 12 Dec 17:46:00 GMT 2025: Set wallpaper to /home/solo/.config/hypr/wallpapers/hyprland_wallpaper.png
Fri 12 Dec 17:48:00 GMT 2025: Set wallpaper to /home/solo/.config/hypr/wallpapers/hamilton_3079629.jpg
Fri 12 Dec 17:50:00 GMT 2025: Set wallpaper to /home/solo/.config/hypr/wallpapers/SoloLinux_Wallpaper_1.png
Fri 12 Dec 17:52:00 GMT 2025: Set wallpaper to /home/solo/.config/hypr/wallpapers/W11_with_DRS.jpg
Fri 12 Dec 17:54:00 GMT 2025: Set wallpaper to /home/solo/.config/hypr/wallpapers/simple.png
Fri 12 Dec 17:56:00 GMT 2025: Set wallpaper to /home/solo/.config/hypr/wallpapers/2019-Bugatti-Divo.jpg
Fri 12 Dec 17:58:00 GMT 2025: Set wallpaper to /home/solo/.config/hypr/wallpapers/2009-Mercedes-Benz-SL-65-AMG-Black-003-1080.jpg
Fri 12 Dec 18:00:00 GMT 2025: Set wallpaper to /home/solo/.config/hypr/wallpapers/mazda-mx5-miata-mazda-3351.jpg
Fri 12 Dec 18:02:00 GMT 2025: Set wallpaper to /home/solo/.config/hypr/wallpapers/SilverW11.jpg
Fri 12 Dec 18:04:00 GMT 2025: Set wallpaper to /home/solo/.config/hypr/wallpapers/W11_with_DRS.jpg
Fri 12 Dec 18:06:00 GMT 2025: Set wallpaper to /home/solo/.config/hypr/wallpapers/2008-Mazda-Furai-Concept_grey.png
Fri 12 Dec 18:08:00 GMT 2025: Set wallpaper to /home/solo/.config/hypr/wallpapers/mercedes_amg_f1_m11_eq_performance_4k-HD.jpg
Fri 12 Dec 18:10:00 GMT 2025: Set wallpaper to /home/solo/.config/hypr/wallpapers/SoloLinux_Blue_And_WHite_Text_Dark.png
Fri 12 Dec 18:12:00 GMT 2025: Set wallpaper to /home/solo/.config/hypr/wallpapers/2015-Porsche-918-Spyder-012-1440.jpg
Fri 12 Dec 18:14:00 GMT 2025: Set wallpaper to /home/solo/.config/hypr/wallpapers/mercedes_amg_f1_m11_eq_performance_4k-HD.jpg
Fri 12 Dec 18:16:00 GMT 2025: Set wallpaper to /home/solo/.config/hypr/wallpapers/2011-Mercedes-Benz-C63-AMG-Coupe-Black-001-1080.jpg
Fri 12 Dec 18:18:00 GMT 2025: Set wallpaper to /home/solo/.config/hypr/wallpapers/hamilton_3079629.jpg
Fri 12 Dec 18:20:00 GMT 2025: Set wallpaper to /home/solo/.config/hypr/wallpapers/SoloLinux_Blue_And_WHite_Text_Dark.png
Fri 12 Dec 18:22:00 GMT 2025: Set wallpaper to /home/solo/.config/hypr/wallpapers/SilverW11.jpg
Fri 12 Dec 18:24:00 GMT 2025: Set wallpaper to /home/solo/.config/hypr/wallpapers/thumb-1920-1345403.jpeg
Fri 12 Dec 18:26:00 GMT 2025: Set wallpaper to /home/solo/.config/hypr/wallpapers/thumb-1920-1345403.jpeg
Fri 12 Dec 18:28:01 GMT 2025: Set wallpaper to /home/solo/.config/hypr/wallpapers/SoloLinux_Wallpaper_1.png
Fri 12 Dec 18:30:01 GMT 2025: Set wallpaper to /home/solo/.config/hypr/wallpapers/2009-Mercedes-Benz-SL-65-AMG-Black-003-1080.jpg
Fri 12 Dec 18:32:01 GMT 2025: Set wallpaper to /home/solo/.config/hypr/wallpapers/linux-nitros-dark-ov.jpg
Fri 12 Dec 18:34:01 GMT 2025: Set wallpaper to /home/solo/.config/hypr/wallpapers/mercedes-w11.webp
Fri 12 Dec 18:36:01 GMT 2025: Set wallpaper to /home/solo/.config/hypr/wallpapers/W05.jpg
Fri 12 Dec 18:38:01 GMT 2025: Set wallpaper to /home/solo/.config/hypr/wallpapers/W05.jpg
Fri 12 Dec 18:40:01 GMT 2025: Set wallpaper to /home/solo/.config/hypr/wallpapers/1979-Canepa-BMW-M1-Procar_grey.png
Sat 13 Dec 06:20:15 GMT 2025: Set wallpaper to /home/solo/.config/hypr/wallpapers/w05.webp
Sat 13 Dec 06:22:15 GMT 2025: Set wallpaper to /home/solo/.config/hypr/wallpapers/hyprland_wallpaper.png
Sat 13 Dec 06:24:15 GMT 2025: Set wallpaper to /home/solo/.config/hypr/wallpapers/astize_cc0_split1.png
Sat 13 Dec 06:26:15 GMT 2025: Set wallpaper to /home/solo/.config/hypr/wallpapers/w11_wets.webp
Sat 13 Dec 06:28:15 GMT 2025: Set wallpaper to /home/solo/.config/hypr/wallpapers/2015-Porsche-918-Spyder-012-1440.jpg
Sat 13 Dec 06:30:15 GMT 2025: Set wallpaper to /home/solo/.config/hypr/wallpapers/2015-Porsche-918-Spyder-012-1440.jpg
Sat 13 Dec 06:32:15 GMT 2025: Set wallpaper to /home/solo/.config/hypr/wallpapers/linux-nitros-dark-ov.jpg
Sat 13 Dec 06:34:15 GMT 2025: Set wallpaper to /home/solo/.config/hypr/wallpapers/2009-Mercedes-Benz-SL-65-AMG-Black-003-1080.jpg
Sat 13 Dec 06:36:15 GMT 2025: Set wallpaper to /home/solo/.config/hypr/wallpapers/2008-Mazda-Furai-Concept_grey.png
Sat 13 Dec 06:38:15 GMT 2025: Set wallpaper to /home/solo/.config/hypr/wallpapers/2011-Mercedes-Benz-C63-AMG-Coupe-Black-001-1080.jpg
Sat 13 Dec 06:40:15 GMT 2025: Set wallpaper to /home/solo/.config/hypr/wallpapers/2011-Mercedes-Benz-C63-AMG-Coupe-Black-002-1080.jpg
Sat 13 Dec 06:42:15 GMT 2025: Set wallpaper to /home/solo/.config/hypr/wallpapers/mazda-mx5-miata-mazda-3351.jpg
Sat 13 Dec 06:44:15 GMT 2025: Set wallpaper to /home/solo/.config/hypr/wallpapers/SoloLinux_Blue_And_WHite_Text_Dark.png
Sat 13 Dec 06:46:15 GMT 2025: Set wallpaper to /home/solo/.config/hypr/wallpapers/1979-Canepa-BMW-M1-Procar_grey.png
Sat 13 Dec 06:48:15 GMT 2025: Set wallpaper to /home/solo/.config/hypr/wallpapers/2005-Ferrari-F430-007-1080.jpg
Sat 13 Dec 06:50:15 GMT 2025: Set wallpaper to /home/solo/.config/hypr/wallpapers/2015-Porsche-918-Spyder-012-1440.jpg
Sat 13 Dec 06:52:15 GMT 2025: Set wallpaper to /home/solo/.config/hypr/wallpapers/w11_pfp.webp
Sat 13 Dec 06:54:15 GMT 2025: Set wallpaper to /home/solo/.config/hypr/wallpapers/mercedes-w11.webp
Sat 13 Dec 06:56:15 GMT 2025: Set wallpaper to /home/solo/.config/hypr/wallpapers/SoloLinux_Wallpaper_Blue_White_Text.png
Sat 13 Dec 06:58:15 GMT 2025: Set wallpaper to /home/solo/.config/hypr/wallpapers/2005-Ferrari-F430-007-1080.jpg
Sat 13 Dec 07:00:15 GMT 2025: Set wallpaper to /home/solo/.config/hypr/wallpapers/2014-Mercedes-Benz-SLS-AMG-Black-Series-009-1440.jpg
Sat 13 Dec 07:02:15 GMT 2025: Set wallpaper to /home/solo/.config/hypr/wallpapers/2011-Mercedes-Benz-C63-AMG-Coupe-Black-001-1080.jpg
Sat 13 Dec 07:04:15 GMT 2025: Set wallpaper to /home/solo/.config/hypr/wallpapers/hyprland_wallpaper.png
Sat 13 Dec 07:06:15 GMT 2025: Set wallpaper to /home/solo/.config/hypr/wallpapers/w11_wets.webp
Sat 13 Dec 07:08:15 GMT 2025: Set wallpaper to /home/solo/.config/hypr/wallpapers/1979-Canepa-BMW-M1-Procar_grey.png
Sat 13 Dec 07:10:15 GMT 2025: Set wallpaper to /home/solo/.config/hypr/wallpapers/2014-Mercedes-Benz-SLS-AMG-Black-Series-009-1440.jpg
Sat 13 Dec 07:12:15 GMT 2025: Set wallpaper to /home/solo/.config/hypr/wallpapers/W05.jpg
Sat 13 Dec 07:14:15 GMT 2025: Set wallpaper to /home/solo/.config/hypr/wallpapers/mazda-mx5-miata-mazda-3351.jpg
Sat 13 Dec 07:16:15 GMT 2025: Set wallpaper to /home/solo/.config/hypr/wallpapers/mercedes-w11.webp
Sat 13 Dec 07:18:15 GMT 2025: Set wallpaper to /home/solo/.config/hypr/wallpapers/hyprland_wallpaper.png
Sat 13 Dec 07:20:15 GMT 2025: Set wallpaper to /home/solo/.config/hypr/wallpapers/mazda-mx5-miata-mazda-3351.jpg
Sat 13 Dec 07:22:15 GMT 2025: Set wallpaper to /home/solo/.config/hypr/wallpapers/W05.jpg
Sat 13 Dec 07:24:15 GMT 2025: Set wallpaper to /home/solo/.config/hypr/wallpapers/2019-Bugatti-Divo.jpg
Sat 13 Dec 07:26:15 GMT 2025: Set wallpaper to /home/solo/.config/hypr/wallpapers/2011-Mercedes-Benz-C63-AMG-Coupe-Black-001-1080.jpg
Sat 13 Dec 07:28:15 GMT 2025: Set wallpaper to /home/solo/.config/hypr/wallpapers/2008-Mazda-Furai-Concept_grey.png
Sat 13 Dec 07:30:15 GMT 2025: Set wallpaper to /home/solo/.config/hypr/wallpapers/2019-Bugatti-Divo.jpg
Sat 13 Dec 07:32:15 GMT 2025: Set wallpaper to /home/solo/.config/hypr/wallpapers/hamilton_3079629.jpg
Sat 13 Dec 07:34:15 GMT 2025: Set wallpaper to /home/solo/.config/hypr/wallpapers/hyprland_wallpaper.png
Sat 13 Dec 11:13:46 GMT 2025: Set wallpaper to /home/solo/.config/hypr/wallpapers/2011-Mercedes-Benz-C63-AMG-Coupe-Black-002-1080.jpg
Sat 13 Dec 11:15:46 GMT 2025: Set wallpaper to /home/solo/.config/hypr/wallpapers/linux-nitros-dark-ov.jpg
Sat 13 Dec 11:17:46 GMT 2025: Set wallpaper to /home/solo/.config/hypr/wallpapers/SoloLinux_Blue_And_WHite_Text_Dark.png
Sat 13 Dec 11:19:46 GMT 2025: Set wallpaper to /home/solo/.config/hypr/wallpapers/hyprland_wallpaper.png
Sat 13 Dec 11:21:46 GMT 2025: Set wallpaper to /home/solo/.config/hypr/wallpapers/SilverW11.jpg
Sat 13 Dec 11:23:46 GMT 2025: Set wallpaper to /home/solo/.config/hypr/wallpapers/astize_cc0_split1.png
Sat 13 Dec 11:25:46 GMT 2025: Set wallpaper to /home/solo/.config/hypr/wallpapers/SoloLinux4.png
Sat 13 Dec 11:27:46 GMT 2025: Set wallpaper to /home/solo/.config/hypr/wallpapers/1968-Lamborghini-Miura-Jota-SVR-001-1080.jpg
Sat 13 Dec 11:29:46 GMT 2025: Set wallpaper to /home/solo/.config/hypr/wallpapers/w11_pfp.webp
Sat 13 Dec 11:31:46 GMT 2025: Set wallpaper to /home/solo/.config/hypr/wallpapers/2011-Mercedes-Benz-C63-AMG-Coupe-Black-001-1080.jpg
Sat 13 Dec 11:33:46 GMT 2025: Set wallpaper to /home/solo/.config/hypr/wallpapers/mazda-mx5-miata-mazda-3351.jpg
Sat 13 Dec 11:35:46 GMT 2025: Set wallpaper to /home/solo/.config/hypr/wallpapers/1968-Lamborghini-Miura-Jota-SVR-001-1080.jpg
Sat 13 Dec 11:37:46 GMT 2025: Set wallpaper to /home/solo/.config/hypr/wallpapers/2011-Mercedes-Benz-C63-AMG-Coupe-Black-002-1080.jpg
Sat 13 Dec 11:39:46 GMT 2025: Set wallpaper to /home/solo/.config/hypr/wallpapers/2011-Mercedes-Benz-C63-AMG-Coupe-Black-001-1080.jpg
Sat 13 Dec 11:41:46 GMT 2025: Set wallpaper to /home/solo/.config/hypr/wallpapers/2011-Mercedes-Benz-C63-AMG-Coupe-Black-002-1080.jpg
Sat 13 Dec 11:43:46 GMT 2025: Set wallpaper to /home/solo/.config/hypr/wallpapers/2008-Mazda-Furai-Concept_grey.png
Sat 13 Dec 11:45:46 GMT 2025: Set wallpaper to /home/solo/.config/hypr/wallpapers/2008-Mazda-Furai-Concept-004-1440.jpg
Sat 13 Dec 11:47:46 GMT 2025: Set wallpaper to /home/solo/.config/hypr/wallpapers/SoloLinux_Wallpaper_1.png
Sat 13 Dec 11:49:46 GMT 2025: Set wallpaper to /home/solo/.config/hypr/wallpapers/thumb-1920-1345403.jpeg
Sat 13 Dec 11:51:46 GMT 2025: Set wallpaper to /home/solo/.config/hypr/wallpapers/astize_cc0_split1.png
Sat 13 Dec 11:53:46 GMT 2025: Set wallpaper to /home/solo/.config/hypr/wallpapers/mercedes_amg_f1_m11_eq_performance_4k-HD.jpg
Sat 13 Dec 11:55:46 GMT 2025: Set wallpaper to /home/solo/.config/hypr/wallpapers/2011-Mercedes-Benz-C63-AMG-Coupe-Black-002-1080.jpg
Sat 13 Dec 11:57:46 GMT 2025: Set wallpaper to /home/solo/.config/hypr/wallpapers/hamilton_3079629.jpg
Sat 13 Dec 11:59:46 GMT 2025: Set wallpaper to /home/solo/.config/hypr/wallpapers/thumb-1920-1345403.jpeg
Sun 14 Dec 16:02:40 GMT 2025: Set wallpaper to /home/solo/.config/hypr/wallpapers/2009-Mercedes-Benz-SL-65-AMG-Black-003-1080.jpg
Sun 14 Dec 16:04:40 GMT 2025: Set wallpaper to /home/solo/.config/hypr/wallpapers/2011-Mercedes-Benz-C63-AMG-Coupe-Black-002-1080.jpg
Sun 14 Dec 16:06:40 GMT 2025: Set wallpaper to /home/solo/.config/hypr/wallpapers/SoloLinux_Wallpaper_Blue_White_Text.png
Sun 14 Dec 16:08:40 GMT 2025: Set wallpaper to /home/solo/.config/hypr/wallpapers/W05.jpg
Sun 14 Dec 16:10:40 GMT 2025: Set wallpaper to /home/solo/.config/hypr/wallpapers/W11_with_DRS.jpg
Sun 14 Dec 16:12:40 GMT 2025: Set wallpaper to /home/solo/.config/hypr/wallpapers/mercedes_amg_f1_m11_eq_performance_4k-HD.jpg
Sun 14 Dec 16:14:40 GMT 2025: Set wallpaper to /home/solo/.config/hypr/wallpapers/astize_cc0_split1.png
Sun 14 Dec 16:16:40 GMT 2025: Set wallpaper to /home/solo/.config/hypr/wallpapers/2008-Mazda-Furai-Concept-004-1440.jpg
Sun 14 Dec 16:18:40 GMT 2025: Set wallpaper to /home/solo/.config/hypr/wallpapers/thumb-1920-1345403.jpeg
Sun 14 Dec 16:20:40 GMT 2025: Set wallpaper to /home/solo/.config/hypr/wallpapers/w11_pfp.webp
Sun 14 Dec 16:22:40 GMT 2025: Set wallpaper to /home/solo/.config/hypr/wallpapers/2008-Mazda-Furai-Concept-004-1440.jpg
Sun 14 Dec 16:24:40 GMT 2025: Set wallpaper to /home/solo/.config/hypr/wallpapers/2008-Mazda-Furai-Concept_grey.png
Sun 14 Dec 16:26:41 GMT 2025: Set wallpaper to /home/solo/.config/hypr/wallpapers/SoloLinux4.png
Sun 14 Dec 16:28:41 GMT 2025: Set wallpaper to /home/solo/.config/hypr/wallpapers/w11_pfp.webp
Sun 14 Dec 16:30:41 GMT 2025: Set wallpaper to /home/solo/.config/hypr/wallpapers/w05.webp
Sun 14 Dec 16:32:41 GMT 2025: Set wallpaper to /home/solo/.config/hypr/wallpapers/linux-nitros-dark-ov.jpg
Sun 14 Dec 16:34:41 GMT 2025: Set wallpaper to /home/solo/.config/hypr/wallpapers/2011-Mercedes-Benz-C63-AMG-Coupe-Black-001-1080.jpg
Sun 14 Dec 16:36:41 GMT 2025: Set wallpaper to /home/solo/.config/hypr/wallpapers/2005-Ferrari-F430-007-1080.jpg
Sun 14 Dec 16:38:41 GMT 2025: Set wallpaper to /home/solo/.config/hypr/wallpapers/SoloLinux4.png
Sun 14 Dec 16:40:41 GMT 2025: Set wallpaper to /home/solo/.config/hypr/wallpapers/w11_pfp.webp
Sun 14 Dec 16:42:41 GMT 2025: Set wallpaper to /home/solo/.config/hypr/wallpapers/2008-Mazda-Furai-Concept_grey.png
Sun 14 Dec 16:44:41 GMT 2025: Set wallpaper to /home/solo/.config/hypr/wallpapers/w11_wets.webp
Sun 14 Dec 16:46:41 GMT 2025: Set wallpaper to /home/solo/.config/hypr/wallpapers/2011-Mercedes-Benz-C63-AMG-Coupe-Black-002-1080.jpg
Sun 14 Dec 16:48:41 GMT 2025: Set wallpaper to /home/solo/.config/hypr/wallpapers/2011-Mercedes-Benz-C63-AMG-Coupe-Black-001-1080.jpg
Sun 14 Dec 16:50:41 GMT 2025: Set wallpaper to /home/solo/.config/hypr/wallpapers/SoloLinux4.png
Sun 14 Dec 16:52:41 GMT 2025: Set wallpaper to /home/solo/.config/hypr/wallpapers/2015-Porsche-918-Spyder-012-1440.jpg
Sun 14 Dec 16:54:41 GMT 2025: Set wallpaper to /home/solo/.config/hypr/wallpapers/astize_cc0_split1.png
Sun 14 Dec 16:56:41 GMT 2025: Set wallpaper to /home/solo/.config/hypr/wallpapers/w11_wets.webp
Sun 14 Dec 16:58:41 GMT 2025: Set wallpaper to /home/solo/.config/hypr/wallpapers/1968-Lamborghini-Miura-Jota-SVR-001-1080.jpg
Sun 14 Dec 17:00:41 GMT 2025: Set wallpaper to /home/solo/.config/hypr/wallpapers/2011-Mercedes-Benz-C63-AMG-Coupe-Black-002-1080.jpg
Sun 14 Dec 17:02:41 GMT 2025: Set wallpaper to /home/solo/.config/hypr/wallpapers/SoloLinux_Blue_And_WHite_Text_Dark.png
Sun 14 Dec 17:04:41 GMT 2025: Set wallpaper to /home/solo/.config/hypr/wallpapers/w05.webp
Sun 14 Dec 17:06:41 GMT 2025: Set wallpaper to /home/solo/.config/hypr/wallpapers/mazda-mx5-miata-mazda-3351.jpg
Sun 14 Dec 17:08:41 GMT 2025: Set wallpaper to /home/solo/.config/hypr/wallpapers/SoloLinux4.png
Sun 14 Dec 17:10:41 GMT 2025: Set wallpaper to /home/solo/.config/hypr/wallpapers/w05.webp
Sun 14 Dec 17:12:41 GMT 2025: Set wallpaper to /home/solo/.config/hypr/wallpapers/SoloLinux4.png
Sun 14 Dec 17:14:41 GMT 2025: Set wallpaper to /home/solo/.config/hypr/wallpapers/2005-Ferrari-F430-007-1080.jpg
Sun 14 Dec 17:16:41 GMT 2025: Set wallpaper to /home/solo/.config/hypr/wallpapers/SoloLinux_Wallpaper_1.png
Sun 14 Dec 19:29:02 GMT 2025: Set wallpaper to /home/solo/.config/hypr/wallpapers/astize_cc0_split1.png
Sun 14 Dec 19:31:02 GMT 2025: Set wallpaper to /home/solo/.config/hypr/wallpapers/SoloLinux_Wallpaper_Blue_White_Text.png
Sun 14 Dec 19:33:03 GMT 2025: Set wallpaper to /home/solo/.config/hypr/wallpapers/2008-Mazda-Furai-Concept_grey.png
Sun 14 Dec 19:35:03 GMT 2025: Set wallpaper to /home/solo/.config/hypr/wallpapers/W11_with_DRS.jpg
Sun 14 Dec 19:37:03 GMT 2025: Set wallpaper to /home/solo/.config/hypr/wallpapers/2014-Mercedes-Benz-SLS-AMG-Black-Series-009-1440.jpg
Sun 14 Dec 19:39:03 GMT 2025: Set wallpaper to /home/solo/.config/hypr/wallpapers/2019-Bugatti-Divo.jpg
Sun 14 Dec 19:41:03 GMT 2025: Set wallpaper to /home/solo/.config/hypr/wallpapers/2009-Mercedes-Benz-SL-65-AMG-Black-003-1080.jpg
Sun 14 Dec 19:43:03 GMT 2025: Set wallpaper to /home/solo/.config/hypr/wallpapers/mercedes-w11.webp
Sun 14 Dec 19:45:03 GMT 2025: Set wallpaper to /home/solo/.config/hypr/wallpapers/2005-Ferrari-F430-007-1080.jpg
Sun 14 Dec 19:47:03 GMT 2025: Set wallpaper to /home/solo/.config/hypr/wallpapers/1979-Canepa-BMW-M1-Procar_grey.png
Sun 14 Dec 19:49:03 GMT 2025: Set wallpaper to /home/solo/.config/hypr/wallpapers/w11_pfp.webp
Sun 14 Dec 19:51:03 GMT 2025: Set wallpaper to /home/solo/.config/hypr/wallpapers/2005-Ferrari-F430-007-1080.jpg
Sun 14 Dec 19:53:03 GMT 2025: Set wallpaper to /home/solo/.config/hypr/wallpapers/hyprland_wallpaper.png
Sun 14 Dec 19:55:03 GMT 2025: Set wallpaper to /home/solo/.config/hypr/wallpapers/SoloLinux_Wallpaper_Blue_White_Text.png
Sun 14 Dec 19:57:03 GMT 2025: Set wallpaper to /home/solo/.config/hypr/wallpapers/2015-Porsche-918-Spyder-012-1440.jpg
Sun 14 Dec 19:59:03 GMT 2025: Set wallpaper to /home/solo/.config/hypr/wallpapers/simple.png
Sun 14 Dec 20:01:03 GMT 2025: Set wallpaper to /home/solo/.config/hypr/wallpapers/hamilton_3079629.jpg
Sun 14 Dec 20:03:03 GMT 2025: Set wallpaper to /home/solo/.config/hypr/wallpapers/SoloLinux4.png
Sun 14 Dec 20:05:03 GMT 2025: Set wallpaper to /home/solo/.config/hypr/wallpapers/SoloLinux_Blue_And_WHite_Text_Dark.png
Sun 14 Dec 20:07:03 GMT 2025: Set wallpaper to /home/solo/.config/hypr/wallpapers/mercedes-w11.webp
Sun 14 Dec 20:09:03 GMT 2025: Set wallpaper to /home/solo/.config/hypr/wallpapers/2008-Mazda-Furai-Concept_grey.png
Sun 14 Dec 20:11:03 GMT 2025: Set wallpaper to /home/solo/.config/hypr/wallpapers/SoloLinux_Wallpaper_1.png
Sun 14 Dec 20:13:03 GMT 2025: Set wallpaper to /home/solo/.config/hypr/wallpapers/2008-Mazda-Furai-Concept-004-1440.jpg
Sun 14 Dec 20:15:27 GMT 2025: Set wallpaper to /home/solo/.config/hypr/wallpapers/mazda-mx5-miata-mazda-3351.jpg
Sun 14 Dec 20:17:27 GMT 2025: Set wallpaper to /home/solo/.config/hypr/wallpapers/2011-Mercedes-Benz-C63-AMG-Coupe-Black-002-1080.jpg
Sun 14 Dec 20:19:27 GMT 2025: Set wallpaper to /home/solo/.config/hypr/wallpapers/2011-Mercedes-Benz-C63-AMG-Coupe-Black-002-1080.jpg
Sun 14 Dec 20:21:27 GMT 2025: Set wallpaper to /home/solo/.config/hypr/wallpapers/SoloLinux4.png
Sun 14 Dec 20:23:27 GMT 2025: Set wallpaper to /home/solo/.config/hypr/wallpapers/w05.webp
Sun 14 Dec 20:29:31 GMT 2025: Set wallpaper to /home/solo/.config/hypr/wallpapers/1968-Lamborghini-Miura-Jota-SVR-001-1080.jpg
Sun 14 Dec 20:31:31 GMT 2025: Set wallpaper to /home/solo/.config/hypr/wallpapers/SoloLinux_Wallpaper_Blue_White_Text.png
Sun 14 Dec 20:33:31 GMT 2025: Set wallpaper to /home/solo/.config/hypr/wallpapers/simple.png
Sun 14 Dec 20:35:31 GMT 2025: Set wallpaper to /home/solo/.config/hypr/wallpapers/SilverW11.jpg
Sun 14 Dec 20:37:31 GMT 2025: Set wallpaper to /home/solo/.config/hypr/wallpapers/2015-Porsche-918-Spyder-012-1440.jpg
Sun 14 Dec 20:39:31 GMT 2025: Set wallpaper to /home/solo/.config/hypr/wallpapers/W11_with_DRS.jpg
Tue 16 Dec 18:23:29 GMT 2025: Set wallpaper to /home/solo/.config/hypr/wallpapers/SilverW11.jpg
Tue 16 Dec 18:25:29 GMT 2025: Set wallpaper to /home/solo/.config/hypr/wallpapers/SilverW11.jpg
Tue 16 Dec 18:27:29 GMT 2025: Set wallpaper to /home/solo/.config/hypr/wallpapers/simple.png
Tue 16 Dec 18:29:29 GMT 2025: Set wallpaper to /home/solo/.config/hypr/wallpapers/W05.jpg
Tue 16 Dec 18:31:29 GMT 2025: Set wallpaper to /home/solo/.config/hypr/wallpapers/linux-nitros-dark-ov.jpg
Tue 16 Dec 18:33:29 GMT 2025: Set wallpaper to /home/solo/.config/hypr/wallpapers/W11_with_DRS.jpg
Tue 16 Dec 18:35:30 GMT 2025: Set wallpaper to /home/solo/.config/hypr/wallpapers/2008-Mazda-Furai-Concept_grey.png
Tue 16 Dec 18:37:30 GMT 2025: Set wallpaper to /home/solo/.config/hypr/wallpapers/2011-Mercedes-Benz-C63-AMG-Coupe-Black-001-1080.jpg
Tue 16 Dec 18:39:30 GMT 2025: Set wallpaper to /home/solo/.config/hypr/wallpapers/w11_wets.webp
Tue 16 Dec 18:41:30 GMT 2025: Set wallpaper to /home/solo/.config/hypr/wallpapers/mercedes_amg_f1_m11_eq_performance_4k-HD.jpg
Tue 16 Dec 18:43:30 GMT 2025: Set wallpaper to /home/solo/.config/hypr/wallpapers/SoloLinux_Wallpaper_Blue_White_Text.png
Tue 16 Dec 18:45:30 GMT 2025: Set wallpaper to /home/solo/.config/hypr/wallpapers/hyprland_wallpaper.png
Tue 16 Dec 18:47:30 GMT 2025: Set wallpaper to /home/solo/.config/hypr/wallpapers/2009-Mercedes-Benz-SL-65-AMG-Black-003-1080.jpg
Tue 16 Dec 18:49:30 GMT 2025: Set wallpaper to /home/solo/.config/hypr/wallpapers/2008-Mazda-Furai-Concept_grey.png
Tue 16 Dec 18:51:30 GMT 2025: Set wallpaper to /home/solo/.config/hypr/wallpapers/linux-nitros-dark-ov.jpg
Tue 16 Dec 18:53:30 GMT 2025: Set wallpaper to /home/solo/.config/hypr/wallpapers/SoloLinux4.png
Tue 16 Dec 18:55:30 GMT 2025: Set wallpaper to /home/solo/.config/hypr/wallpapers/W05.jpg
Tue 16 Dec 18:57:30 GMT 2025: Set wallpaper to /home/solo/.config/hypr/wallpapers/1968-Lamborghini-Miura-Jota-SVR-001-1080.jpg
Tue 16 Dec 18:59:30 GMT 2025: Set wallpaper to /home/solo/.config/hypr/wallpapers/SilverW11.jpg
Tue 16 Dec 19:01:30 GMT 2025: Set wallpaper to /home/solo/.config/hypr/wallpapers/w11_wets.webp
Tue 16 Dec 19:03:30 GMT 2025: Set wallpaper to /home/solo/.config/hypr/wallpapers/W05.jpg
Tue 16 Dec 19:05:30 GMT 2025: Set wallpaper to /home/solo/.config/hypr/wallpapers/2019-Bugatti-Divo.jpg
Tue 16 Dec 19:07:30 GMT 2025: Set wallpaper to /home/solo/.config/hypr/wallpapers/SoloLinux_Blue_And_WHite_Text_Dark.png
Tue 16 Dec 19:09:30 GMT 2025: Set wallpaper to /home/solo/.config/hypr/wallpapers/2005-Ferrari-F430-007-1080.jpg
Tue 16 Dec 19:11:30 GMT 2025: Set wallpaper to /home/solo/.config/hypr/wallpapers/simple.png
Tue 16 Dec 19:13:30 GMT 2025: Set wallpaper to /home/solo/.config/hypr/wallpapers/SoloLinux_Wallpaper_Blue_White_Text.png
Tue 16 Dec 19:15:30 GMT 2025: Set wallpaper to /home/solo/.config/hypr/wallpapers/simple.png
Tue 16 Dec 19:17:31 GMT 2025: Set wallpaper to /home/solo/.config/hypr/wallpapers/thumb-1920-1345403.jpeg
Tue 16 Dec 19:19:31 GMT 2025: Set wallpaper to /home/solo/.config/hypr/wallpapers/w11_wets.webp
Tue 16 Dec 19:21:31 GMT 2025: Set wallpaper to /home/solo/.config/hypr/wallpapers/w11_wets.webp
Tue 16 Dec 19:23:31 GMT 2025: Set wallpaper to /home/solo/.config/hypr/wallpapers/2015-Porsche-918-Spyder-012-1440.jpg
Tue 16 Dec 19:25:31 GMT 2025: Set wallpaper to /home/solo/.config/hypr/wallpapers/W05.jpg
Tue 16 Dec 19:27:31 GMT 2025: Set wallpaper to /home/solo/.config/hypr/wallpapers/2019-Bugatti-Divo.jpg
Tue 16 Dec 19:29:31 GMT 2025: Set wallpaper to /home/solo/.config/hypr/wallpapers/mercedes-w11.webp
Tue 16 Dec 19:31:31 GMT 2025: Set wallpaper to /home/solo/.config/hypr/wallpapers/2008-Mazda-Furai-Concept-004-1440.jpg
Tue 16 Dec 19:33:31 GMT 2025: Set wallpaper to /home/solo/.config/hypr/wallpapers/hamilton_3079629.jpg
Tue 16 Dec 19:35:31 GMT 2025: Set wallpaper to /home/solo/.config/hypr/wallpapers/mercedes_amg_f1_m11_eq_performance_4k-HD.jpg
Tue 16 Dec 19:44:35 GMT 2025: Set wallpaper to /home/solo/.config/hypr/wallpapers/2005-Ferrari-F430-007-1080.jpg
Tue 16 Dec 19:46:35 GMT 2025: Set wallpaper to /home/solo/.config/hypr/wallpapers/mercedes-w11.webp
Tue 16 Dec 19:48:35 GMT 2025: Set wallpaper to /home/solo/.config/hypr/wallpapers/w05.webp
Tue 16 Dec 19:50:35 GMT 2025: Set wallpaper to /home/solo/.config/hypr/wallpapers/2008-Mazda-Furai-Concept_grey.png
Tue 16 Dec 19:52:35 GMT 2025: Set wallpaper to /home/solo/.config/hypr/wallpapers/SilverW11.jpg
Tue 16 Dec 19:54:35 GMT 2025: Set wallpaper to /home/solo/.config/hypr/wallpapers/w11_pfp.webp
Tue 16 Dec 19:56:35 GMT 2025: Set wallpaper to /home/solo/.config/hypr/wallpapers/w11_pfp.webp
Tue 16 Dec 19:58:35 GMT 2025: Set wallpaper to /home/solo/.config/hypr/wallpapers/thumb-1920-1345403.jpeg
Tue 16 Dec 20:00:35 GMT 2025: Set wallpaper to /home/solo/.config/hypr/wallpapers/mazda-mx5-miata-mazda-3351.jpg
Tue 16 Dec 20:02:35 GMT 2025: Set wallpaper to /home/solo/.config/hypr/wallpapers/mazda-mx5-miata-mazda-3351.jpg
Tue 16 Dec 20:04:35 GMT 2025: Set wallpaper to /home/solo/.config/hypr/wallpapers/2015-Porsche-918-Spyder-012-1440.jpg
Tue 16 Dec 20:06:35 GMT 2025: Set wallpaper to /home/solo/.config/hypr/wallpapers/linux-nitros-dark-ov.jpg
Tue 16 Dec 20:08:35 GMT 2025: Set wallpaper to /home/solo/.config/hypr/wallpapers/2005-Ferrari-F430-007-1080.jpg
Tue 16 Dec 20:10:35 GMT 2025: Set wallpaper to /home/solo/.config/hypr/wallpapers/2015-Porsche-918-Spyder-012-1440.jpg
Tue 16 Dec 20:12:35 GMT 2025: Set wallpaper to /home/solo/.config/hypr/wallpapers/2019-Bugatti-Divo.jpg
Tue 16 Dec 20:14:35 GMT 2025: Set wallpaper to /home/solo/.config/hypr/wallpapers/2009-Mercedes-Benz-SL-65-AMG-Black-003-1080.jpg
Tue 16 Dec 20:16:35 GMT 2025: Set wallpaper to /home/solo/.config/hypr/wallpapers/2019-Bugatti-Divo.jpg
Tue 16 Dec 20:18:36 GMT 2025: Set wallpaper to /home/solo/.config/hypr/wallpapers/astize_cc0_split1.png
Tue 16 Dec 20:20:36 GMT 2025: Set wallpaper to /home/solo/.config/hypr/wallpapers/2019-Bugatti-Divo.jpg
Tue 16 Dec 20:22:36 GMT 2025: Set wallpaper to /home/solo/.config/hypr/wallpapers/mercedes-w11.webp
Tue 16 Dec 20:24:36 GMT 2025: Set wallpaper to /home/solo/.config/hypr/wallpapers/mazda-mx5-miata-mazda-3351.jpg
Tue 16 Dec 20:26:36 GMT 2025: Set wallpaper to /home/solo/.config/hypr/wallpapers/astize_cc0_split1.png
Tue 16 Dec 20:28:36 GMT 2025: Set wallpaper to /home/solo/.config/hypr/wallpapers/mercedes_amg_f1_m11_eq_performance_4k-HD.jpg
Tue 16 Dec 20:30:36 GMT 2025: Set wallpaper to /home/solo/.config/hypr/wallpapers/W05.jpg
Tue 16 Dec 20:32:36 GMT 2025: Set wallpaper to /home/solo/.config/hypr/wallpapers/2014-Mercedes-Benz-SLS-AMG-Black-Series-009-1440.jpg
Tue 16 Dec 20:34:36 GMT 2025: Set wallpaper to /home/solo/.config/hypr/wallpapers/W11_with_DRS.jpg
Tue 16 Dec 20:36:36 GMT 2025: Set wallpaper to /home/solo/.config/hypr/wallpapers/SoloLinux_Blue_And_WHite_Text_Dark.png
Tue 16 Dec 20:38:36 GMT 2025: Set wallpaper to /home/solo/.config/hypr/wallpapers/1968-Lamborghini-Miura-Jota-SVR-001-1080.jpg
Tue 16 Dec 20:40:36 GMT 2025: Set wallpaper to /home/solo/.config/hypr/wallpapers/w05.webp
Thu 18 Dec 19:35:34 GMT 2025: Set wallpaper to /home/solo/.config/hypr/wallpapers/2008-Mazda-Furai-Concept-004-1440.jpg
Thu 18 Dec 19:37:34 GMT 2025: Set wallpaper to /home/solo/.config/hypr/wallpapers/2015-Porsche-918-Spyder-012-1440.jpg
Thu 18 Dec 19:39:34 GMT 2025: Set wallpaper to /home/solo/.config/hypr/wallpapers/SilverW11.jpg
Thu 18 Dec 19:41:34 GMT 2025: Set wallpaper to /home/solo/.config/hypr/wallpapers/mercedes-w11.webp
Thu 18 Dec 19:43:34 GMT 2025: Set wallpaper to /home/solo/.config/hypr/wallpapers/SoloLinux_Wallpaper_Blue_White_Text.png
Thu 18 Dec 19:45:34 GMT 2025: Set wallpaper to /home/solo/.config/hypr/wallpapers/W11_with_DRS.jpg
Thu 18 Dec 19:47:34 GMT 2025: Set wallpaper to /home/solo/.config/hypr/wallpapers/hyprland_wallpaper.png
Thu 18 Dec 19:49:34 GMT 2025: Set wallpaper to /home/solo/.config/hypr/wallpapers/w11_wets.webp
Thu 18 Dec 19:51:34 GMT 2025: Set wallpaper to /home/solo/.config/hypr/wallpapers/2015-Porsche-918-Spyder-012-1440.jpg
Thu 18 Dec 19:53:34 GMT 2025: Set wallpaper to /home/solo/.config/hypr/wallpapers/2008-Mazda-Furai-Concept-004-1440.jpg
Thu 18 Dec 19:55:34 GMT 2025: Set wallpaper to /home/solo/.config/hypr/wallpapers/linux-nitros-dark-ov.jpg
Thu 18 Dec 19:57:34 GMT 2025: Set wallpaper to /home/solo/.config/hypr/wallpapers/w05.webp
Thu 18 Dec 19:59:34 GMT 2025: Set wallpaper to /home/solo/.config/hypr/wallpapers/mercedes_amg_f1_m11_eq_performance_4k-HD.jpg
Thu 18 Dec 20:01:34 GMT 2025: Set wallpaper to /home/solo/.config/hypr/wallpapers/W11_with_DRS.jpg
Thu 18 Dec 20:03:34 GMT 2025: Set wallpaper to /home/solo/.config/hypr/wallpapers/mercedes-w11.webp
Thu 18 Dec 20:05:34 GMT 2025: Set wallpaper to /home/solo/.config/hypr/wallpapers/mercedes_amg_f1_m11_eq_performance_4k-HD.jpg
Thu 18 Dec 20:07:34 GMT 2025: Set wallpaper to /home/solo/.config/hypr/wallpapers/mercedes-w11.webp
Thu 18 Dec 20:09:34 GMT 2025: Set wallpaper to /home/solo/.config/hypr/wallpapers/SoloLinux_Blue_And_WHite_Text_Dark.png
Sat 20 Dec 09:59:09 GMT 2025: Set wallpaper to /home/solo/.config/hypr/wallpapers/2014-Mercedes-Benz-SLS-AMG-Black-Series-009-1440.jpg
Sat 20 Dec 10:01:09 GMT 2025: Set wallpaper to /home/solo/.config/hypr/wallpapers/W05.jpg
Sat 20 Dec 10:03:09 GMT 2025: Set wallpaper to /home/solo/.config/hypr/wallpapers/w11_pfp.webp
Sat 20 Dec 10:05:10 GMT 2025: Set wallpaper to /home/solo/.config/hypr/wallpapers/SoloLinux4.png
Sat 20 Dec 10:07:10 GMT 2025: Set wallpaper to /home/solo/.config/hypr/wallpapers/mazda-mx5-miata-mazda-3351.jpg
Sat 20 Dec 10:09:10 GMT 2025: Set wallpaper to /home/solo/.config/hypr/wallpapers/mazda-mx5-miata-mazda-3351.jpg
Sat 20 Dec 10:11:10 GMT 2025: Set wallpaper to /home/solo/.config/hypr/wallpapers/SoloLinux4.png
Sat 20 Dec 10:13:10 GMT 2025: Set wallpaper to /home/solo/.config/hypr/wallpapers/1968-Lamborghini-Miura-Jota-SVR-001-1080.jpg
Sat 20 Dec 10:15:10 GMT 2025: Set wallpaper to /home/solo/.config/hypr/wallpapers/hamilton_3079629.jpg
Sat 20 Dec 10:17:10 GMT 2025: Set wallpaper to /home/solo/.config/hypr/wallpapers/linux-nitros-dark-ov.jpg
Sat 20 Dec 10:19:10 GMT 2025: Set wallpaper to /home/solo/.config/hypr/wallpapers/w05.webp
Sat 20 Dec 10:21:10 GMT 2025: Set wallpaper to /home/solo/.config/hypr/wallpapers/2008-Mazda-Furai-Concept_grey.png
Sat 20 Dec 10:23:10 GMT 2025: Set wallpaper to /home/solo/.config/hypr/wallpapers/SoloLinux_Wallpaper_1.png
Sat 20 Dec 10:25:10 GMT 2025: Set wallpaper to /home/solo/.config/hypr/wallpapers/W05.jpg
Sat 20 Dec 10:27:10 GMT 2025: Set wallpaper to /home/solo/.config/hypr/wallpapers/SoloLinux4.png
Sat 20 Dec 10:29:10 GMT 2025: Set wallpaper to /home/solo/.config/hypr/wallpapers/w11_wets.webp
Sat 20 Dec 10:31:10 GMT 2025: Set wallpaper to /home/solo/.config/hypr/wallpapers/mercedes_amg_f1_m11_eq_performance_4k-HD.jpg
Sat 20 Dec 10:33:10 GMT 2025: Set wallpaper to /home/solo/.config/hypr/wallpapers/hamilton_3079629.jpg
Sat 20 Dec 10:35:10 GMT 2025: Set wallpaper to /home/solo/.config/hypr/wallpapers/SoloLinux4.png
Sat 20 Dec 10:37:10 GMT 2025: Set wallpaper to /home/solo/.config/hypr/wallpapers/2005-Ferrari-F430-007-1080.jpg
Sat 20 Dec 10:39:10 GMT 2025: Set wallpaper to /home/solo/.config/hypr/wallpapers/w11_wets.webp
Sat 20 Dec 10:41:10 GMT 2025: Set wallpaper to /home/solo/.config/hypr/wallpapers/1968-Lamborghini-Miura-Jota-SVR-001-1080.jpg
Sat 20 Dec 10:43:10 GMT 2025: Set wallpaper to /home/solo/.config/hypr/wallpapers/linux-nitros-dark-ov.jpg
Sat 20 Dec 10:45:10 GMT 2025: Set wallpaper to /home/solo/.config/hypr/wallpapers/simple.png
Sat 20 Dec 10:47:10 GMT 2025: Set wallpaper to /home/solo/.config/hypr/wallpapers/simple.png
Sat 20 Dec 10:49:10 GMT 2025: Set wallpaper to /home/solo/.config/hypr/wallpapers/mercedes-w11.webp
Sat 20 Dec 10:51:10 GMT 2025: Set wallpaper to /home/solo/.config/hypr/wallpapers/2014-Mercedes-Benz-SLS-AMG-Black-Series-009-1440.jpg
Sat 20 Dec 10:53:10 GMT 2025: Set wallpaper to /home/solo/.config/hypr/wallpapers/2008-Mazda-Furai-Concept-004-1440.jpg
Sat 20 Dec 10:55:11 GMT 2025: Set wallpaper to /home/solo/.config/hypr/wallpapers/astize_cc0_split1.png
Sat 20 Dec 10:57:11 GMT 2025: Set wallpaper to /home/solo/.config/hypr/wallpapers/w05.webp
Sat 20 Dec 10:59:11 GMT 2025: Set wallpaper to /home/solo/.config/hypr/wallpapers/w11_wets.webp
Sat 20 Dec 11:01:11 GMT 2025: Set wallpaper to /home/solo/.config/hypr/wallpapers/W11_with_DRS.jpg
Sat 20 Dec 11:03:11 GMT 2025: Set wallpaper to /home/solo/.config/hypr/wallpapers/hyprland_wallpaper.png
Sat 20 Dec 11:05:11 GMT 2025: Set wallpaper to /home/solo/.config/hypr/wallpapers/SoloLinux4.png
Sat 20 Dec 11:07:11 GMT 2025: Set wallpaper to /home/solo/.config/hypr/wallpapers/2008-Mazda-Furai-Concept-004-1440.jpg
Sat 20 Dec 11:09:11 GMT 2025: Set wallpaper to /home/solo/.config/hypr/wallpapers/SoloLinux_Wallpaper_Blue_White_Text.png
Sat 20 Dec 11:11:11 GMT 2025: Set wallpaper to /home/solo/.config/hypr/wallpapers/2015-Porsche-918-Spyder-012-1440.jpg
Sat 20 Dec 11:13:11 GMT 2025: Set wallpaper to /home/solo/.config/hypr/wallpapers/hyprland_wallpaper.png
Sat 20 Dec 11:15:11 GMT 2025: Set wallpaper to /home/solo/.config/hypr/wallpapers/mazda-mx5-miata-mazda-3351.jpg
Sat 20 Dec 11:17:11 GMT 2025: Set wallpaper to /home/solo/.config/hypr/wallpapers/hamilton_3079629.jpg
Sat 20 Dec 11:19:11 GMT 2025: Set wallpaper to /home/solo/.config/hypr/wallpapers/SoloLinux_Wallpaper_Blue_White_Text.png
Sat 20 Dec 11:21:11 GMT 2025: Set wallpaper to /home/solo/.config/hypr/wallpapers/2008-Mazda-Furai-Concept-004-1440.jpg
Sat 20 Dec 11:23:11 GMT 2025: Set wallpaper to /home/solo/.config/hypr/wallpapers/mercedes_amg_f1_m11_eq_performance_4k-HD.jpg
Sat 20 Dec 11:25:11 GMT 2025: Set wallpaper to /home/solo/.config/hypr/wallpapers/2011-Mercedes-Benz-C63-AMG-Coupe-Black-002-1080.jpg
Sat 20 Dec 11:27:11 GMT 2025: Set wallpaper to /home/solo/.config/hypr/wallpapers/W11_with_DRS.jpg
Sat 20 Dec 11:29:11 GMT 2025: Set wallpaper to /home/solo/.config/hypr/wallpapers/hyprland_wallpaper.png
Sat 20 Dec 11:31:11 GMT 2025: Set wallpaper to /home/solo/.config/hypr/wallpapers/2008-Mazda-Furai-Concept_grey.png
Sat 20 Dec 11:33:11 GMT 2025: Set wallpaper to /home/solo/.config/hypr/wallpapers/SoloLinux4.png
Sat 20 Dec 11:35:12 GMT 2025: Set wallpaper to /home/solo/.config/hypr/wallpapers/simple.png
Sat 20 Dec 11:37:12 GMT 2025: Set wallpaper to /home/solo/.config/hypr/wallpapers/2011-Mercedes-Benz-C63-AMG-Coupe-Black-001-1080.jpg
Sat 20 Dec 11:39:12 GMT 2025: Set wallpaper to /home/solo/.config/hypr/wallpapers/1979-Canepa-BMW-M1-Procar_grey.png
Sat 20 Dec 11:41:12 GMT 2025: Set wallpaper to /home/solo/.config/hypr/wallpapers/linux-nitros-dark-ov.jpg
Sat 20 Dec 11:43:12 GMT 2025: Set wallpaper to /home/solo/.config/hypr/wallpapers/SoloLinux_Blue_And_WHite_Text_Dark.png
Sat 20 Dec 11:45:12 GMT 2025: Set wallpaper to /home/solo/.config/hypr/wallpapers/W11_with_DRS.jpg
Sat 20 Dec 11:47:12 GMT 2025: Set wallpaper to /home/solo/.config/hypr/wallpapers/linux-nitros-dark-ov.jpg
Sat 20 Dec 11:49:12 GMT 2025: Set wallpaper to /home/solo/.config/hypr/wallpapers/mercedes_amg_f1_m11_eq_performance_4k-HD.jpg
Sat 20 Dec 11:51:12 GMT 2025: Set wallpaper to /home/solo/.config/hypr/wallpapers/linux-nitros-dark-ov.jpg
Sat 20 Dec 11:53:12 GMT 2025: Set wallpaper to /home/solo/.config/hypr/wallpapers/2005-Ferrari-F430-007-1080.jpg
Sat 20 Dec 11:55:12 GMT 2025: Set wallpaper to /home/solo/.config/hypr/wallpapers/SoloLinux_Blue_And_WHite_Text_Dark.png
Sat 20 Dec 11:57:12 GMT 2025: Set wallpaper to /home/solo/.config/hypr/wallpapers/mercedes_amg_f1_m11_eq_performance_4k-HD.jpg
Sat 20 Dec 11:59:12 GMT 2025: Set wallpaper to /home/solo/.config/hypr/wallpapers/SoloLinux_Wallpaper_1.png
Sat 20 Dec 12:01:12 GMT 2025: Set wallpaper to /home/solo/.config/hypr/wallpapers/2011-Mercedes-Benz-C63-AMG-Coupe-Black-001-1080.jpg
Sat 20 Dec 12:03:12 GMT 2025: Set wallpaper to /home/solo/.config/hypr/wallpapers/2008-Mazda-Furai-Concept-004-1440.jpg
Sat 20 Dec 13:20:26 GMT 2025: Set wallpaper to /home/solo/.config/hypr/wallpapers/SoloLinux_Blue_And_WHite_Text_Dark.png
Sat 20 Dec 13:22:26 GMT 2025: Set wallpaper to /home/solo/.config/hypr/wallpapers/2014-Mercedes-Benz-SLS-AMG-Black-Series-009-1440.jpg
Sat 20 Dec 13:24:26 GMT 2025: Set wallpaper to /home/solo/.config/hypr/wallpapers/simple.png
Sat 20 Dec 13:26:26 GMT 2025: Set wallpaper to /home/solo/.config/hypr/wallpapers/2015-Porsche-918-Spyder-012-1440.jpg
Sat 20 Dec 13:28:26 GMT 2025: Set wallpaper to /home/solo/.config/hypr/wallpapers/2015-Porsche-918-Spyder-012-1440.jpg
Sat 20 Dec 13:30:26 GMT 2025: Set wallpaper to /home/solo/.config/hypr/wallpapers/2009-Mercedes-Benz-SL-65-AMG-Black-003-1080.jpg
Sat 20 Dec 13:32:26 GMT 2025: Set wallpaper to /home/solo/.config/hypr/wallpapers/2009-Mercedes-Benz-SL-65-AMG-Black-003-1080.jpg
Sat 20 Dec 13:34:26 GMT 2025: Set wallpaper to /home/solo/.config/hypr/wallpapers/2011-Mercedes-Benz-C63-AMG-Coupe-Black-001-1080.jpg
Sat 20 Dec 13:36:26 GMT 2025: Set wallpaper to /home/solo/.config/hypr/wallpapers/W11_with_DRS.jpg
Sat 20 Dec 13:38:26 GMT 2025: Set wallpaper to /home/solo/.config/hypr/wallpapers/SoloLinux_Wallpaper_Blue_White_Text.png
Sat 20 Dec 13:40:26 GMT 2025: Set wallpaper to /home/solo/.config/hypr/wallpapers/2011-Mercedes-Benz-C63-AMG-Coupe-Black-001-1080.jpg
Sat 20 Dec 13:44:28 GMT 2025: Set wallpaper to /home/solo/.config/hypr/wallpapers/hyprland_wallpaper.png
Sat 20 Dec 13:46:29 GMT 2025: Set wallpaper to /home/solo/.config/hypr/wallpapers/2011-Mercedes-Benz-C63-AMG-Coupe-Black-002-1080.jpg
Sat 20 Dec 13:48:29 GMT 2025: Set wallpaper to /home/solo/.config/hypr/wallpapers/2019-Bugatti-Divo.jpg
Sat 20 Dec 13:50:29 GMT 2025: Set wallpaper to /home/solo/.config/hypr/wallpapers/w05.webp
Sat 20 Dec 13:52:29 GMT 2025: Set wallpaper to /home/solo/.config/hypr/wallpapers/SoloLinux_Wallpaper_Blue_White_Text.png
Sat 20 Dec 13:54:29 GMT 2025: Set wallpaper to /home/solo/.config/hypr/wallpapers/1979-Canepa-BMW-M1-Procar_grey.png
Sat 20 Dec 13:56:29 GMT 2025: Set wallpaper to /home/solo/.config/hypr/wallpapers/linux-nitros-dark-ov.jpg
Sat 20 Dec 14:53:52 GMT 2025: Set wallpaper to /home/solo/.config/hypr/wallpapers/2008-Mazda-Furai-Concept_grey.png
Sat 20 Dec 14:55:52 GMT 2025: Set wallpaper to /home/solo/.config/hypr/wallpapers/w11_pfp.webp
Sat 20 Dec 14:57:52 GMT 2025: Set wallpaper to /home/solo/.config/hypr/wallpapers/SoloLinux4.png
Sat 20 Dec 14:59:52 GMT 2025: Set wallpaper to /home/solo/.config/hypr/wallpapers/hyprland_wallpaper.png
Sat 20 Dec 15:01:52 GMT 2025: Set wallpaper to /home/solo/.config/hypr/wallpapers/SilverW11.jpg
Sat 20 Dec 15:03:52 GMT 2025: Set wallpaper to /home/solo/.config/hypr/wallpapers/hamilton_3079629.jpg
Sat 20 Dec 15:05:52 GMT 2025: Set wallpaper to /home/solo/.config/hypr/wallpapers/1968-Lamborghini-Miura-Jota-SVR-001-1080.jpg
Sat 20 Dec 15:08:51 GMT 2025: Set wallpaper to /home/solo/.config/hypr/wallpapers/W11_with_DRS.jpg
Sat 20 Dec 15:12:02 GMT 2025: Set wallpaper to /home/solo/.config/hypr/wallpapers/linux-nitros-dark-ov.jpg
Sat 20 Dec 15:14:02 GMT 2025: Set wallpaper to /home/solo/.config/hypr/wallpapers/2015-Porsche-918-Spyder-012-1440.jpg
Sat 20 Dec 15:16:02 GMT 2025: Set wallpaper to /home/solo/.config/hypr/wallpapers/SoloLinux_Wallpaper_1.png
Sat 20 Dec 15:18:02 GMT 2025: Set wallpaper to /home/solo/.config/hypr/wallpapers/2008-Mazda-Furai-Concept_grey.png
Sat 20 Dec 15:20:02 GMT 2025: Set wallpaper to /home/solo/.config/hypr/wallpapers/SilverW11.jpg
Sat 20 Dec 15:22:02 GMT 2025: Set wallpaper to /home/solo/.config/hypr/wallpapers/2014-Mercedes-Benz-SLS-AMG-Black-Series-009-1440.jpg
Sat 20 Dec 15:24:02 GMT 2025: Set wallpaper to /home/solo/.config/hypr/wallpapers/mazda-mx5-miata-mazda-3351.jpg
Sat 20 Dec 15:26:02 GMT 2025: Set wallpaper to /home/solo/.config/hypr/wallpapers/2015-Porsche-918-Spyder-012-1440.jpg
Sat 20 Dec 15:28:02 GMT 2025: Set wallpaper to /home/solo/.config/hypr/wallpapers/2011-Mercedes-Benz-C63-AMG-Coupe-Black-001-1080.jpg
Sat 20 Dec 15:31:06 GMT 2025: Set wallpaper to /home/solo/.config/hypr/wallpapers/2009-Mercedes-Benz-SL-65-AMG-Black-003-1080.jpg
Sat 20 Dec 15:33:06 GMT 2025: Set wallpaper to /home/solo/.config/hypr/wallpapers/1968-Lamborghini-Miura-Jota-SVR-001-1080.jpg
Sat 20 Dec 15:35:06 GMT 2025: Set wallpaper to /home/solo/.config/hypr/wallpapers/SilverW11.jpg
Sat 20 Dec 15:40:39 GMT 2025: Set wallpaper to /home/solo/.config/hypr/wallpapers/2014-Mercedes-Benz-SLS-AMG-Black-Series-009-1440.jpg
Sat 20 Dec 15:42:39 GMT 2025: Set wallpaper to /home/solo/.config/hypr/wallpapers/SoloLinux_Wallpaper_1.png
Sat 20 Dec 15:44:39 GMT 2025: Set wallpaper to /home/solo/.config/hypr/wallpapers/hamilton_3079629.jpg
Sat 20 Dec 15:45:13 GMT 2025: Set wallpaper to /home/solo/.config/hypr/wallpapers/astize_cc0_split1.png
Sat 20 Dec 15:46:53 GMT 2025: Set wallpaper to /home/solo/.config/hypr/wallpapers/linux-nitros-dark-ov.jpg
Sat 20 Dec 15:48:53 GMT 2025: Set wallpaper to /home/solo/.config/hypr/wallpapers/1968-Lamborghini-Miura-Jota-SVR-001-1080.jpg
Sat 20 Dec 15:50:53 GMT 2025: Set wallpaper to /home/solo/.config/hypr/wallpapers/2011-Mercedes-Benz-C63-AMG-Coupe-Black-001-1080.jpg
Sat 20 Dec 17:29:45 GMT 2025: Set wallpaper to /home/solo/.config/hypr/wallpapers/hamilton_3079629.jpg
Sat 20 Dec 17:31:45 GMT 2025: Set wallpaper to /home/solo/.config/hypr/wallpapers/2009-Mercedes-Benz-SL-65-AMG-Black-003-1080.jpg
Sat 20 Dec 17:33:45 GMT 2025: Set wallpaper to /home/solo/.config/hypr/wallpapers/thumb-1920-1345403.jpeg
Sat 20 Dec 17:35:45 GMT 2025: Set wallpaper to /home/solo/.config/hypr/wallpapers/simple.png
Sat 20 Dec 17:37:45 GMT 2025: Set wallpaper to /home/solo/.config/hypr/wallpapers/2015-Porsche-918-Spyder-012-1440.jpg
Sat 20 Dec 17:39:45 GMT 2025: Set wallpaper to /home/solo/.config/hypr/wallpapers/2014-Mercedes-Benz-SLS-AMG-Black-Series-009-1440.jpg
Sat 20 Dec 17:41:45 GMT 2025: Set wallpaper to /home/solo/.config/hypr/wallpapers/1968-Lamborghini-Miura-Jota-SVR-001-1080.jpg
Sat 20 Dec 17:43:46 GMT 2025: Set wallpaper to /home/solo/.config/hypr/wallpapers/2014-Mercedes-Benz-SLS-AMG-Black-Series-009-1440.jpg
Sat 20 Dec 17:45:46 GMT 2025: Set wallpaper to /home/solo/.config/hypr/wallpapers/1968-Lamborghini-Miura-Jota-SVR-001-1080.jpg
Sat 20 Dec 18:19:54 GMT 2025: Set wallpaper to /home/solo/.config/hypr/wallpapers/hyprland_wallpaper.png
Sat 20 Dec 18:21:54 GMT 2025: Set wallpaper to /home/solo/.config/hypr/wallpapers/simple.png
Sat 20 Dec 18:23:54 GMT 2025: Set wallpaper to /home/solo/.config/hypr/wallpapers/1968-Lamborghini-Miura-Jota-SVR-001-1080.jpg
Sat 20 Dec 18:25:54 GMT 2025: Set wallpaper to /home/solo/.config/hypr/wallpapers/1979-Canepa-BMW-M1-Procar_grey.png
Sat 20 Dec 18:27:54 GMT 2025: Set wallpaper to /home/solo/.config/hypr/wallpapers/hamilton_3079629.jpg
Sat 20 Dec 18:29:54 GMT 2025: Set wallpaper to /home/solo/.config/hypr/wallpapers/1979-Canepa-BMW-M1-Procar_grey.png
Sat 20 Dec 18:31:54 GMT 2025: Set wallpaper to /home/solo/.config/hypr/wallpapers/1979-Canepa-BMW-M1-Procar_grey.png
Sat 20 Dec 18:33:54 GMT 2025: Set wallpaper to /home/solo/.config/hypr/wallpapers/2014-Mercedes-Benz-SLS-AMG-Black-Series-009-1440.jpg
Sat 20 Dec 18:35:54 GMT 2025: Set wallpaper to /home/solo/.config/hypr/wallpapers/SoloLinux_Wallpaper_1.png
Sat 20 Dec 18:37:55 GMT 2025: Set wallpaper to /home/solo/.config/hypr/wallpapers/W11_with_DRS.jpg
Sat 20 Dec 18:39:55 GMT 2025: Set wallpaper to /home/solo/.config/hypr/wallpapers/hamilton_3079629.jpg
Sat 20 Dec 18:41:55 GMT 2025: Set wallpaper to /home/solo/.config/hypr/wallpapers/mercedes_amg_f1_m11_eq_performance_4k-HD.jpg
Sat 20 Dec 18:43:55 GMT 2025: Set wallpaper to /home/solo/.config/hypr/wallpapers/thumb-1920-1345403.jpeg
Sat 20 Dec 18:45:55 GMT 2025: Set wallpaper to /home/solo/.config/hypr/wallpapers/thumb-1920-1345403.jpeg
Sat 20 Dec 18:47:55 GMT 2025: Set wallpaper to /home/solo/.config/hypr/wallpapers/2009-Mercedes-Benz-SL-65-AMG-Black-003-1080.jpg
Sat 20 Dec 18:49:55 GMT 2025: Set wallpaper to /home/solo/.config/hypr/wallpapers/W11_with_DRS.jpg
Sat 20 Dec 18:51:55 GMT 2025: Set wallpaper to /home/solo/.config/hypr/wallpapers/w11_wets.webp
Sat 20 Dec 18:53:55 GMT 2025: Set wallpaper to /home/solo/.config/hypr/wallpapers/2015-Porsche-918-Spyder-012-1440.jpg
Sat 20 Dec 18:55:55 GMT 2025: Set wallpaper to /home/solo/.config/hypr/wallpapers/2015-Porsche-918-Spyder-012-1440.jpg
Sat 20 Dec 18:57:55 GMT 2025: Set wallpaper to /home/solo/.config/hypr/wallpapers/thumb-1920-1345403.jpeg
Sat 20 Dec 18:59:55 GMT 2025: Set wallpaper to /home/solo/.config/hypr/wallpapers/2011-Mercedes-Benz-C63-AMG-Coupe-Black-002-1080.jpg
Sat 20 Dec 19:01:37 GMT 2025: Set wallpaper to /home/solo/.config/hypr/wallpapers/2014-Mercedes-Benz-SLS-AMG-Black-Series-009-1440.jpg
Sat 20 Dec 19:01:55 GMT 2025: Set wallpaper to /home/solo/.config/hypr/wallpapers/hamilton_3079629.jpg
Sat 20 Dec 19:02:48 GMT 2025: Set wallpaper to /home/solo/.config/hypr/wallpapers/2009-Mercedes-Benz-SL-65-AMG-Black-003-1080.jpg
Sat 20 Dec 19:03:37 GMT 2025: Set wallpaper to /home/solo/.config/hypr/wallpapers/astize_cc0_split1.png
Sat 20 Dec 19:03:55 GMT 2025: Set wallpaper to /home/solo/.config/hypr/wallpapers/2011-Mercedes-Benz-C63-AMG-Coupe-Black-001-1080.jpg
Sat 20 Dec 19:04:48 GMT 2025: Set wallpaper to /home/solo/.config/hypr/wallpapers/2005-Ferrari-F430-007-1080.jpg
Sat 20 Dec 19:05:37 GMT 2025: Set wallpaper to /home/solo/.config/hypr/wallpapers/SoloLinux4.png
Sat 20 Dec 19:05:55 GMT 2025: Set wallpaper to /home/solo/.config/hypr/wallpapers/W11_with_DRS.jpg
Sat 20 Dec 19:06:38 GMT 2025: Set wallpaper to /home/solo/.config/hypr/wallpapers/w11_pfp.webp
Sat 20 Dec 19:06:48 GMT 2025: Set wallpaper to /home/solo/.config/hypr/wallpapers/hyprland_wallpaper.png
Sat 20 Dec 19:07:37 GMT 2025: Set wallpaper to /home/solo/.config/hypr/wallpapers/2008-Mazda-Furai-Concept_grey.png
Sat 20 Dec 19:07:55 GMT 2025: Set wallpaper to /home/solo/.config/hypr/wallpapers/mercedes-w11.webp
Sat 20 Dec 19:08:17 GMT 2025: Set wallpaper to /home/solo/.config/hypr/wallpapers/2011-Mercedes-Benz-C63-AMG-Coupe-Black-001-1080.jpg
Sat 20 Dec 19:08:38 GMT 2025: Set wallpaper to /home/solo/.config/hypr/wallpapers/simple.png
Sat 20 Dec 19:08:48 GMT 2025: Set wallpaper to /home/solo/.config/hypr/wallpapers/2011-Mercedes-Benz-C63-AMG-Coupe-Black-002-1080.jpg
Sat 20 Dec 19:09:37 GMT 2025: Set wallpaper to /home/solo/.config/hypr/wallpapers/SoloLinux_Blue_And_WHite_Text_Dark.png
Sat 20 Dec 19:09:55 GMT 2025: Set wallpaper to /home/solo/.config/hypr/wallpapers/2014-Mercedes-Benz-SLS-AMG-Black-Series-009-1440.jpg
Sat 20 Dec 19:10:17 GMT 2025: Set wallpaper to /home/solo/.config/hypr/wallpapers/SoloLinux_Wallpaper_Blue_White_Text.png
Sat 20 Dec 19:12:32 GMT 2025: Set wallpaper to /home/solo/.config/hypr/wallpapers/astize_cc0_split1.png
Sat 20 Dec 19:14:32 GMT 2025: Set wallpaper to /home/solo/.config/hypr/wallpapers/hyprland_wallpaper.png
Sat 20 Dec 19:16:32 GMT 2025: Set wallpaper to /home/solo/.config/hypr/wallpapers/w11_wets.webp
Sat 20 Dec 19:18:32 GMT 2025: Set wallpaper to /home/solo/.config/hypr/wallpapers/2014-Mercedes-Benz-SLS-AMG-Black-Series-009-1440.jpg
Sat 20 Dec 19:24:17 GMT 2025: Set wallpaper to /home/solo/.config/hypr/wallpapers/astize_cc0_split1.png
Sat 20 Dec 19:26:17 GMT 2025: Set wallpaper to /home/solo/.config/hypr/wallpapers/astize_cc0_split1.png
Sat 20 Dec 19:28:11 GMT 2025: Set wallpaper to /home/solo/.config/hypr/wallpapers/W05.jpg
Sat 20 Dec 19:30:11 GMT 2025: Set wallpaper to /home/solo/.config/hypr/wallpapers/SoloLinux_Wallpaper_Blue_White_Text.png
Sat 20 Dec 19:31:23 GMT 2025: Set wallpaper to /home/solo/.config/hypr/wallpapers/W05.jpg
Sat 20 Dec 19:34:45 GMT 2025: Set wallpaper to /home/solo/.config/hypr/wallpapers/hamilton_3079629.jpg
Sat 20 Dec 19:36:24 GMT 2025: Set wallpaper to /home/solo/.config/hypr/wallpapers/SilverW11.jpg
Sat 20 Dec 19:37:06 GMT 2025: Set wallpaper to /home/solo/.config/hypr/wallpapers/SoloLinux4.png
Sat 20 Dec 19:39:06 GMT 2025: Set wallpaper to /home/solo/.config/hypr/wallpapers/SoloLinux_Wallpaper_Blue_White_Text.png
Sat 20 Dec 19:41:17 GMT 2025: Set wallpaper to /home/solo/.config/hypr/wallpapers/SoloLinux4.png
Sat 20 Dec 19:43:17 GMT 2025: Set wallpaper to /home/solo/.config/hypr/wallpapers/2009-Mercedes-Benz-SL-65-AMG-Black-003-1080.jpg
Sat 20 Dec 19:45:17 GMT 2025: Set wallpaper to /home/solo/.config/hypr/wallpapers/SilverW11.jpg
Sat 20 Dec 19:47:17 GMT 2025: Set wallpaper to /home/solo/.config/hypr/wallpapers/mercedes-w11.webp
Sat 20 Dec 19:49:17 GMT 2025: Set wallpaper to /home/solo/.config/hypr/wallpapers/2011-Mercedes-Benz-C63-AMG-Coupe-Black-002-1080.jpg
Sat 20 Dec 19:51:17 GMT 2025: Set wallpaper to /home/solo/.config/hypr/wallpapers/w11_wets.webp
Sat 20 Dec 19:53:17 GMT 2025: Set wallpaper to /home/solo/.config/hypr/wallpapers/hamilton_3079629.jpg
Sat 20 Dec 19:55:17 GMT 2025: Set wallpaper to /home/solo/.config/hypr/wallpapers/2009-Mercedes-Benz-SL-65-AMG-Black-003-1080.jpg
Sat 20 Dec 19:57:18 GMT 2025: Set wallpaper to /home/solo/.config/hypr/wallpapers/simple.png
Sat 20 Dec 19:59:18 GMT 2025: Set wallpaper to /home/solo/.config/hypr/wallpapers/2014-Mercedes-Benz-SLS-AMG-Black-Series-009-1440.jpg
Sat 20 Dec 20:01:18 GMT 2025: Set wallpaper to /home/solo/.config/hypr/wallpapers/W05.jpg
Sat 20 Dec 20:03:18 GMT 2025: Set wallpaper to /home/solo/.config/hypr/wallpapers/SoloLinux_Wallpaper_1.png
Sun 21 Dec 14:35:55 GMT 2025: Set wallpaper to /home/solo/.config/hypr/wallpapers/SoloLinux_Wallpaper_Blue_White_Text.png
Sun 21 Dec 14:37:55 GMT 2025: Set wallpaper to /home/solo/.config/hypr/wallpapers/SilverW11.jpg
Sun 21 Dec 14:39:56 GMT 2025: Set wallpaper to /home/solo/.config/hypr/wallpapers/linux-nitros-dark-ov.jpg
Sun 21 Dec 14:41:56 GMT 2025: Set wallpaper to /home/solo/.config/hypr/wallpapers/2008-Mazda-Furai-Concept-004-1440.jpg
Sun 21 Dec 17:02:16 GMT 2025: Set wallpaper to /home/solo/.config/hypr/wallpapers/2014-Mercedes-Benz-SLS-AMG-Black-Series-009-1440.jpg
Mon 22 Dec 13:56:29 GMT 2025: Set wallpaper to /home/solo/.config/hypr/wallpapers/thumb-1920-1345403.jpeg
Mon 22 Dec 13:58:29 GMT 2025: Set wallpaper to /home/solo/.config/hypr/wallpapers/w11_pfp.webp
Mon 22 Dec 14:00:29 GMT 2025: Set wallpaper to /home/solo/.config/hypr/wallpapers/2019-Bugatti-Divo.jpg
Mon 22 Dec 14:02:29 GMT 2025: Set wallpaper to /home/solo/.config/hypr/wallpapers/SoloLinux_Blue_And_WHite_Text_Dark.png
Mon 22 Dec 14:04:29 GMT 2025: Set wallpaper to /home/solo/.config/hypr/wallpapers/mercedes_amg_f1_m11_eq_performance_4k-HD.jpg
Mon 22 Dec 14:06:29 GMT 2025: Set wallpaper to /home/solo/.config/hypr/wallpapers/2009-Mercedes-Benz-SL-65-AMG-Black-003-1080.jpg
Mon 22 Dec 14:08:30 GMT 2025: Set wallpaper to /home/solo/.config/hypr/wallpapers/W11_with_DRS.jpg
Mon 22 Dec 14:10:30 GMT 2025: Set wallpaper to /home/solo/.config/hypr/wallpapers/mercedes-w11.webp
Mon 22 Dec 14:13:28 GMT 2025: Set wallpaper to /home/solo/.config/hypr/wallpapers/W05.jpg
Mon 22 Dec 14:15:28 GMT 2025: Set wallpaper to /home/solo/.config/hypr/wallpapers/hamilton_3079629.jpg
Mon 22 Dec 14:17:29 GMT 2025: Set wallpaper to /home/solo/.config/hypr/wallpapers/SoloLinux_Blue_And_WHite_Text_Dark.png
Mon 22 Dec 14:19:29 GMT 2025: Set wallpaper to /home/solo/.config/hypr/wallpapers/w11_pfp.webp
Mon 22 Dec 14:21:29 GMT 2025: Set wallpaper to /home/solo/.config/hypr/wallpapers/w11_wets.webp
Mon 22 Dec 14:24:21 GMT 2025: Set wallpaper to /home/solo/.config/hypr/wallpapers/mercedes-w11.webp
                                                                                                                                       Mon 22 Dec 14:27:19 GMT 2025: Set wallpaper to /home/solo/.config/hypr/wallpapers/SoloLinux4.png
Tue 23 Dec 10:31:03 GMT 2025: Set wallpaper to /home/solo/.config/hypr/wallpapers/linux-nitros-dark-ov.jpg
Tue 23 Dec 10:33:03 GMT 2025: Set wallpaper to /home/solo/.config/hypr/wallpapers/hamilton_3079629.jpg
Tue 23 Dec 10:35:03 GMT 2025: Set wallpaper to /home/solo/.config/hypr/wallpapers/SoloLinux_Wallpaper_Blue_White_Text.png
Tue 23 Dec 10:37:04 GMT 2025: Set wallpaper to /home/solo/.config/hypr/wallpapers/1979-Canepa-BMW-M1-Procar_grey.png
Tue 23 Dec 10:39:04 GMT 2025: Set wallpaper to /home/solo/.config/hypr/wallpapers/SoloLinux_Wallpaper_Blue_White_Text.png
Tue 23 Dec 10:41:04 GMT 2025: Set wallpaper to /home/solo/.config/hypr/wallpapers/2014-Mercedes-Benz-SLS-AMG-Black-Series-009-1440.jpg
Tue 23 Dec 10:43:04 GMT 2025: Set wallpaper to /home/solo/.config/hypr/wallpapers/SoloLinux4.png
Tue 23 Dec 10:45:04 GMT 2025: Set wallpaper to /home/solo/.config/hypr/wallpapers/astize_cc0_split1.png
Tue 23 Dec 10:47:04 GMT 2025: Set wallpaper to /home/solo/.config/hypr/wallpapers/w05.webp
Tue 23 Dec 10:49:04 GMT 2025: Set wallpaper to /home/solo/.config/hypr/wallpapers/w05.webp
Tue 23 Dec 10:51:04 GMT 2025: Set wallpaper to /home/solo/.config/hypr/wallpapers/2019-Bugatti-Divo.jpg
Tue 23 Dec 10:53:04 GMT 2025: Set wallpaper to /home/solo/.config/hypr/wallpapers/W11_with_DRS.jpg
Tue 23 Dec 10:55:04 GMT 2025: Set wallpaper to /home/solo/.config/hypr/wallpapers/W05.jpg
Tue 23 Dec 10:57:04 GMT 2025: Set wallpaper to /home/solo/.config/hypr/wallpapers/2019-Bugatti-Divo.jpg
Tue 23 Dec 10:59:04 GMT 2025: Set wallpaper to /home/solo/.config/hypr/wallpapers/SoloLinux4.png
Tue 23 Dec 11:01:05 GMT 2025: Set wallpaper to /home/solo/.config/hypr/wallpapers/simple.png
Tue 23 Dec 11:03:05 GMT 2025: Set wallpaper to /home/solo/.config/hypr/wallpapers/2011-Mercedes-Benz-C63-AMG-Coupe-Black-001-1080.jpg
Tue 23 Dec 11:05:05 GMT 2025: Set wallpaper to /home/solo/.config/hypr/wallpapers/mercedes_amg_f1_m11_eq_performance_4k-HD.jpg
Tue 23 Dec 11:07:05 GMT 2025: Set wallpaper to /home/solo/.config/hypr/wallpapers/SoloLinux4.png
Tue 23 Dec 11:09:05 GMT 2025: Set wallpaper to /home/solo/.config/hypr/wallpapers/w11_wets.webp
Tue 23 Dec 11:11:05 GMT 2025: Set wallpaper to /home/solo/.config/hypr/wallpapers/SoloLinux_Wallpaper_1.png
Tue 23 Dec 11:45:06 GMT 2025: Set wallpaper to /home/solo/.config/hypr/wallpapers/2019-Bugatti-Divo.jpg
Tue 23 Dec 11:47:06 GMT 2025: Set wallpaper to /home/solo/.config/hypr/wallpapers/W05.jpg
Tue 23 Dec 11:49:06 GMT 2025: Set wallpaper to /home/solo/.config/hypr/wallpapers/thumb-1920-1345403.jpeg
Tue 23 Dec 11:51:06 GMT 2025: Set wallpaper to /home/solo/.config/hypr/wallpapers/2005-Ferrari-F430-007-1080.jpg
Tue 23 Dec 11:53:06 GMT 2025: Set wallpaper to /home/solo/.config/hypr/wallpapers/SoloLinux_Wallpaper_Blue_White_Text.png
Tue 23 Dec 12:02:25 GMT 2025: Set wallpaper to /home/solo/.config/hypr/wallpapers/linux-nitros-dark-ov.jpg
Tue 23 Dec 12:04:25 GMT 2025: Set wallpaper to /home/solo/.config/hypr/wallpapers/astize_cc0_split1.png
Tue 23 Dec 12:06:25 GMT 2025: Set wallpaper to /home/solo/.config/hypr/wallpapers/2008-Mazda-Furai-Concept_grey.png
Tue 23 Dec 12:08:25 GMT 2025: Set wallpaper to /home/solo/.config/hypr/wallpapers/2005-Ferrari-F430-007-1080.jpg
Tue 23 Dec 12:10:25 GMT 2025: Set wallpaper to /home/solo/.config/hypr/wallpapers/2011-Mercedes-Benz-C63-AMG-Coupe-Black-002-1080.jpg
Tue 23 Dec 12:12:25 GMT 2025: Set wallpaper to /home/solo/.config/hypr/wallpapers/2015-Porsche-918-Spyder-012-1440.jpg
Tue 23 Dec 12:15:59 GMT 2025: Set wallpaper to /home/solo/.config/hypr/wallpapers/w11_pfp.webp
Tue 23 Dec 12:17:59 GMT 2025: Set wallpaper to /home/solo/.config/hypr/wallpapers/2011-Mercedes-Benz-C63-AMG-Coupe-Black-001-1080.jpg
Tue 23 Dec 12:19:59 GMT 2025: Set wallpaper to /home/solo/.config/hypr/wallpapers/2014-Mercedes-Benz-SLS-AMG-Black-Series-009-1440.jpg
Tue 23 Dec 12:21:59 GMT 2025: Set wallpaper to /home/solo/.config/hypr/wallpapers/simple.png
Tue 23 Dec 12:23:59 GMT 2025: Set wallpaper to /home/solo/.config/hypr/wallpapers/w11_wets.webp
Tue 23 Dec 12:26:00 GMT 2025: Set wallpaper to /home/solo/.config/hypr/wallpapers/2019-Bugatti-Divo.jpg
Tue 23 Dec 12:28:00 GMT 2025: Set wallpaper to /home/solo/.config/hypr/wallpapers/2008-Mazda-Furai-Concept-004-1440.jpg
Tue 23 Dec 12:30:00 GMT 2025: Set wallpaper to /home/solo/.config/hypr/wallpapers/1979-Canepa-BMW-M1-Procar_grey.png
Tue 23 Dec 12:32:00 GMT 2025: Set wallpaper to /home/solo/.config/hypr/wallpapers/linux-nitros-dark-ov.jpg
Tue 23 Dec 12:34:00 GMT 2025: Set wallpaper to /home/solo/.config/hypr/wallpapers/w11_wets.webp
Tue 23 Dec 12:36:00 GMT 2025: Set wallpaper to /home/solo/.config/hypr/wallpapers/2019-Bugatti-Divo.jpg
Tue 23 Dec 12:38:00 GMT 2025: Set wallpaper to /home/solo/.config/hypr/wallpapers/2005-Ferrari-F430-007-1080.jpg
Tue 23 Dec 12:40:00 GMT 2025: Set wallpaper to /home/solo/.config/hypr/wallpapers/SoloLinux_Blue_And_WHite_Text_Dark.png
Tue 23 Dec 12:42:00 GMT 2025: Set wallpaper to /home/solo/.config/hypr/wallpapers/SoloLinux_Wallpaper_Blue_White_Text.png
Tue 23 Dec 12:44:00 GMT 2025: Set wallpaper to /home/solo/.config/hypr/wallpapers/2008-Mazda-Furai-Concept-004-1440.jpg
Tue 23 Dec 12:46:00 GMT 2025: Set wallpaper to /home/solo/.config/hypr/wallpapers/2008-Mazda-Furai-Concept_grey.png
Tue 23 Dec 12:48:00 GMT 2025: Set wallpaper to /home/solo/.config/hypr/wallpapers/2009-Mercedes-Benz-SL-65-AMG-Black-003-1080.jpg
Tue 23 Dec 12:50:00 GMT 2025: Set wallpaper to /home/solo/.config/hypr/wallpapers/2011-Mercedes-Benz-C63-AMG-Coupe-Black-001-1080.jpg
Tue 23 Dec 12:52:00 GMT 2025: Set wallpaper to /home/solo/.config/hypr/wallpapers/2005-Ferrari-F430-007-1080.jpg
Tue 23 Dec 12:54:00 GMT 2025: Set wallpaper to /home/solo/.config/hypr/wallpapers/2005-Ferrari-F430-007-1080.jpg
Tue 23 Dec 12:56:00 GMT 2025: Set wallpaper to /home/solo/.config/hypr/wallpapers/2008-Mazda-Furai-Concept-004-1440.jpg
Tue 23 Dec 12:58:00 GMT 2025: Set wallpaper to /home/solo/.config/hypr/wallpapers/hamilton_3079629.jpg
Tue 23 Dec 13:00:00 GMT 2025: Set wallpaper to /home/solo/.config/hypr/wallpapers/SoloLinux_Wallpaper_Blue_White_Text.png
Tue 23 Dec 13:02:00 GMT 2025: Set wallpaper to /home/solo/.config/hypr/wallpapers/2008-Mazda-Furai-Concept-004-1440.jpg
Tue 23 Dec 13:04:00 GMT 2025: Set wallpaper to /home/solo/.config/hypr/wallpapers/1979-Canepa-BMW-M1-Procar_grey.png
Tue 23 Dec 13:06:00 GMT 2025: Set wallpaper to /home/solo/.config/hypr/wallpapers/2014-Mercedes-Benz-SLS-AMG-Black-Series-009-1440.jpg
Tue 23 Dec 13:08:00 GMT 2025: Set wallpaper to /home/solo/.config/hypr/wallpapers/linux-nitros-dark-ov.jpg
Tue 23 Dec 13:10:00 GMT 2025: Set wallpaper to /home/solo/.config/hypr/wallpapers/SoloLinux_Wallpaper_Blue_White_Text.png
Tue 23 Dec 16:22:59 GMT 2025: Set wallpaper to /home/solo/.config/hypr/wallpapers/W05.jpg
Tue 23 Dec 19:16:55 GMT 2025: Set wallpaper to /home/solo/.config/hypr/wallpapers/astize_cc0_split1.png
Tue 23 Dec 19:18:55 GMT 2025: Set wallpaper to /home/solo/.config/hypr/wallpapers/2011-Mercedes-Benz-C63-AMG-Coupe-Black-002-1080.jpg
Tue 23 Dec 19:20:55 GMT 2025: Set wallpaper to /home/solo/.config/hypr/wallpapers/W05.jpg
Tue 23 Dec 19:22:56 GMT 2025: Set wallpaper to /home/solo/.config/hypr/wallpapers/SoloLinux_Blue_And_WHite_Text_Dark.png
Tue 23 Dec 19:24:56 GMT 2025: Set wallpaper to /home/solo/.config/hypr/wallpapers/1968-Lamborghini-Miura-Jota-SVR-001-1080.jpg
Tue 23 Dec 19:26:56 GMT 2025: Set wallpaper to /home/solo/.config/hypr/wallpapers/2005-Ferrari-F430-007-1080.jpg
Tue 23 Dec 19:28:56 GMT 2025: Set wallpaper to /home/solo/.config/hypr/wallpapers/W05.jpg
Tue 23 Dec 19:30:56 GMT 2025: Set wallpaper to /home/solo/.config/hypr/wallpapers/SoloLinux_Blue_And_WHite_Text_Dark.png
Tue 23 Dec 19:32:56 GMT 2025: Set wallpaper to /home/solo/.config/hypr/wallpapers/SoloLinux_Wallpaper_Blue_White_Text.png
Tue 23 Dec 19:34:56 GMT 2025: Set wallpaper to /home/solo/.config/hypr/wallpapers/2005-Ferrari-F430-007-1080.jpg
Tue 23 Dec 19:36:56 GMT 2025: Set wallpaper to /home/solo/.config/hypr/wallpapers/simple.png
Tue 23 Dec 19:38:56 GMT 2025: Set wallpaper to /home/solo/.config/hypr/wallpapers/W05.jpg
Tue 23 Dec 19:40:56 GMT 2025: Set wallpaper to /home/solo/.config/hypr/wallpapers/1968-Lamborghini-Miura-Jota-SVR-001-1080.jpg
Tue 23 Dec 19:42:56 GMT 2025: Set wallpaper to /home/solo/.config/hypr/wallpapers/2009-Mercedes-Benz-SL-65-AMG-Black-003-1080.jpg
Tue 23 Dec 19:44:56 GMT 2025: Set wallpaper to /home/solo/.config/hypr/wallpapers/astize_cc0_split1.png
Tue 23 Dec 19:46:56 GMT 2025: Set wallpaper to /home/solo/.config/hypr/wallpapers/w11_wets.webp
Tue 23 Dec 19:48:56 GMT 2025: Set wallpaper to /home/solo/.config/hypr/wallpapers/W11_with_DRS.jpg
Tue 23 Dec 19:50:56 GMT 2025: Set wallpaper to /home/solo/.config/hypr/wallpapers/astize_cc0_split1.png
Tue 23 Dec 19:52:56 GMT 2025: Set wallpaper to /home/solo/.config/hypr/wallpapers/2015-Porsche-918-Spyder-012-1440.jpg
Tue 23 Dec 19:54:56 GMT 2025: Set wallpaper to /home/solo/.config/hypr/wallpapers/mercedes-w11.webp
Tue 23 Dec 19:56:56 GMT 2025: Set wallpaper to /home/solo/.config/hypr/wallpapers/mercedes_amg_f1_m11_eq_performance_4k-HD.jpg
Tue 23 Dec 19:58:56 GMT 2025: Set wallpaper to /home/solo/.config/hypr/wallpapers/hyprland_wallpaper.png
Tue 23 Dec 20:00:56 GMT 2025: Set wallpaper to /home/solo/.config/hypr/wallpapers/SoloLinux_Wallpaper_Blue_White_Text.png
Tue 23 Dec 20:02:57 GMT 2025: Set wallpaper to /home/solo/.config/hypr/wallpapers/linux-nitros-dark-ov.jpg
Tue 23 Dec 20:14:08 GMT 2025: Set wallpaper to /home/solo/.config/hypr/wallpapers/hamilton_3079629.jpg
Tue 23 Dec 20:16:08 GMT 2025: Set wallpaper to /home/solo/.config/hypr/wallpapers/linux-nitros-dark-ov.jpg
Tue 23 Dec 20:18:08 GMT 2025: Set wallpaper to /home/solo/.config/hypr/wallpapers/hyprland_wallpaper.png
Tue 23 Dec 20:20:08 GMT 2025: Set wallpaper to /home/solo/.config/hypr/wallpapers/simple.png
Tue 23 Dec 20:22:08 GMT 2025: Set wallpaper to /home/solo/.config/hypr/wallpapers/2011-Mercedes-Benz-C63-AMG-Coupe-Black-001-1080.jpg
Tue 23 Dec 20:24:08 GMT 2025: Set wallpaper to /home/solo/.config/hypr/wallpapers/w11_pfp.webp
Tue 23 Dec 20:26:08 GMT 2025: Set wallpaper to /home/solo/.config/hypr/wallpapers/W05.jpg
Tue 23 Dec 20:28:08 GMT 2025: Set wallpaper to /home/solo/.config/hypr/wallpapers/2011-Mercedes-Benz-C63-AMG-Coupe-Black-002-1080.jpg
Tue 23 Dec 20:30:08 GMT 2025: Set wallpaper to /home/solo/.config/hypr/wallpapers/2011-Mercedes-Benz-C63-AMG-Coupe-Black-001-1080.jpg
Tue 23 Dec 20:32:08 GMT 2025: Set wallpaper to /home/solo/.config/hypr/wallpapers/1979-Canepa-BMW-M1-Procar_grey.png
Tue 23 Dec 20:34:08 GMT 2025: Set wallpaper to /home/solo/.config/hypr/wallpapers/w11_pfp.webp
Tue 23 Dec 20:36:09 GMT 2025: Set wallpaper to /home/solo/.config/hypr/wallpapers/1968-Lamborghini-Miura-Jota-SVR-001-1080.jpg
Tue 23 Dec 20:38:09 GMT 2025: Set wallpaper to /home/solo/.config/hypr/wallpapers/2011-Mercedes-Benz-C63-AMG-Coupe-Black-002-1080.jpg
Tue 23 Dec 20:40:09 GMT 2025: Set wallpaper to /home/solo/.config/hypr/wallpapers/hamilton_3079629.jpg
Tue 23 Dec 20:42:09 GMT 2025: Set wallpaper to /home/solo/.config/hypr/wallpapers/w11_wets.webp
Tue 23 Dec 20:44:09 GMT 2025: Set wallpaper to /home/solo/.config/hypr/wallpapers/2011-Mercedes-Benz-C63-AMG-Coupe-Black-001-1080.jpg
Tue 23 Dec 20:46:09 GMT 2025: Set wallpaper to /home/solo/.config/hypr/wallpapers/SoloLinux_Wallpaper_1.png
Tue 23 Dec 20:48:09 GMT 2025: Set wallpaper to /home/solo/.config/hypr/wallpapers/2011-Mercedes-Benz-C63-AMG-Coupe-Black-002-1080.jpg
Tue 23 Dec 20:50:09 GMT 2025: Set wallpaper to /home/solo/.config/hypr/wallpapers/SoloLinux4.png
Tue 23 Dec 20:52:09 GMT 2025: Set wallpaper to /home/solo/.config/hypr/wallpapers/2019-Bugatti-Divo.jpg
Tue 23 Dec 20:54:09 GMT 2025: Set wallpaper to /home/solo/.config/hypr/wallpapers/SoloLinux4.png
Tue 23 Dec 20:56:09 GMT 2025: Set wallpaper to /home/solo/.config/hypr/wallpapers/hyprland_wallpaper.png
Tue 23 Dec 20:58:09 GMT 2025: Set wallpaper to /home/solo/.config/hypr/wallpapers/2008-Mazda-Furai-Concept-004-1440.jpg
Tue 23 Dec 21:00:09 GMT 2025: Set wallpaper to /home/solo/.config/hypr/wallpapers/linux-nitros-dark-ov.jpg
Tue 23 Dec 21:02:09 GMT 2025: Set wallpaper to /home/solo/.config/hypr/wallpapers/w11_pfp.webp
Tue 23 Dec 21:04:09 GMT 2025: Set wallpaper to /home/solo/.config/hypr/wallpapers/mercedes-w11.webp
Tue 23 Dec 21:06:09 GMT 2025: Set wallpaper to /home/solo/.config/hypr/wallpapers/W11_with_DRS.jpg
Tue 23 Dec 21:08:09 GMT 2025: Set wallpaper to /home/solo/.config/hypr/wallpapers/2014-Mercedes-Benz-SLS-AMG-Black-Series-009-1440.jpg
Tue 23 Dec 21:10:09 GMT 2025: Set wallpaper to /home/solo/.config/hypr/wallpapers/w05.webp
Tue 23 Dec 21:12:09 GMT 2025: Set wallpaper to /home/solo/.config/hypr/wallpapers/2011-Mercedes-Benz-C63-AMG-Coupe-Black-001-1080.jpg
Tue 23 Dec 21:14:09 GMT 2025: Set wallpaper to /home/solo/.config/hypr/wallpapers/SilverW11.jpg
Tue 23 Dec 21:16:09 GMT 2025: Set wallpaper to /home/solo/.config/hypr/wallpapers/mazda-mx5-miata-mazda-3351.jpg
Tue 23 Dec 21:18:10 GMT 2025: Set wallpaper to /home/solo/.config/hypr/wallpapers/astize_cc0_split1.png
Tue 23 Dec 21:20:10 GMT 2025: Set wallpaper to /home/solo/.config/hypr/wallpapers/hamilton_3079629.jpg
Tue 23 Dec 21:22:10 GMT 2025: Set wallpaper to /home/solo/.config/hypr/wallpapers/2011-Mercedes-Benz-C63-AMG-Coupe-Black-002-1080.jpg
Tue 23 Dec 21:24:10 GMT 2025: Set wallpaper to /home/solo/.config/hypr/wallpapers/mercedes-w11.webp
Tue 23 Dec 21:26:10 GMT 2025: Set wallpaper to /home/solo/.config/hypr/wallpapers/SoloLinux_Wallpaper_Blue_White_Text.png
Tue 23 Dec 21:28:10 GMT 2025: Set wallpaper to /home/solo/.config/hypr/wallpapers/mercedes_amg_f1_m11_eq_performance_4k-HD.jpg
Tue 23 Dec 21:30:10 GMT 2025: Set wallpaper to /home/solo/.config/hypr/wallpapers/linux-nitros-dark-ov.jpg
Tue 23 Dec 21:32:10 GMT 2025: Set wallpaper to /home/solo/.config/hypr/wallpapers/SoloLinux_Blue_And_WHite_Text_Dark.png
Tue 23 Dec 21:34:10 GMT 2025: Set wallpaper to /home/solo/.config/hypr/wallpapers/2005-Ferrari-F430-007-1080.jpg
Tue 23 Dec 21:36:10 GMT 2025: Set wallpaper to /home/solo/.config/hypr/wallpapers/w11_wets.webp
Wed 24 Dec 13:28:33 GMT 2025: Set wallpaper to /home/solo/.config/hypr/wallpapers/w05.webp
Wed 24 Dec 13:30:33 GMT 2025: Set wallpaper to /home/solo/.config/hypr/wallpapers/thumb-1920-1345403.jpeg
Wed 24 Dec 13:32:33 GMT 2025: Set wallpaper to /home/solo/.config/hypr/wallpapers/SoloLinux4.png
Wed 24 Dec 13:34:33 GMT 2025: Set wallpaper to /home/solo/.config/hypr/wallpapers/SoloLinux_Wallpaper_Blue_White_Text.png
Wed 24 Dec 13:36:33 GMT 2025: Set wallpaper to /home/solo/.config/hypr/wallpapers/w05.webp
Wed 24 Dec 13:38:33 GMT 2025: Set wallpaper to /home/solo/.config/hypr/wallpapers/2005-Ferrari-F430-007-1080.jpg
Wed 24 Dec 13:40:33 GMT 2025: Set wallpaper to /home/solo/.config/hypr/wallpapers/1979-Canepa-BMW-M1-Procar_grey.png
Wed 24 Dec 13:42:33 GMT 2025: Set wallpaper to /home/solo/.config/hypr/wallpapers/mazda-mx5-miata-mazda-3351.jpg
Wed 24 Dec 13:44:33 GMT 2025: Set wallpaper to /home/solo/.config/hypr/wallpapers/SilverW11.jpg
Wed 24 Dec 13:46:33 GMT 2025: Set wallpaper to /home/solo/.config/hypr/wallpapers/2011-Mercedes-Benz-C63-AMG-Coupe-Black-002-1080.jpg
Wed 24 Dec 13:48:33 GMT 2025: Set wallpaper to /home/solo/.config/hypr/wallpapers/2011-Mercedes-Benz-C63-AMG-Coupe-Black-001-1080.jpg
Wed 24 Dec 13:50:33 GMT 2025: Set wallpaper to /home/solo/.config/hypr/wallpapers/W11_with_DRS.jpg
Wed 24 Dec 13:52:33 GMT 2025: Set wallpaper to /home/solo/.config/hypr/wallpapers/2005-Ferrari-F430-007-1080.jpg
Wed 24 Dec 13:54:33 GMT 2025: Set wallpaper to /home/solo/.config/hypr/wallpapers/W11_with_DRS.jpg
Wed 24 Dec 13:56:33 GMT 2025: Set wallpaper to /home/solo/.config/hypr/wallpapers/simple.png
Wed 24 Dec 13:58:33 GMT 2025: Set wallpaper to /home/solo/.config/hypr/wallpapers/SilverW11.jpg
Wed 24 Dec 14:00:34 GMT 2025: Set wallpaper to /home/solo/.config/hypr/wallpapers/hyprland_wallpaper.png
Wed 24 Dec 14:02:34 GMT 2025: Set wallpaper to /home/solo/.config/hypr/wallpapers/2015-Porsche-918-Spyder-012-1440.jpg
Wed 24 Dec 14:04:34 GMT 2025: Set wallpaper to /home/solo/.config/hypr/wallpapers/SoloLinux_Wallpaper_Blue_White_Text.png
Wed 24 Dec 14:06:34 GMT 2025: Set wallpaper to /home/solo/.config/hypr/wallpapers/hyprland_wallpaper.png
Wed 24 Dec 14:08:34 GMT 2025: Set wallpaper to /home/solo/.config/hypr/wallpapers/W05.jpg
Wed 24 Dec 14:10:34 GMT 2025: Set wallpaper to /home/solo/.config/hypr/wallpapers/hyprland_wallpaper.png
Wed 24 Dec 14:12:34 GMT 2025: Set wallpaper to /home/solo/.config/hypr/wallpapers/mercedes_amg_f1_m11_eq_performance_4k-HD.jpg
Wed 24 Dec 14:14:34 GMT 2025: Set wallpaper to /home/solo/.config/hypr/wallpapers/SilverW11.jpg
Wed 24 Dec 14:16:34 GMT 2025: Set wallpaper to /home/solo/.config/hypr/wallpapers/mercedes_amg_f1_m11_eq_performance_4k-HD.jpg
Wed 24 Dec 14:18:34 GMT 2025: Set wallpaper to /home/solo/.config/hypr/wallpapers/hyprland_wallpaper.png
Wed 24 Dec 14:20:34 GMT 2025: Set wallpaper to /home/solo/.config/hypr/wallpapers/simple.png
Wed 24 Dec 14:22:34 GMT 2025: Set wallpaper to /home/solo/.config/hypr/wallpapers/2011-Mercedes-Benz-C63-AMG-Coupe-Black-001-1080.jpg
Wed 24 Dec 14:24:34 GMT 2025: Set wallpaper to /home/solo/.config/hypr/wallpapers/thumb-1920-1345403.jpeg
Wed 24 Dec 14:26:34 GMT 2025: Set wallpaper to /home/solo/.config/hypr/wallpapers/hamilton_3079629.jpg
Wed 24 Dec 14:28:34 GMT 2025: Set wallpaper to /home/solo/.config/hypr/wallpapers/1968-Lamborghini-Miura-Jota-SVR-001-1080.jpg
Wed 24 Dec 14:30:34 GMT 2025: Set wallpaper to /home/solo/.config/hypr/wallpapers/2005-Ferrari-F430-007-1080.jpg
Wed 24 Dec 14:32:34 GMT 2025: Set wallpaper to /home/solo/.config/hypr/wallpapers/SilverW11.jpg
Wed 24 Dec 14:34:34 GMT 2025: Set wallpaper to /home/solo/.config/hypr/wallpapers/SoloLinux_Blue_And_WHite_Text_Dark.png
Wed 24 Dec 14:36:34 GMT 2025: Set wallpaper to /home/solo/.config/hypr/wallpapers/W05.jpg
Wed 24 Dec 14:38:34 GMT 2025: Set wallpaper to /home/solo/.config/hypr/wallpapers/2011-Mercedes-Benz-C63-AMG-Coupe-Black-002-1080.jpg
Wed 24 Dec 14:40:34 GMT 2025: Set wallpaper to /home/solo/.config/hypr/wallpapers/SoloLinux_Blue_And_WHite_Text_Dark.png
Wed 24 Dec 14:42:35 GMT 2025: Set wallpaper to /home/solo/.config/hypr/wallpapers/mazda-mx5-miata-mazda-3351.jpg
Wed 24 Dec 14:44:35 GMT 2025: Set wallpaper to /home/solo/.config/hypr/wallpapers/2014-Mercedes-Benz-SLS-AMG-Black-Series-009-1440.jpg
Wed 24 Dec 14:46:35 GMT 2025: Set wallpaper to /home/solo/.config/hypr/wallpapers/2008-Mazda-Furai-Concept_grey.png
Wed 24 Dec 14:48:35 GMT 2025: Set wallpaper to /home/solo/.config/hypr/wallpapers/mercedes_amg_f1_m11_eq_performance_4k-HD.jpg
Wed 24 Dec 14:50:35 GMT 2025: Set wallpaper to /home/solo/.config/hypr/wallpapers/linux-nitros-dark-ov.jpg
Wed 24 Dec 14:52:35 GMT 2025: Set wallpaper to /home/solo/.config/hypr/wallpapers/SoloLinux_Wallpaper_1.png
Wed 24 Dec 14:54:35 GMT 2025: Set wallpaper to /home/solo/.config/hypr/wallpapers/SoloLinux_Blue_And_WHite_Text_Dark.png
Wed 24 Dec 14:56:35 GMT 2025: Set wallpaper to /home/solo/.config/hypr/wallpapers/2008-Mazda-Furai-Concept_grey.png
Wed 24 Dec 14:58:35 GMT 2025: Set wallpaper to /home/solo/.config/hypr/wallpapers/astize_cc0_split1.png
Wed 24 Dec 15:00:35 GMT 2025: Set wallpaper to /home/solo/.config/hypr/wallpapers/1979-Canepa-BMW-M1-Procar_grey.png
Wed 24 Dec 15:02:35 GMT 2025: Set wallpaper to /home/solo/.config/hypr/wallpapers/astize_cc0_split1.png
Wed 24 Dec 15:04:35 GMT 2025: Set wallpaper to /home/solo/.config/hypr/wallpapers/2008-Mazda-Furai-Concept-004-1440.jpg
Wed 24 Dec 15:06:35 GMT 2025: Set wallpaper to /home/solo/.config/hypr/wallpapers/2009-Mercedes-Benz-SL-65-AMG-Black-003-1080.jpg
Wed 24 Dec 15:08:35 GMT 2025: Set wallpaper to /home/solo/.config/hypr/wallpapers/hyprland_wallpaper.png
Wed 24 Dec 15:10:35 GMT 2025: Set wallpaper to /home/solo/.config/hypr/wallpapers/W05.jpg
Wed 24 Dec 15:12:35 GMT 2025: Set wallpaper to /home/solo/.config/hypr/wallpapers/SoloLinux_Wallpaper_1.png
Wed 24 Dec 15:14:35 GMT 2025: Set wallpaper to /home/solo/.config/hypr/wallpapers/simple.png
Wed 24 Dec 15:16:35 GMT 2025: Set wallpaper to /home/solo/.config/hypr/wallpapers/mercedes-w11.webp
Wed 24 Dec 15:18:35 GMT 2025: Set wallpaper to /home/solo/.config/hypr/wallpapers/2019-Bugatti-Divo.jpg
Wed 24 Dec 15:20:35 GMT 2025: Set wallpaper to /home/solo/.config/hypr/wallpapers/mazda-mx5-miata-mazda-3351.jpg
Wed 24 Dec 15:22:35 GMT 2025: Set wallpaper to /home/solo/.config/hypr/wallpapers/w05.webp
Wed 24 Dec 15:24:35 GMT 2025: Set wallpaper to /home/solo/.config/hypr/wallpapers/SoloLinux_Wallpaper_Blue_White_Text.png
Wed 24 Dec 15:26:35 GMT 2025: Set wallpaper to /home/solo/.config/hypr/wallpapers/SilverW11.jpg
Wed 24 Dec 15:28:36 GMT 2025: Set wallpaper to /home/solo/.config/hypr/wallpapers/w11_pfp.webp
Wed 24 Dec 15:30:36 GMT 2025: Set wallpaper to /home/solo/.config/hypr/wallpapers/linux-nitros-dark-ov.jpg
Wed 24 Dec 15:32:36 GMT 2025: Set wallpaper to /home/solo/.config/hypr/wallpapers/mercedes-w11.webp
Wed 24 Dec 15:34:36 GMT 2025: Set wallpaper to /home/solo/.config/hypr/wallpapers/2005-Ferrari-F430-007-1080.jpg
Wed 24 Dec 15:36:36 GMT 2025: Set wallpaper to /home/solo/.config/hypr/wallpapers/SilverW11.jpg
Wed 24 Dec 15:38:36 GMT 2025: Set wallpaper to /home/solo/.config/hypr/wallpapers/2008-Mazda-Furai-Concept-004-1440.jpg
Wed 24 Dec 15:40:36 GMT 2025: Set wallpaper to /home/solo/.config/hypr/wallpapers/2009-Mercedes-Benz-SL-65-AMG-Black-003-1080.jpg
Wed 24 Dec 15:42:36 GMT 2025: Set wallpaper to /home/solo/.config/hypr/wallpapers/astize_cc0_split1.png
Wed 24 Dec 15:44:36 GMT 2025: Set wallpaper to /home/solo/.config/hypr/wallpapers/simple.png
Wed 24 Dec 15:46:36 GMT 2025: Set wallpaper to /home/solo/.config/hypr/wallpapers/W11_with_DRS.jpg
Wed 24 Dec 15:48:36 GMT 2025: Set wallpaper to /home/solo/.config/hypr/wallpapers/2019-Bugatti-Divo.jpg
Wed 24 Dec 15:50:36 GMT 2025: Set wallpaper to /home/solo/.config/hypr/wallpapers/2011-Mercedes-Benz-C63-AMG-Coupe-Black-002-1080.jpg
Wed 24 Dec 15:52:36 GMT 2025: Set wallpaper to /home/solo/.config/hypr/wallpapers/SoloLinux_Wallpaper_Blue_White_Text.png
Wed 24 Dec 15:54:36 GMT 2025: Set wallpaper to /home/solo/.config/hypr/wallpapers/astize_cc0_split1.png
Wed 24 Dec 15:56:36 GMT 2025: Set wallpaper to /home/solo/.config/hypr/wallpapers/SoloLinux_Wallpaper_1.png
Wed 24 Dec 15:58:36 GMT 2025: Set wallpaper to /home/solo/.config/hypr/wallpapers/2014-Mercedes-Benz-SLS-AMG-Black-Series-009-1440.jpg
Wed 24 Dec 16:00:36 GMT 2025: Set wallpaper to /home/solo/.config/hypr/wallpapers/2009-Mercedes-Benz-SL-65-AMG-Black-003-1080.jpg
Wed 24 Dec 16:02:36 GMT 2025: Set wallpaper to /home/solo/.config/hypr/wallpapers/hyprland_wallpaper.png
Wed 24 Dec 16:04:36 GMT 2025: Set wallpaper to /home/solo/.config/hypr/wallpapers/SoloLinux_Blue_And_WHite_Text_Dark.png
Wed 24 Dec 16:06:36 GMT 2025: Set wallpaper to /home/solo/.config/hypr/wallpapers/thumb-1920-1345403.jpeg
Wed 24 Dec 16:08:36 GMT 2025: Set wallpaper to /home/solo/.config/hypr/wallpapers/astize_cc0_split1.png
Wed 24 Dec 18:07:13 GMT 2025: Set wallpaper to /home/solo/.config/hypr/wallpapers/SoloLinux_Wallpaper_Blue_White_Text.png
Wed 24 Dec 18:09:13 GMT 2025: Set wallpaper to /home/solo/.config/hypr/wallpapers/SoloLinux4.png
Wed 24 Dec 18:11:13 GMT 2025: Set wallpaper to /home/solo/.config/hypr/wallpapers/2011-Mercedes-Benz-C63-AMG-Coupe-Black-002-1080.jpg
Wed 24 Dec 18:13:13 GMT 2025: Set wallpaper to /home/solo/.config/hypr/wallpapers/2008-Mazda-Furai-Concept_grey.png
Wed 24 Dec 18:15:13 GMT 2025: Set wallpaper to /home/solo/.config/hypr/wallpapers/hyprland_wallpaper.png
Wed 24 Dec 18:17:13 GMT 2025: Set wallpaper to /home/solo/.config/hypr/wallpapers/mercedes_amg_f1_m11_eq_performance_4k-HD.jpg
Wed 24 Dec 18:19:13 GMT 2025: Set wallpaper to /home/solo/.config/hypr/wallpapers/2015-Porsche-918-Spyder-012-1440.jpg
Wed 24 Dec 18:21:13 GMT 2025: Set wallpaper to /home/solo/.config/hypr/wallpapers/mercedes_amg_f1_m11_eq_performance_4k-HD.jpg
Wed 24 Dec 18:23:13 GMT 2025: Set wallpaper to /home/solo/.config/hypr/wallpapers/2011-Mercedes-Benz-C63-AMG-Coupe-Black-002-1080.jpg
Wed 24 Dec 18:25:13 GMT 2025: Set wallpaper to /home/solo/.config/hypr/wallpapers/astize_cc0_split1.png
Wed 24 Dec 18:27:13 GMT 2025: Set wallpaper to /home/solo/.config/hypr/wallpapers/w05.webp
Wed 24 Dec 18:29:13 GMT 2025: Set wallpaper to /home/solo/.config/hypr/wallpapers/astize_cc0_split1.png
Wed 24 Dec 18:31:13 GMT 2025: Set wallpaper to /home/solo/.config/hypr/wallpapers/mercedes_amg_f1_m11_eq_performance_4k-HD.jpg
Wed 24 Dec 19:28:21 GMT 2025: Set wallpaper to /home/solo/.config/hypr/wallpapers/mercedes_amg_f1_m11_eq_performance_4k-HD.jpg
Wed 24 Dec 19:30:21 GMT 2025: Set wallpaper to /home/solo/.config/hypr/wallpapers/2005-Ferrari-F430-007-1080.jpg
Wed 24 Dec 19:32:21 GMT 2025: Set wallpaper to /home/solo/.config/hypr/wallpapers/1979-Canepa-BMW-M1-Procar_grey.png
Wed 24 Dec 19:34:21 GMT 2025: Set wallpaper to /home/solo/.config/hypr/wallpapers/w11_wets.webp
Wed 24 Dec 19:36:21 GMT 2025: Set wallpaper to /home/solo/.config/hypr/wallpapers/mercedes_amg_f1_m11_eq_performance_4k-HD.jpg
Wed 24 Dec 19:38:21 GMT 2025: Set wallpaper to /home/solo/.config/hypr/wallpapers/simple.png
Wed 24 Dec 19:40:21 GMT 2025: Set wallpaper to /home/solo/.config/hypr/wallpapers/w11_pfp.webp
Wed 24 Dec 19:42:21 GMT 2025: Set wallpaper to /home/solo/.config/hypr/wallpapers/mercedes_amg_f1_m11_eq_performance_4k-HD.jpg
Wed 24 Dec 19:44:21 GMT 2025: Set wallpaper to /home/solo/.config/hypr/wallpapers/2008-Mazda-Furai-Concept_grey.png
Wed 24 Dec 19:46:21 GMT 2025: Set wallpaper to /home/solo/.config/hypr/wallpapers/2008-Mazda-Furai-Concept-004-1440.jpg
Wed 24 Dec 19:48:21 GMT 2025: Set wallpaper to /home/solo/.config/hypr/wallpapers/mercedes_amg_f1_m11_eq_performance_4k-HD.jpg
Wed 24 Dec 19:50:21 GMT 2025: Set wallpaper to /home/solo/.config/hypr/wallpapers/2008-Mazda-Furai-Concept-004-1440.jpg
Wed 24 Dec 19:52:21 GMT 2025: Set wallpaper to /home/solo/.config/hypr/wallpapers/mazda-mx5-miata-mazda-3351.jpg
Wed 24 Dec 19:54:21 GMT 2025: Set wallpaper to /home/solo/.config/hypr/wallpapers/2011-Mercedes-Benz-C63-AMG-Coupe-Black-001-1080.jpg
Wed 24 Dec 19:56:21 GMT 2025: Set wallpaper to /home/solo/.config/hypr/wallpapers/mercedes_amg_f1_m11_eq_performance_4k-HD.jpg
Wed 24 Dec 19:58:21 GMT 2025: Set wallpaper to /home/solo/.config/hypr/wallpapers/mazda-mx5-miata-mazda-3351.jpg
Wed 24 Dec 20:00:21 GMT 2025: Set wallpaper to /home/solo/.config/hypr/wallpapers/SoloLinux4.png
Wed 24 Dec 20:02:21 GMT 2025: Set wallpaper to /home/solo/.config/hypr/wallpapers/2011-Mercedes-Benz-C63-AMG-Coupe-Black-001-1080.jpg
Wed 24 Dec 20:04:21 GMT 2025: Set wallpaper to /home/solo/.config/hypr/wallpapers/simple.png
Wed 24 Dec 20:06:21 GMT 2025: Set wallpaper to /home/solo/.config/hypr/wallpapers/W05.jpg
Wed 24 Dec 20:08:21 GMT 2025: Set wallpaper to /home/solo/.config/hypr/wallpapers/astize_cc0_split1.png
Wed 24 Dec 20:10:21 GMT 2025: Set wallpaper to /home/solo/.config/hypr/wallpapers/SoloLinux_Wallpaper_1.png
Wed 24 Dec 20:12:21 GMT 2025: Set wallpaper to /home/solo/.config/hypr/wallpapers/w11_pfp.webp
Wed 24 Dec 20:14:21 GMT 2025: Set wallpaper to /home/solo/.config/hypr/wallpapers/w11_wets.webp
Wed 24 Dec 20:16:21 GMT 2025: Set wallpaper to /home/solo/.config/hypr/wallpapers/2015-Porsche-918-Spyder-012-1440.jpg
Wed 24 Dec 20:18:21 GMT 2025: Set wallpaper to /home/solo/.config/hypr/wallpapers/2008-Mazda-Furai-Concept-004-1440.jpg
Wed 24 Dec 20:20:21 GMT 2025: Set wallpaper to /home/solo/.config/hypr/wallpapers/2011-Mercedes-Benz-C63-AMG-Coupe-Black-001-1080.jpg
Wed 24 Dec 20:22:21 GMT 2025: Set wallpaper to /home/solo/.config/hypr/wallpapers/mazda-mx5-miata-mazda-3351.jpg
Wed 24 Dec 20:24:21 GMT 2025: Set wallpaper to /home/solo/.config/hypr/wallpapers/2015-Porsche-918-Spyder-012-1440.jpg
Wed 24 Dec 20:26:21 GMT 2025: Set wallpaper to /home/solo/.config/hypr/wallpapers/mercedes-w11.webp
Wed 24 Dec 20:28:21 GMT 2025: Set wallpaper to /home/solo/.config/hypr/wallpapers/2005-Ferrari-F430-007-1080.jpg
Wed 24 Dec 20:30:21 GMT 2025: Set wallpaper to /home/solo/.config/hypr/wallpapers/SilverW11.jpg
Wed 24 Dec 20:32:21 GMT 2025: Set wallpaper to /home/solo/.config/hypr/wallpapers/SoloLinux_Blue_And_WHite_Text_Dark.png
Wed 24 Dec 20:34:21 GMT 2025: Set wallpaper to /home/solo/.config/hypr/wallpapers/SoloLinux_Blue_And_WHite_Text_Dark.png
Wed 24 Dec 20:36:21 GMT 2025: Set wallpaper to /home/solo/.config/hypr/wallpapers/w11_pfp.webp
Wed 24 Dec 20:38:21 GMT 2025: Set wallpaper to /home/solo/.config/hypr/wallpapers/astize_cc0_split1.png
Wed 24 Dec 20:40:21 GMT 2025: Set wallpaper to /home/solo/.config/hypr/wallpapers/mercedes_amg_f1_m11_eq_performance_4k-HD.jpg
Wed 24 Dec 20:42:21 GMT 2025: Set wallpaper to /home/solo/.config/hypr/wallpapers/thumb-1920-1345403.jpeg
Wed 24 Dec 20:44:21 GMT 2025: Set wallpaper to /home/solo/.config/hypr/wallpapers/w05.webp
Wed 24 Dec 20:46:22 GMT 2025: Set wallpaper to /home/solo/.config/hypr/wallpapers/2005-Ferrari-F430-007-1080.jpg
Wed 24 Dec 20:48:22 GMT 2025: Set wallpaper to /home/solo/.config/hypr/wallpapers/SoloLinux_Wallpaper_Blue_White_Text.png
Wed 24 Dec 20:50:22 GMT 2025: Set wallpaper to /home/solo/.config/hypr/wallpapers/1979-Canepa-BMW-M1-Procar_grey.png
Wed 24 Dec 20:52:22 GMT 2025: Set wallpaper to /home/solo/.config/hypr/wallpapers/2014-Mercedes-Benz-SLS-AMG-Black-Series-009-1440.jpg
Wed 24 Dec 20:54:22 GMT 2025: Set wallpaper to /home/solo/.config/hypr/wallpapers/hyprland_wallpaper.png
Wed 24 Dec 20:59:25 GMT 2025: Set wallpaper to /home/solo/.config/hypr/wallpapers/mazda-mx5-miata-mazda-3351.jpg
Wed 24 Dec 21:01:25 GMT 2025: Set wallpaper to /home/solo/.config/hypr/wallpapers/1979-Canepa-BMW-M1-Procar_grey.png
Wed 24 Dec 21:03:25 GMT 2025: Set wallpaper to /home/solo/.config/hypr/wallpapers/1979-Canepa-BMW-M1-Procar_grey.png
Wed 24 Dec 21:05:25 GMT 2025: Set wallpaper to /home/solo/.config/hypr/wallpapers/mercedes_amg_f1_m11_eq_performance_4k-HD.jpg
Wed 24 Dec 21:07:25 GMT 2025: Set wallpaper to /home/solo/.config/hypr/wallpapers/SoloLinux4.png
Wed 24 Dec 21:09:25 GMT 2025: Set wallpaper to /home/solo/.config/hypr/wallpapers/hamilton_3079629.jpg
Wed 24 Dec 21:11:25 GMT 2025: Set wallpaper to /home/solo/.config/hypr/wallpapers/SoloLinux_Wallpaper_Blue_White_Text.png
Wed 24 Dec 21:13:25 GMT 2025: Set wallpaper to /home/solo/.config/hypr/wallpapers/mazda-mx5-miata-mazda-3351.jpg
Wed 24 Dec 21:15:25 GMT 2025: Set wallpaper to /home/solo/.config/hypr/wallpapers/hyprland_wallpaper.png
Wed 24 Dec 21:17:25 GMT 2025: Set wallpaper to /home/solo/.config/hypr/wallpapers/mercedes-w11.webp
Wed 24 Dec 21:19:25 GMT 2025: Set wallpaper to /home/solo/.config/hypr/wallpapers/2011-Mercedes-Benz-C63-AMG-Coupe-Black-001-1080.jpg
Wed 24 Dec 21:21:25 GMT 2025: Set wallpaper to /home/solo/.config/hypr/wallpapers/mercedes-w11.webp
Wed 24 Dec 21:23:25 GMT 2025: Set wallpaper to /home/solo/.config/hypr/wallpapers/SoloLinux4.png
Wed 24 Dec 21:25:25 GMT 2025: Set wallpaper to /home/solo/.config/hypr/wallpapers/2008-Mazda-Furai-Concept_grey.png
Wed 24 Dec 21:27:25 GMT 2025: Set wallpaper to /home/solo/.config/hypr/wallpapers/linux-nitros-dark-ov.jpg
Wed 24 Dec 21:29:25 GMT 2025: Set wallpaper to /home/solo/.config/hypr/wallpapers/W05.jpg
Wed 24 Dec 21:31:25 GMT 2025: Set wallpaper to /home/solo/.config/hypr/wallpapers/W05.jpg
Wed 24 Dec 21:33:25 GMT 2025: Set wallpaper to /home/solo/.config/hypr/wallpapers/mercedes_amg_f1_m11_eq_performance_4k-HD.jpg
Wed 24 Dec 21:35:25 GMT 2025: Set wallpaper to /home/solo/.config/hypr/wallpapers/w05.webp
Wed 24 Dec 21:37:25 GMT 2025: Set wallpaper to /home/solo/.config/hypr/wallpapers/W11_with_DRS.jpg
Wed 24 Dec 21:39:25 GMT 2025: Set wallpaper to /home/solo/.config/hypr/wallpapers/2011-Mercedes-Benz-C63-AMG-Coupe-Black-001-1080.jpg
Wed 24 Dec 21:41:25 GMT 2025: Set wallpaper to /home/solo/.config/hypr/wallpapers/linux-nitros-dark-ov.jpg
Wed 24 Dec 21:43:25 GMT 2025: Set wallpaper to /home/solo/.config/hypr/wallpapers/w11_wets.webp
Wed 24 Dec 21:45:25 GMT 2025: Set wallpaper to /home/solo/.config/hypr/wallpapers/w11_wets.webp
Wed 24 Dec 21:47:25 GMT 2025: Set wallpaper to /home/solo/.config/hypr/wallpapers/astize_cc0_split1.png
Wed 24 Dec 21:49:25 GMT 2025: Set wallpaper to /home/solo/.config/hypr/wallpapers/2008-Mazda-Furai-Concept_grey.png
Wed 24 Dec 21:51:25 GMT 2025: Set wallpaper to /home/solo/.config/hypr/wallpapers/SoloLinux4.png
Wed 24 Dec 21:53:25 GMT 2025: Set wallpaper to /home/solo/.config/hypr/wallpapers/W11_with_DRS.jpg
Wed 24 Dec 21:55:25 GMT 2025: Set wallpaper to /home/solo/.config/hypr/wallpapers/2019-Bugatti-Divo.jpg
Thu 25 Dec 15:13:05 GMT 2025: Set wallpaper to /home/solo/.config/hypr/wallpapers/2011-Mercedes-Benz-C63-AMG-Coupe-Black-002-1080.jpg
Thu 25 Dec 18:56:07 GMT 2025: Set wallpaper to /home/solo/.config/hypr/wallpapers/2008-Mazda-Furai-Concept-004-1440.jpg
Fri 26 Dec 10:08:46 GMT 2025: Set wallpaper to /home/solo/.config/hypr/wallpapers/hamilton_3079629.jpg
Fri 26 Dec 10:10:46 GMT 2025: Set wallpaper to /home/solo/.config/hypr/wallpapers/hamilton_3079629.jpg
Fri 26 Dec 10:12:46 GMT 2025: Set wallpaper to /home/solo/.config/hypr/wallpapers/linux-nitros-dark-ov.jpg
Fri 26 Dec 10:14:46 GMT 2025: Set wallpaper to /home/solo/.config/hypr/wallpapers/mercedes_amg_f1_m11_eq_performance_4k-HD.jpg
Fri 26 Dec 10:16:46 GMT 2025: Set wallpaper to /home/solo/.config/hypr/wallpapers/1968-Lamborghini-Miura-Jota-SVR-001-1080.jpg
Fri 26 Dec 10:18:47 GMT 2025: Set wallpaper to /home/solo/.config/hypr/wallpapers/2008-Mazda-Furai-Concept-004-1440.jpg
Fri 26 Dec 10:20:47 GMT 2025: Set wallpaper to /home/solo/.config/hypr/wallpapers/2005-Ferrari-F430-007-1080.jpg
Fri 26 Dec 10:22:47 GMT 2025: Set wallpaper to /home/solo/.config/hypr/wallpapers/SoloLinux_Wallpaper_1.png
Fri 26 Dec 10:24:47 GMT 2025: Set wallpaper to /home/solo/.config/hypr/wallpapers/2011-Mercedes-Benz-C63-AMG-Coupe-Black-001-1080.jpg
Fri 26 Dec 10:26:47 GMT 2025: Set wallpaper to /home/solo/.config/hypr/wallpapers/w11_pfp.webp
Fri 26 Dec 10:28:47 GMT 2025: Set wallpaper to /home/solo/.config/hypr/wallpapers/1968-Lamborghini-Miura-Jota-SVR-001-1080.jpg
Fri 26 Dec 10:30:47 GMT 2025: Set wallpaper to /home/solo/.config/hypr/wallpapers/2009-Mercedes-Benz-SL-65-AMG-Black-003-1080.jpg
Fri 26 Dec 10:32:47 GMT 2025: Set wallpaper to /home/solo/.config/hypr/wallpapers/SoloLinux_Wallpaper_Blue_White_Text.png
Fri 26 Dec 10:34:47 GMT 2025: Set wallpaper to /home/solo/.config/hypr/wallpapers/2009-Mercedes-Benz-SL-65-AMG-Black-003-1080.jpg
Fri 26 Dec 10:36:47 GMT 2025: Set wallpaper to /home/solo/.config/hypr/wallpapers/SilverW11.jpg
Fri 26 Dec 10:38:47 GMT 2025: Set wallpaper to /home/solo/.config/hypr/wallpapers/2008-Mazda-Furai-Concept_grey.png
Fri 26 Dec 10:40:47 GMT 2025: Set wallpaper to /home/solo/.config/hypr/wallpapers/mercedes-w11.webp
Fri 26 Dec 10:42:47 GMT 2025: Set wallpaper to /home/solo/.config/hypr/wallpapers/w11_pfp.webp
Fri 26 Dec 10:44:47 GMT 2025: Set wallpaper to /home/solo/.config/hypr/wallpapers/2008-Mazda-Furai-Concept_grey.png
Fri 26 Dec 10:46:47 GMT 2025: Set wallpaper to /home/solo/.config/hypr/wallpapers/2011-Mercedes-Benz-C63-AMG-Coupe-Black-002-1080.jpg
Fri 26 Dec 10:48:47 GMT 2025: Set wallpaper to /home/solo/.config/hypr/wallpapers/mazda-mx5-miata-mazda-3351.jpg
Fri 26 Dec 10:50:47 GMT 2025: Set wallpaper to /home/solo/.config/hypr/wallpapers/2005-Ferrari-F430-007-1080.jpg
Fri 26 Dec 10:52:47 GMT 2025: Set wallpaper to /home/solo/.config/hypr/wallpapers/mercedes_amg_f1_m11_eq_performance_4k-HD.jpg
Fri 26 Dec 10:54:47 GMT 2025: Set wallpaper to /home/solo/.config/hypr/wallpapers/w05.webp
Fri 26 Dec 10:56:47 GMT 2025: Set wallpaper to /home/solo/.config/hypr/wallpapers/2011-Mercedes-Benz-C63-AMG-Coupe-Black-001-1080.jpg
Fri 26 Dec 10:58:47 GMT 2025: Set wallpaper to /home/solo/.config/hypr/wallpapers/2005-Ferrari-F430-007-1080.jpg
Fri 26 Dec 11:00:47 GMT 2025: Set wallpaper to /home/solo/.config/hypr/wallpapers/W11_with_DRS.jpg
Fri 26 Dec 11:02:47 GMT 2025: Set wallpaper to /home/solo/.config/hypr/wallpapers/W05.jpg
Fri 26 Dec 11:04:48 GMT 2025: Set wallpaper to /home/solo/.config/hypr/wallpapers/W05.jpg
Fri 26 Dec 11:06:48 GMT 2025: Set wallpaper to /home/solo/.config/hypr/wallpapers/hamilton_3079629.jpg
Fri 26 Dec 11:08:48 GMT 2025: Set wallpaper to /home/solo/.config/hypr/wallpapers/2015-Porsche-918-Spyder-012-1440.jpg
Fri 26 Dec 11:10:48 GMT 2025: Set wallpaper to /home/solo/.config/hypr/wallpapers/SoloLinux4.png
Fri 26 Dec 11:12:48 GMT 2025: Set wallpaper to /home/solo/.config/hypr/wallpapers/2011-Mercedes-Benz-C63-AMG-Coupe-Black-002-1080.jpg
Fri 26 Dec 11:14:48 GMT 2025: Set wallpaper to /home/solo/.config/hypr/wallpapers/1968-Lamborghini-Miura-Jota-SVR-001-1080.jpg
Fri 26 Dec 11:16:48 GMT 2025: Set wallpaper to /home/solo/.config/hypr/wallpapers/mercedes-w11.webp
Fri 26 Dec 11:18:48 GMT 2025: Set wallpaper to /home/solo/.config/hypr/wallpapers/hyprland_wallpaper.png
Fri 26 Dec 11:20:48 GMT 2025: Set wallpaper to /home/solo/.config/hypr/wallpapers/w11_pfp.webp
Fri 26 Dec 11:22:48 GMT 2025: Set wallpaper to /home/solo/.config/hypr/wallpapers/1979-Canepa-BMW-M1-Procar_grey.png
Fri 26 Dec 11:24:48 GMT 2025: Set wallpaper to /home/solo/.config/hypr/wallpapers/1968-Lamborghini-Miura-Jota-SVR-001-1080.jpg
Fri 26 Dec 11:26:48 GMT 2025: Set wallpaper to /home/solo/.config/hypr/wallpapers/2005-Ferrari-F430-007-1080.jpg
Fri 26 Dec 11:28:48 GMT 2025: Set wallpaper to /home/solo/.config/hypr/wallpapers/mercedes_amg_f1_m11_eq_performance_4k-HD.jpg
Fri 26 Dec 11:30:48 GMT 2025: Set wallpaper to /home/solo/.config/hypr/wallpapers/SoloLinux4.png
Fri 26 Dec 11:32:48 GMT 2025: Set wallpaper to /home/solo/.config/hypr/wallpapers/SilverW11.jpg
Fri 26 Dec 11:34:48 GMT 2025: Set wallpaper to /home/solo/.config/hypr/wallpapers/linux-nitros-dark-ov.jpg
Fri 26 Dec 11:36:48 GMT 2025: Set wallpaper to /home/solo/.config/hypr/wallpapers/2019-Bugatti-Divo.jpg
Fri 26 Dec 11:38:48 GMT 2025: Set wallpaper to /home/solo/.config/hypr/wallpapers/SoloLinux_Blue_And_WHite_Text_Dark.png
Fri 26 Dec 11:40:48 GMT 2025: Set wallpaper to /home/solo/.config/hypr/wallpapers/SoloLinux4.png
Fri 26 Dec 11:42:48 GMT 2025: Set wallpaper to /home/solo/.config/hypr/wallpapers/mazda-mx5-miata-mazda-3351.jpg
Fri 26 Dec 11:44:48 GMT 2025: Set wallpaper to /home/solo/.config/hypr/wallpapers/hyprland_wallpaper.png
Fri 26 Dec 11:46:48 GMT 2025: Set wallpaper to /home/solo/.config/hypr/wallpapers/2019-Bugatti-Divo.jpg
Fri 26 Dec 11:48:48 GMT 2025: Set wallpaper to /home/solo/.config/hypr/wallpapers/mazda-mx5-miata-mazda-3351.jpg
Fri 26 Dec 11:50:48 GMT 2025: Set wallpaper to /home/solo/.config/hypr/wallpapers/linux-nitros-dark-ov.jpg
Fri 26 Dec 11:52:48 GMT 2025: Set wallpaper to /home/solo/.config/hypr/wallpapers/2009-Mercedes-Benz-SL-65-AMG-Black-003-1080.jpg
Fri 26 Dec 11:54:48 GMT 2025: Set wallpaper to /home/solo/.config/hypr/wallpapers/2008-Mazda-Furai-Concept-004-1440.jpg
Fri 26 Dec 11:56:48 GMT 2025: Set wallpaper to /home/solo/.config/hypr/wallpapers/w05.webp
Fri 26 Dec 11:58:48 GMT 2025: Set wallpaper to /home/solo/.config/hypr/wallpapers/2008-Mazda-Furai-Concept-004-1440.jpg
Fri 26 Dec 12:00:48 GMT 2025: Set wallpaper to /home/solo/.config/hypr/wallpapers/SoloLinux4.png
Fri 26 Dec 12:02:48 GMT 2025: Set wallpaper to /home/solo/.config/hypr/wallpapers/W05.jpg
Fri 26 Dec 12:04:48 GMT 2025: Set wallpaper to /home/solo/.config/hypr/wallpapers/w05.webp
Fri 26 Dec 12:06:48 GMT 2025: Set wallpaper to /home/solo/.config/hypr/wallpapers/mazda-mx5-miata-mazda-3351.jpg
Fri 26 Dec 12:08:48 GMT 2025: Set wallpaper to /home/solo/.config/hypr/wallpapers/1979-Canepa-BMW-M1-Procar_grey.png
Fri 26 Dec 12:10:48 GMT 2025: Set wallpaper to /home/solo/.config/hypr/wallpapers/hamilton_3079629.jpg
Fri 26 Dec 12:12:49 GMT 2025: Set wallpaper to /home/solo/.config/hypr/wallpapers/W05.jpg
Fri 26 Dec 12:14:49 GMT 2025: Set wallpaper to /home/solo/.config/hypr/wallpapers/2015-Porsche-918-Spyder-012-1440.jpg
Fri 26 Dec 12:16:49 GMT 2025: Set wallpaper to /home/solo/.config/hypr/wallpapers/W05.jpg
Fri 26 Dec 12:18:49 GMT 2025: Set wallpaper to /home/solo/.config/hypr/wallpapers/1979-Canepa-BMW-M1-Procar_grey.png
Fri 26 Dec 12:20:49 GMT 2025: Set wallpaper to /home/solo/.config/hypr/wallpapers/2008-Mazda-Furai-Concept_grey.png
Fri 26 Dec 12:22:49 GMT 2025: Set wallpaper to /home/solo/.config/hypr/wallpapers/mercedes-w11.webp
Fri 26 Dec 12:24:49 GMT 2025: Set wallpaper to /home/solo/.config/hypr/wallpapers/w05.webp
Fri 26 Dec 12:26:49 GMT 2025: Set wallpaper to /home/solo/.config/hypr/wallpapers/SoloLinux_Wallpaper_Blue_White_Text.png
Fri 26 Dec 12:28:49 GMT 2025: Set wallpaper to /home/solo/.config/hypr/wallpapers/mercedes-w11.webp
Fri 26 Dec 12:30:49 GMT 2025: Set wallpaper to /home/solo/.config/hypr/wallpapers/1968-Lamborghini-Miura-Jota-SVR-001-1080.jpg
Fri 26 Dec 12:32:49 GMT 2025: Set wallpaper to /home/solo/.config/hypr/wallpapers/linux-nitros-dark-ov.jpg
Fri 26 Dec 12:34:49 GMT 2025: Set wallpaper to /home/solo/.config/hypr/wallpapers/SoloLinux_Wallpaper_1.png
Fri 26 Dec 12:36:49 GMT 2025: Set wallpaper to /home/solo/.config/hypr/wallpapers/hyprland_wallpaper.png
Fri 26 Dec 12:38:49 GMT 2025: Set wallpaper to /home/solo/.config/hypr/wallpapers/SoloLinux_Wallpaper_1.png
Fri 26 Dec 12:40:49 GMT 2025: Set wallpaper to /home/solo/.config/hypr/wallpapers/w05.webp
Fri 26 Dec 12:42:49 GMT 2025: Set wallpaper to /home/solo/.config/hypr/wallpapers/2005-Ferrari-F430-007-1080.jpg
Fri 26 Dec 12:44:49 GMT 2025: Set wallpaper to /home/solo/.config/hypr/wallpapers/mazda-mx5-miata-mazda-3351.jpg
Fri 26 Dec 12:46:49 GMT 2025: Set wallpaper to /home/solo/.config/hypr/wallpapers/mercedes_amg_f1_m11_eq_performance_4k-HD.jpg
Fri 26 Dec 12:48:49 GMT 2025: Set wallpaper to /home/solo/.config/hypr/wallpapers/w11_wets.webp
Fri 26 Dec 12:50:49 GMT 2025: Set wallpaper to /home/solo/.config/hypr/wallpapers/hyprland_wallpaper.png
Fri 26 Dec 12:52:49 GMT 2025: Set wallpaper to /home/solo/.config/hypr/wallpapers/SoloLinux_Wallpaper_1.png
Fri 26 Dec 12:54:49 GMT 2025: Set wallpaper to /home/solo/.config/hypr/wallpapers/2008-Mazda-Furai-Concept_grey.png
Fri 26 Dec 12:56:49 GMT 2025: Set wallpaper to /home/solo/.config/hypr/wallpapers/simple.png
Fri 26 Dec 12:58:49 GMT 2025: Set wallpaper to /home/solo/.config/hypr/wallpapers/mercedes-w11.webp
Fri 26 Dec 13:00:49 GMT 2025: Set wallpaper to /home/solo/.config/hypr/wallpapers/mazda-mx5-miata-mazda-3351.jpg
Fri 26 Dec 13:02:49 GMT 2025: Set wallpaper to /home/solo/.config/hypr/wallpapers/SoloLinux_Wallpaper_1.png
Fri 26 Dec 13:04:49 GMT 2025: Set wallpaper to /home/solo/.config/hypr/wallpapers/thumb-1920-1345403.jpeg
Fri 26 Dec 13:06:49 GMT 2025: Set wallpaper to /home/solo/.config/hypr/wallpapers/w11_pfp.webp
Fri 26 Dec 13:08:49 GMT 2025: Set wallpaper to /home/solo/.config/hypr/wallpapers/SoloLinux_Blue_And_WHite_Text_Dark.png
Fri 26 Dec 13:10:49 GMT 2025: Set wallpaper to /home/solo/.config/hypr/wallpapers/W11_with_DRS.jpg
Fri 26 Dec 13:12:49 GMT 2025: Set wallpaper to /home/solo/.config/hypr/wallpapers/simple.png
Fri 26 Dec 13:14:49 GMT 2025: Set wallpaper to /home/solo/.config/hypr/wallpapers/2014-Mercedes-Benz-SLS-AMG-Black-Series-009-1440.jpg
Fri 26 Dec 13:16:49 GMT 2025: Set wallpaper to /home/solo/.config/hypr/wallpapers/2009-Mercedes-Benz-SL-65-AMG-Black-003-1080.jpg
Fri 26 Dec 13:18:49 GMT 2025: Set wallpaper to /home/solo/.config/hypr/wallpapers/W05.jpg
Fri 26 Dec 13:20:49 GMT 2025: Set wallpaper to /home/solo/.config/hypr/wallpapers/w11_wets.webp
Fri 26 Dec 13:22:49 GMT 2025: Set wallpaper to /home/solo/.config/hypr/wallpapers/2011-Mercedes-Benz-C63-AMG-Coupe-Black-002-1080.jpg
Fri 26 Dec 13:24:49 GMT 2025: Set wallpaper to /home/solo/.config/hypr/wallpapers/2015-Porsche-918-Spyder-012-1440.jpg
Fri 26 Dec 13:26:49 GMT 2025: Set wallpaper to /home/solo/.config/hypr/wallpapers/2005-Ferrari-F430-007-1080.jpg
Fri 26 Dec 13:28:49 GMT 2025: Set wallpaper to /home/solo/.config/hypr/wallpapers/W11_with_DRS.jpg
Fri 26 Dec 13:30:50 GMT 2025: Set wallpaper to /home/solo/.config/hypr/wallpapers/2009-Mercedes-Benz-SL-65-AMG-Black-003-1080.jpg
Fri 26 Dec 13:32:50 GMT 2025: Set wallpaper to /home/solo/.config/hypr/wallpapers/mercedes_amg_f1_m11_eq_performance_4k-HD.jpg
Fri 26 Dec 13:34:50 GMT 2025: Set wallpaper to /home/solo/.config/hypr/wallpapers/2008-Mazda-Furai-Concept-004-1440.jpg
Fri 26 Dec 13:36:50 GMT 2025: Set wallpaper to /home/solo/.config/hypr/wallpapers/simple.png
Fri 26 Dec 13:38:50 GMT 2025: Set wallpaper to /home/solo/.config/hypr/wallpapers/simple.png
Fri 26 Dec 13:40:50 GMT 2025: Set wallpaper to /home/solo/.config/hypr/wallpapers/simple.png
Fri 26 Dec 13:42:50 GMT 2025: Set wallpaper to /home/solo/.config/hypr/wallpapers/thumb-1920-1345403.jpeg
Fri 26 Dec 13:44:50 GMT 2025: Set wallpaper to /home/solo/.config/hypr/wallpapers/2019-Bugatti-Divo.jpg
Fri 26 Dec 13:46:50 GMT 2025: Set wallpaper to /home/solo/.config/hypr/wallpapers/2008-Mazda-Furai-Concept_grey.png
Fri 26 Dec 13:48:50 GMT 2025: Set wallpaper to /home/solo/.config/hypr/wallpapers/2008-Mazda-Furai-Concept_grey.png
Fri 26 Dec 13:50:50 GMT 2025: Set wallpaper to /home/solo/.config/hypr/wallpapers/SoloLinux4.png
Fri 26 Dec 13:52:50 GMT 2025: Set wallpaper to /home/solo/.config/hypr/wallpapers/2019-Bugatti-Divo.jpg
Fri 26 Dec 13:54:50 GMT 2025: Set wallpaper to /home/solo/.config/hypr/wallpapers/2009-Mercedes-Benz-SL-65-AMG-Black-003-1080.jpg
Fri 26 Dec 13:56:50 GMT 2025: Set wallpaper to /home/solo/.config/hypr/wallpapers/2008-Mazda-Furai-Concept-004-1440.jpg
Fri 26 Dec 13:58:50 GMT 2025: Set wallpaper to /home/solo/.config/hypr/wallpapers/SilverW11.jpg
Fri 26 Dec 14:00:50 GMT 2025: Set wallpaper to /home/solo/.config/hypr/wallpapers/thumb-1920-1345403.jpeg
Fri 26 Dec 14:02:50 GMT 2025: Set wallpaper to /home/solo/.config/hypr/wallpapers/mercedes-w11.webp
Fri 26 Dec 14:04:50 GMT 2025: Set wallpaper to /home/solo/.config/hypr/wallpapers/2019-Bugatti-Divo.jpg
Fri 26 Dec 14:06:50 GMT 2025: Set wallpaper to /home/solo/.config/hypr/wallpapers/SoloLinux4.png
Fri 26 Dec 14:08:50 GMT 2025: Set wallpaper to /home/solo/.config/hypr/wallpapers/2015-Porsche-918-Spyder-012-1440.jpg
Fri 26 Dec 14:10:50 GMT 2025: Set wallpaper to /home/solo/.config/hypr/wallpapers/2008-Mazda-Furai-Concept-004-1440.jpg
Fri 26 Dec 14:12:50 GMT 2025: Set wallpaper to /home/solo/.config/hypr/wallpapers/SoloLinux_Wallpaper_1.png
Fri 26 Dec 14:14:50 GMT 2025: Set wallpaper to /home/solo/.config/hypr/wallpapers/SoloLinux4.png
Fri 26 Dec 14:16:50 GMT 2025: Set wallpaper to /home/solo/.config/hypr/wallpapers/hamilton_3079629.jpg
Fri 26 Dec 14:18:50 GMT 2025: Set wallpaper to /home/solo/.config/hypr/wallpapers/2005-Ferrari-F430-007-1080.jpg
Fri 26 Dec 14:20:50 GMT 2025: Set wallpaper to /home/solo/.config/hypr/wallpapers/2011-Mercedes-Benz-C63-AMG-Coupe-Black-002-1080.jpg
Fri 26 Dec 14:22:50 GMT 2025: Set wallpaper to /home/solo/.config/hypr/wallpapers/SoloLinux_Wallpaper_1.png
Fri 26 Dec 14:24:50 GMT 2025: Set wallpaper to /home/solo/.config/hypr/wallpapers/SilverW11.jpg
Fri 26 Dec 14:26:50 GMT 2025: Set wallpaper to /home/solo/.config/hypr/wallpapers/2011-Mercedes-Benz-C63-AMG-Coupe-Black-002-1080.jpg
Fri 26 Dec 14:28:50 GMT 2025: Set wallpaper to /home/solo/.config/hypr/wallpapers/thumb-1920-1345403.jpeg
Fri 26 Dec 14:30:50 GMT 2025: Set wallpaper to /home/solo/.config/hypr/wallpapers/2008-Mazda-Furai-Concept-004-1440.jpg
Fri 26 Dec 14:32:50 GMT 2025: Set wallpaper to /home/solo/.config/hypr/wallpapers/hamilton_3079629.jpg
Fri 26 Dec 14:34:51 GMT 2025: Set wallpaper to /home/solo/.config/hypr/wallpapers/hyprland_wallpaper.png
Fri 26 Dec 14:36:51 GMT 2025: Set wallpaper to /home/solo/.config/hypr/wallpapers/hyprland_wallpaper.png
Fri 26 Dec 14:38:51 GMT 2025: Set wallpaper to /home/solo/.config/hypr/wallpapers/1968-Lamborghini-Miura-Jota-SVR-001-1080.jpg
Fri 26 Dec 14:40:51 GMT 2025: Set wallpaper to /home/solo/.config/hypr/wallpapers/astize_cc0_split1.png
Fri 26 Dec 14:46:52 GMT 2025: Set wallpaper to /home/solo/.config/hypr/wallpapers/SilverW11.jpg
Fri 26 Dec 15:46:11 GMT 2025: Set wallpaper to /home/solo/.config/hypr/wallpapers/2014-Mercedes-Benz-SLS-AMG-Black-Series-009-1440.jpg
Fri 26 Dec 15:48:11 GMT 2025: Set wallpaper to /home/solo/.config/hypr/wallpapers/mercedes-w11.webp
Fri 26 Dec 15:50:11 GMT 2025: Set wallpaper to /home/solo/.config/hypr/wallpapers/w11_wets.webp
Fri 26 Dec 15:52:11 GMT 2025: Set wallpaper to /home/solo/.config/hypr/wallpapers/W05.jpg
Fri 26 Dec 15:54:11 GMT 2025: Set wallpaper to /home/solo/.config/hypr/wallpapers/w05.webp
Fri 26 Dec 15:56:12 GMT 2025: Set wallpaper to /home/solo/.config/hypr/wallpapers/2019-Bugatti-Divo.jpg
Fri 26 Dec 19:38:02 GMT 2025: Set wallpaper to /home/solo/.config/hypr/wallpapers/W05.jpg
Fri 26 Dec 19:40:02 GMT 2025: Set wallpaper to /home/solo/.config/hypr/wallpapers/2005-Ferrari-F430-007-1080.jpg
Fri 26 Dec 19:42:02 GMT 2025: Set wallpaper to /home/solo/.config/hypr/wallpapers/2019-Bugatti-Divo.jpg
Fri 26 Dec 19:44:02 GMT 2025: Set wallpaper to /home/solo/.config/hypr/wallpapers/SoloLinux_Wallpaper_Blue_White_Text.png
Fri 26 Dec 19:46:02 GMT 2025: Set wallpaper to /home/solo/.config/hypr/wallpapers/hamilton_3079629.jpg
Fri 26 Dec 19:48:03 GMT 2025: Set wallpaper to /home/solo/.config/hypr/wallpapers/2011-Mercedes-Benz-C63-AMG-Coupe-Black-002-1080.jpg
Fri 26 Dec 19:50:03 GMT 2025: Set wallpaper to /home/solo/.config/hypr/wallpapers/2011-Mercedes-Benz-C63-AMG-Coupe-Black-002-1080.jpg
Fri 26 Dec 19:52:03 GMT 2025: Set wallpaper to /home/solo/.config/hypr/wallpapers/SoloLinux4.png
Fri 26 Dec 19:54:03 GMT 2025: Set wallpaper to /home/solo/.config/hypr/wallpapers/2008-Mazda-Furai-Concept-004-1440.jpg
Fri 26 Dec 19:56:03 GMT 2025: Set wallpaper to /home/solo/.config/hypr/wallpapers/mercedes-w11.webp
Fri 26 Dec 19:58:03 GMT 2025: Set wallpaper to /home/solo/.config/hypr/wallpapers/2009-Mercedes-Benz-SL-65-AMG-Black-003-1080.jpg
Fri 26 Dec 20:00:03 GMT 2025: Set wallpaper to /home/solo/.config/hypr/wallpapers/2009-Mercedes-Benz-SL-65-AMG-Black-003-1080.jpg
Fri 26 Dec 20:02:03 GMT 2025: Set wallpaper to /home/solo/.config/hypr/wallpapers/2005-Ferrari-F430-007-1080.jpg
Fri 26 Dec 20:04:03 GMT 2025: Set wallpaper to /home/solo/.config/hypr/wallpapers/2015-Porsche-918-Spyder-012-1440.jpg
Fri 26 Dec 20:06:03 GMT 2025: Set wallpaper to /home/solo/.config/hypr/wallpapers/2015-Porsche-918-Spyder-012-1440.jpg
Fri 26 Dec 20:08:03 GMT 2025: Set wallpaper to /home/solo/.config/hypr/wallpapers/2011-Mercedes-Benz-C63-AMG-Coupe-Black-001-1080.jpg
Fri 26 Dec 20:10:03 GMT 2025: Set wallpaper to /home/solo/.config/hypr/wallpapers/SoloLinux4.png
Fri 26 Dec 20:12:03 GMT 2025: Set wallpaper to /home/solo/.config/hypr/wallpapers/2011-Mercedes-Benz-C63-AMG-Coupe-Black-002-1080.jpg
Fri 26 Dec 20:14:03 GMT 2025: Set wallpaper to /home/solo/.config/hypr/wallpapers/hamilton_3079629.jpg
Fri 26 Dec 20:16:03 GMT 2025: Set wallpaper to /home/solo/.config/hypr/wallpapers/mazda-mx5-miata-mazda-3351.jpg
Fri 26 Dec 20:18:03 GMT 2025: Set wallpaper to /home/solo/.config/hypr/wallpapers/thumb-1920-1345403.jpeg
Fri 26 Dec 20:20:03 GMT 2025: Set wallpaper to /home/solo/.config/hypr/wallpapers/2005-Ferrari-F430-007-1080.jpg
Fri 26 Dec 20:22:03 GMT 2025: Set wallpaper to /home/solo/.config/hypr/wallpapers/SoloLinux_Wallpaper_Blue_White_Text.png
Fri 26 Dec 20:24:03 GMT 2025: Set wallpaper to /home/solo/.config/hypr/wallpapers/simple.png
Fri 26 Dec 20:26:03 GMT 2025: Set wallpaper to /home/solo/.config/hypr/wallpapers/simple.png
Fri 26 Dec 20:28:03 GMT 2025: Set wallpaper to /home/solo/.config/hypr/wallpapers/SoloLinux_Wallpaper_1.png
Fri 26 Dec 20:30:03 GMT 2025: Set wallpaper to /home/solo/.config/hypr/wallpapers/2014-Mercedes-Benz-SLS-AMG-Black-Series-009-1440.jpg
Fri 26 Dec 20:32:03 GMT 2025: Set wallpaper to /home/solo/.config/hypr/wallpapers/SilverW11.jpg
Fri 26 Dec 20:34:03 GMT 2025: Set wallpaper to /home/solo/.config/hypr/wallpapers/SoloLinux_Wallpaper_1.png
Fri 26 Dec 20:36:03 GMT 2025: Set wallpaper to /home/solo/.config/hypr/wallpapers/SoloLinux_Blue_And_WHite_Text_Dark.png
Fri 26 Dec 20:38:03 GMT 2025: Set wallpaper to /home/solo/.config/hypr/wallpapers/mazda-mx5-miata-mazda-3351.jpg
Fri 26 Dec 20:40:04 GMT 2025: Set wallpaper to /home/solo/.config/hypr/wallpapers/mercedes_amg_f1_m11_eq_performance_4k-HD.jpg
Fri 26 Dec 20:42:04 GMT 2025: Set wallpaper to /home/solo/.config/hypr/wallpapers/mercedes_amg_f1_m11_eq_performance_4k-HD.jpg
Fri 26 Dec 20:44:04 GMT 2025: Set wallpaper to /home/solo/.config/hypr/wallpapers/mercedes_amg_f1_m11_eq_performance_4k-HD.jpg
Fri 26 Dec 20:46:04 GMT 2025: Set wallpaper to /home/solo/.config/hypr/wallpapers/1979-Canepa-BMW-M1-Procar_grey.png
Fri 26 Dec 20:48:04 GMT 2025: Set wallpaper to /home/solo/.config/hypr/wallpapers/w11_wets.webp
Fri 26 Dec 20:50:04 GMT 2025: Set wallpaper to /home/solo/.config/hypr/wallpapers/2008-Mazda-Furai-Concept-004-1440.jpg
Fri 26 Dec 20:52:04 GMT 2025: Set wallpaper to /home/solo/.config/hypr/wallpapers/mercedes-w11.webp
Fri 26 Dec 20:54:04 GMT 2025: Set wallpaper to /home/solo/.config/hypr/wallpapers/2015-Porsche-918-Spyder-012-1440.jpg
Fri 26 Dec 20:56:04 GMT 2025: Set wallpaper to /home/solo/.config/hypr/wallpapers/1979-Canepa-BMW-M1-Procar_grey.png
Fri 26 Dec 20:58:04 GMT 2025: Set wallpaper to /home/solo/.config/hypr/wallpapers/SoloLinux_Blue_And_WHite_Text_Dark.png
Fri 26 Dec 21:00:04 GMT 2025: Set wallpaper to /home/solo/.config/hypr/wallpapers/mercedes-w11.webp
Fri 26 Dec 21:02:04 GMT 2025: Set wallpaper to /home/solo/.config/hypr/wallpapers/SilverW11.jpg
Fri 26 Dec 21:04:04 GMT 2025: Set wallpaper to /home/solo/.config/hypr/wallpapers/2015-Porsche-918-Spyder-012-1440.jpg
Fri 26 Dec 21:06:04 GMT 2025: Set wallpaper to /home/solo/.config/hypr/wallpapers/2015-Porsche-918-Spyder-012-1440.jpg
Fri 26 Dec 21:08:04 GMT 2025: Set wallpaper to /home/solo/.config/hypr/wallpapers/2009-Mercedes-Benz-SL-65-AMG-Black-003-1080.jpg
Fri 26 Dec 21:10:04 GMT 2025: Set wallpaper to /home/solo/.config/hypr/wallpapers/W11_with_DRS.jpg
Fri 26 Dec 21:12:04 GMT 2025: Set wallpaper to /home/solo/.config/hypr/wallpapers/w05.webp
Fri 26 Dec 21:14:04 GMT 2025: Set wallpaper to /home/solo/.config/hypr/wallpapers/SilverW11.jpg
Fri 26 Dec 21:16:04 GMT 2025: Set wallpaper to /home/solo/.config/hypr/wallpapers/2008-Mazda-Furai-Concept_grey.png
Fri 26 Dec 21:18:04 GMT 2025: Set wallpaper to /home/solo/.config/hypr/wallpapers/1968-Lamborghini-Miura-Jota-SVR-001-1080.jpg
Fri 26 Dec 21:20:04 GMT 2025: Set wallpaper to /home/solo/.config/hypr/wallpapers/2005-Ferrari-F430-007-1080.jpg
Fri 26 Dec 21:22:04 GMT 2025: Set wallpaper to /home/solo/.config/hypr/wallpapers/2011-Mercedes-Benz-C63-AMG-Coupe-Black-001-1080.jpg
Fri 26 Dec 21:24:04 GMT 2025: Set wallpaper to /home/solo/.config/hypr/wallpapers/hamilton_3079629.jpg
Fri 26 Dec 21:26:04 GMT 2025: Set wallpaper to /home/solo/.config/hypr/wallpapers/mazda-mx5-miata-mazda-3351.jpg
Fri 26 Dec 21:28:04 GMT 2025: Set wallpaper to /home/solo/.config/hypr/wallpapers/w11_pfp.webp
Fri 26 Dec 21:30:04 GMT 2025: Set wallpaper to /home/solo/.config/hypr/wallpapers/w11_pfp.webp
Fri 26 Dec 21:32:04 GMT 2025: Set wallpaper to /home/solo/.config/hypr/wallpapers/mazda-mx5-miata-mazda-3351.jpg
Fri 26 Dec 21:34:04 GMT 2025: Set wallpaper to /home/solo/.config/hypr/wallpapers/2014-Mercedes-Benz-SLS-AMG-Black-Series-009-1440.jpg
Fri 26 Dec 21:36:04 GMT 2025: Set wallpaper to /home/solo/.config/hypr/wallpapers/2019-Bugatti-Divo.jpg
Fri 26 Dec 21:38:04 GMT 2025: Set wallpaper to /home/solo/.config/hypr/wallpapers/1968-Lamborghini-Miura-Jota-SVR-001-1080.jpg
Fri 26 Dec 21:40:04 GMT 2025: Set wallpaper to /home/solo/.config/hypr/wallpapers/2009-Mercedes-Benz-SL-65-AMG-Black-003-1080.jpg
Fri 26 Dec 21:42:04 GMT 2025: Set wallpaper to /home/solo/.config/hypr/wallpapers/2014-Mercedes-Benz-SLS-AMG-Black-Series-009-1440.jpg
Fri 26 Dec 21:44:04 GMT 2025: Set wallpaper to /home/solo/.config/hypr/wallpapers/2005-Ferrari-F430-007-1080.jpg
Fri 26 Dec 21:46:04 GMT 2025: Set wallpaper to /home/solo/.config/hypr/wallpapers/mercedes_amg_f1_m11_eq_performance_4k-HD.jpg
Fri 26 Dec 21:48:04 GMT 2025: Set wallpaper to /home/solo/.config/hypr/wallpapers/mercedes_amg_f1_m11_eq_performance_4k-HD.jpg
Fri 26 Dec 21:50:04 GMT 2025: Set wallpaper to /home/solo/.config/hypr/wallpapers/mercedes-w11.webp
Fri 26 Dec 21:52:04 GMT 2025: Set wallpaper to /home/solo/.config/hypr/wallpapers/2005-Ferrari-F430-007-1080.jpg
Fri 26 Dec 21:54:04 GMT 2025: Set wallpaper to /home/solo/.config/hypr/wallpapers/hyprland_wallpaper.png
Fri 26 Dec 21:56:04 GMT 2025: Set wallpaper to /home/solo/.config/hypr/wallpapers/SoloLinux_Wallpaper_1.png
Fri 26 Dec 21:58:05 GMT 2025: Set wallpaper to /home/solo/.config/hypr/wallpapers/SoloLinux4.png
Fri 26 Dec 22:00:05 GMT 2025: Set wallpaper to /home/solo/.config/hypr/wallpapers/SoloLinux_Blue_And_WHite_Text_Dark.png
Fri 26 Dec 22:02:05 GMT 2025: Set wallpaper to /home/solo/.config/hypr/wallpapers/linux-nitros-dark-ov.jpg
Fri 26 Dec 22:04:05 GMT 2025: Set wallpaper to /home/solo/.config/hypr/wallpapers/2005-Ferrari-F430-007-1080.jpg
Sat 27 Dec 15:08:46 GMT 2025: Set wallpaper to /home/solo/.config/hypr/wallpapers/hyprland_wallpaper.png
Sat 27 Dec 15:10:46 GMT 2025: Set wallpaper to /home/solo/.config/hypr/wallpapers/2011-Mercedes-Benz-C63-AMG-Coupe-Black-001-1080.jpg
Sat 27 Dec 15:12:46 GMT 2025: Set wallpaper to /home/solo/.config/hypr/wallpapers/2015-Porsche-918-Spyder-012-1440.jpg
Sat 27 Dec 15:14:46 GMT 2025: Set wallpaper to /home/solo/.config/hypr/wallpapers/2011-Mercedes-Benz-C63-AMG-Coupe-Black-002-1080.jpg
Sat 27 Dec 15:16:46 GMT 2025: Set wallpaper to /home/solo/.config/hypr/wallpapers/2011-Mercedes-Benz-C63-AMG-Coupe-Black-002-1080.jpg
Sat 27 Dec 15:18:46 GMT 2025: Set wallpaper to /home/solo/.config/hypr/wallpapers/w11_wets.webp
Sat 27 Dec 15:20:47 GMT 2025: Set wallpaper to /home/solo/.config/hypr/wallpapers/2005-Ferrari-F430-007-1080.jpg
Sat 27 Dec 15:22:47 GMT 2025: Set wallpaper to /home/solo/.config/hypr/wallpapers/1979-Canepa-BMW-M1-Procar_grey.png
Sat 27 Dec 15:24:47 GMT 2025: Set wallpaper to /home/solo/.config/hypr/wallpapers/2008-Mazda-Furai-Concept-004-1440.jpg
Sat 27 Dec 15:26:47 GMT 2025: Set wallpaper to /home/solo/.config/hypr/wallpapers/2011-Mercedes-Benz-C63-AMG-Coupe-Black-002-1080.jpg
Sat 27 Dec 15:28:47 GMT 2025: Set wallpaper to /home/solo/.config/hypr/wallpapers/W05.jpg
Sat 27 Dec 15:30:47 GMT 2025: Set wallpaper to /home/solo/.config/hypr/wallpapers/SoloLinux_Wallpaper_1.png
Sat 27 Dec 15:32:47 GMT 2025: Set wallpaper to /home/solo/.config/hypr/wallpapers/2005-Ferrari-F430-007-1080.jpg
Sat 27 Dec 15:34:47 GMT 2025: Set wallpaper to /home/solo/.config/hypr/wallpapers/SilverW11.jpg
Sat 27 Dec 15:38:42 GMT 2025: Set wallpaper to /home/solo/.config/hypr/wallpapers/w11_wets.webp
Sat 27 Dec 15:40:42 GMT 2025: Set wallpaper to /home/solo/.config/hypr/wallpapers/thumb-1920-1345403.jpeg
Sat 27 Dec 15:42:42 GMT 2025: Set wallpaper to /home/solo/.config/hypr/wallpapers/w11_wets.webp
Sat 27 Dec 15:44:42 GMT 2025: Set wallpaper to /home/solo/.config/hypr/wallpapers/hyprland_wallpaper.png
Sat 27 Dec 15:46:50 GMT 2025: Set wallpaper to /home/solo/.config/hypr/wallpapers/2008-Mazda-Furai-Concept_grey.png
Sat 27 Dec 15:48:50 GMT 2025: Set wallpaper to /home/solo/.config/hypr/wallpapers/SoloLinux_Wallpaper_1.png
Sat 27 Dec 15:50:50 GMT 2025: Set wallpaper to /home/solo/.config/hypr/wallpapers/1968-Lamborghini-Miura-Jota-SVR-001-1080.jpg
Sat 27 Dec 15:52:50 GMT 2025: Set wallpaper to /home/solo/.config/hypr/wallpapers/2014-Mercedes-Benz-SLS-AMG-Black-Series-009-1440.jpg
Sat 27 Dec 15:54:50 GMT 2025: Set wallpaper to /home/solo/.config/hypr/wallpapers/2009-Mercedes-Benz-SL-65-AMG-Black-003-1080.jpg
Sat 27 Dec 15:56:50 GMT 2025: Set wallpaper to /home/solo/.config/hypr/wallpapers/W11_with_DRS.jpg
Sat 27 Dec 15:58:50 GMT 2025: Set wallpaper to /home/solo/.config/hypr/wallpapers/W05.jpg
Sat 27 Dec 16:00:50 GMT 2025: Set wallpaper to /home/solo/.config/hypr/wallpapers/hyprland_wallpaper.png
Sat 27 Dec 16:02:50 GMT 2025: Set wallpaper to /home/solo/.config/hypr/wallpapers/SoloLinux_Wallpaper_Blue_White_Text.png
Sat 27 Dec 16:04:50 GMT 2025: Set wallpaper to /home/solo/.config/hypr/wallpapers/2011-Mercedes-Benz-C63-AMG-Coupe-Black-002-1080.jpg
Sat 27 Dec 16:06:50 GMT 2025: Set wallpaper to /home/solo/.config/hypr/wallpapers/2015-Porsche-918-Spyder-012-1440.jpg
Sat 27 Dec 16:08:50 GMT 2025: Set wallpaper to /home/solo/.config/hypr/wallpapers/hamilton_3079629.jpg
Sat 27 Dec 16:10:50 GMT 2025: Set wallpaper to /home/solo/.config/hypr/wallpapers/2011-Mercedes-Benz-C63-AMG-Coupe-Black-001-1080.jpg
Sat 27 Dec 16:12:50 GMT 2025: Set wallpaper to /home/solo/.config/hypr/wallpapers/1968-Lamborghini-Miura-Jota-SVR-001-1080.jpg
Sat 27 Dec 16:14:50 GMT 2025: Set wallpaper to /home/solo/.config/hypr/wallpapers/2015-Porsche-918-Spyder-012-1440.jpg
Sat 27 Dec 16:16:50 GMT 2025: Set wallpaper to /home/solo/.config/hypr/wallpapers/SoloLinux_Wallpaper_1.png
Sat 27 Dec 16:18:50 GMT 2025: Set wallpaper to /home/solo/.config/hypr/wallpapers/SoloLinux_Wallpaper_Blue_White_Text.png
Sat 27 Dec 16:20:50 GMT 2025: Set wallpaper to /home/solo/.config/hypr/wallpapers/astize_cc0_split1.png
Sat 27 Dec 16:22:50 GMT 2025: Set wallpaper to /home/solo/.config/hypr/wallpapers/W05.jpg
Sat 27 Dec 16:24:50 GMT 2025: Set wallpaper to /home/solo/.config/hypr/wallpapers/SoloLinux4.png
Sat 27 Dec 16:26:50 GMT 2025: Set wallpaper to /home/solo/.config/hypr/wallpapers/w05.webp
Sun 28 Dec 14:29:40 GMT 2025: Set wallpaper to /home/solo/.config/hypr/wallpapers/mercedes-w11.webp
Sun 28 Dec 14:31:40 GMT 2025: Set wallpaper to /home/solo/.config/hypr/wallpapers/SoloLinux_Wallpaper_1.png
Sun 28 Dec 14:33:40 GMT 2025: Set wallpaper to /home/solo/.config/hypr/wallpapers/2009-Mercedes-Benz-SL-65-AMG-Black-003-1080.jpg
Sun 28 Dec 14:35:40 GMT 2025: Set wallpaper to /home/solo/.config/hypr/wallpapers/2005-Ferrari-F430-007-1080.jpg
Sun 28 Dec 14:37:40 GMT 2025: Set wallpaper to /home/solo/.config/hypr/wallpapers/SilverW11.jpg
Sun 28 Dec 14:39:40 GMT 2025: Set wallpaper to /home/solo/.config/hypr/wallpapers/2015-Porsche-918-Spyder-012-1440.jpg
Sun 28 Dec 14:41:40 GMT 2025: Set wallpaper to /home/solo/.config/hypr/wallpapers/mazda-mx5-miata-mazda-3351.jpg
Sun 28 Dec 14:43:40 GMT 2025: Set wallpaper to /home/solo/.config/hypr/wallpapers/SoloLinux4.png
Sun 28 Dec 14:45:40 GMT 2025: Set wallpaper to /home/solo/.config/hypr/wallpapers/2014-Mercedes-Benz-SLS-AMG-Black-Series-009-1440.jpg
Sun 28 Dec 14:47:40 GMT 2025: Set wallpaper to /home/solo/.config/hypr/wallpapers/mercedes-w11.webp
Sun 28 Dec 14:49:40 GMT 2025: Set wallpaper to /home/solo/.config/hypr/wallpapers/linux-nitros-dark-ov.jpg
Sun 28 Dec 14:51:40 GMT 2025: Set wallpaper to /home/solo/.config/hypr/wallpapers/linux-nitros-dark-ov.jpg
Sun 28 Dec 14:53:40 GMT 2025: Set wallpaper to /home/solo/.config/hypr/wallpapers/thumb-1920-1345403.jpeg
Sun 28 Dec 14:55:40 GMT 2025: Set wallpaper to /home/solo/.config/hypr/wallpapers/2008-Mazda-Furai-Concept-004-1440.jpg
Sun 28 Dec 14:57:40 GMT 2025: Set wallpaper to /home/solo/.config/hypr/wallpapers/W11_with_DRS.jpg
Sun 28 Dec 14:59:40 GMT 2025: Set wallpaper to /home/solo/.config/hypr/wallpapers/2008-Mazda-Furai-Concept-004-1440.jpg
Sun 28 Dec 15:01:40 GMT 2025: Set wallpaper to /home/solo/.config/hypr/wallpapers/w05.webp
Sun 28 Dec 15:03:40 GMT 2025: Set wallpaper to /home/solo/.config/hypr/wallpapers/2011-Mercedes-Benz-C63-AMG-Coupe-Black-001-1080.jpg
Sun 28 Dec 15:05:40 GMT 2025: Set wallpaper to /home/solo/.config/hypr/wallpapers/2008-Mazda-Furai-Concept_grey.png
Sun 28 Dec 15:07:40 GMT 2025: Set wallpaper to /home/solo/.config/hypr/wallpapers/W11_with_DRS.jpg
Sun 28 Dec 15:09:40 GMT 2025: Set wallpaper to /home/solo/.config/hypr/wallpapers/2015-Porsche-918-Spyder-012-1440.jpg
Sun 28 Dec 15:11:40 GMT 2025: Set wallpaper to /home/solo/.config/hypr/wallpapers/astize_cc0_split1.png
Sun 28 Dec 15:13:40 GMT 2025: Set wallpaper to /home/solo/.config/hypr/wallpapers/2005-Ferrari-F430-007-1080.jpg
Sun 28 Dec 15:15:40 GMT 2025: Set wallpaper to /home/solo/.config/hypr/wallpapers/2009-Mercedes-Benz-SL-65-AMG-Black-003-1080.jpg
Sun 28 Dec 15:17:40 GMT 2025: Set wallpaper to /home/solo/.config/hypr/wallpapers/SoloLinux_Wallpaper_1.png
Sun 28 Dec 15:19:40 GMT 2025: Set wallpaper to /home/solo/.config/hypr/wallpapers/2008-Mazda-Furai-Concept_grey.png
Sun 28 Dec 15:21:40 GMT 2025: Set wallpaper to /home/solo/.config/hypr/wallpapers/hamilton_3079629.jpg
Sun 28 Dec 15:23:40 GMT 2025: Set wallpaper to /home/solo/.config/hypr/wallpapers/SoloLinux_Blue_And_WHite_Text_Dark.png
Sun 28 Dec 15:25:40 GMT 2025: Set wallpaper to /home/solo/.config/hypr/wallpapers/2008-Mazda-Furai-Concept_grey.png
Sun 28 Dec 15:27:40 GMT 2025: Set wallpaper to /home/solo/.config/hypr/wallpapers/hyprland_wallpaper.png
Sun 28 Dec 15:47:51 GMT 2025: Set wallpaper to /home/solo/.config/hypr/wallpapers/hamilton_3079629.jpg
Sun 28 Dec 15:49:51 GMT 2025: Set wallpaper to /home/solo/.config/hypr/wallpapers/astize_cc0_split1.png
Sun 28 Dec 15:51:51 GMT 2025: Set wallpaper to /home/solo/.config/hypr/wallpapers/SoloLinux_Wallpaper_Blue_White_Text.png
Sun 28 Dec 15:53:51 GMT 2025: Set wallpaper to /home/solo/.config/hypr/wallpapers/w11_wets.webp
Sun 28 Dec 15:55:51 GMT 2025: Set wallpaper to /home/solo/.config/hypr/wallpapers/thumb-1920-1345403.jpeg
Sun 28 Dec 15:57:51 GMT 2025: Set wallpaper to /home/solo/.config/hypr/wallpapers/SoloLinux_Wallpaper_Blue_White_Text.png
Sun 28 Dec 15:59:51 GMT 2025: Set wallpaper to /home/solo/.config/hypr/wallpapers/2019-Bugatti-Divo.jpg
Sun 28 Dec 16:01:51 GMT 2025: Set wallpaper to /home/solo/.config/hypr/wallpapers/W05.jpg
Sun 28 Dec 16:03:51 GMT 2025: Set wallpaper to /home/solo/.config/hypr/wallpapers/simple.png
Sun 28 Dec 16:05:51 GMT 2025: Set wallpaper to /home/solo/.config/hypr/wallpapers/1979-Canepa-BMW-M1-Procar_grey.png
Sun 28 Dec 16:07:51 GMT 2025: Set wallpaper to /home/solo/.config/hypr/wallpapers/2008-Mazda-Furai-Concept_grey.png
Sun 28 Dec 16:09:51 GMT 2025: Set wallpaper to /home/solo/.config/hypr/wallpapers/W11_with_DRS.jpg
Sun 28 Dec 16:11:51 GMT 2025: Set wallpaper to /home/solo/.config/hypr/wallpapers/SoloLinux_Wallpaper_1.png
Sun 28 Dec 16:13:51 GMT 2025: Set wallpaper to /home/solo/.config/hypr/wallpapers/linux-nitros-dark-ov.jpg
Sun 28 Dec 16:15:51 GMT 2025: Set wallpaper to /home/solo/.config/hypr/wallpapers/astize_cc0_split1.png
Sun 28 Dec 16:17:51 GMT 2025: Set wallpaper to /home/solo/.config/hypr/wallpapers/2019-Bugatti-Divo.jpg
Sun 28 Dec 16:19:51 GMT 2025: Set wallpaper to /home/solo/.config/hypr/wallpapers/SoloLinux_Wallpaper_1.png
Sun 28 Dec 16:21:51 GMT 2025: Set wallpaper to /home/solo/.config/hypr/wallpapers/SoloLinux_Blue_And_WHite_Text_Dark.png
Sun 28 Dec 17:24:05 GMT 2025: Set wallpaper to /home/solo/.config/hypr/wallpapers/1979-Canepa-BMW-M1-Procar_grey.png
Sun 28 Dec 17:26:05 GMT 2025: Set wallpaper to /home/solo/.config/hypr/wallpapers/1979-Canepa-BMW-M1-Procar_grey.png
Sun 28 Dec 17:28:05 GMT 2025: Set wallpaper to /home/solo/.config/hypr/wallpapers/2008-Mazda-Furai-Concept-004-1440.jpg
Sun 28 Dec 17:30:05 GMT 2025: Set wallpaper to /home/solo/.config/hypr/wallpapers/2008-Mazda-Furai-Concept_grey.png
Sun 28 Dec 17:32:05 GMT 2025: Set wallpaper to /home/solo/.config/hypr/wallpapers/2014-Mercedes-Benz-SLS-AMG-Black-Series-009-1440.jpg
Sun 28 Dec 17:34:05 GMT 2025: Set wallpaper to /home/solo/.config/hypr/wallpapers/1979-Canepa-BMW-M1-Procar_grey.png
Sun 28 Dec 17:36:05 GMT 2025: Set wallpaper to /home/solo/.config/hypr/wallpapers/W11_with_DRS.jpg
Sun 28 Dec 17:38:05 GMT 2025: Set wallpaper to /home/solo/.config/hypr/wallpapers/hyprland_wallpaper.png
Sun 28 Dec 17:40:05 GMT 2025: Set wallpaper to /home/solo/.config/hypr/wallpapers/SoloLinux_Wallpaper_Blue_White_Text.png
Sun 28 Dec 17:42:05 GMT 2025: Set wallpaper to /home/solo/.config/hypr/wallpapers/mercedes_amg_f1_m11_eq_performance_4k-HD.jpg
Sun 28 Dec 17:44:05 GMT 2025: Set wallpaper to /home/solo/.config/hypr/wallpapers/2015-Porsche-918-Spyder-012-1440.jpg
Sun 28 Dec 17:46:05 GMT 2025: Set wallpaper to /home/solo/.config/hypr/wallpapers/hamilton_3079629.jpg
Sun 28 Dec 17:48:05 GMT 2025: Set wallpaper to /home/solo/.config/hypr/wallpapers/2005-Ferrari-F430-007-1080.jpg
Sun 28 Dec 17:50:05 GMT 2025: Set wallpaper to /home/solo/.config/hypr/wallpapers/2008-Mazda-Furai-Concept-004-1440.jpg
Sun 28 Dec 17:52:05 GMT 2025: Set wallpaper to /home/solo/.config/hypr/wallpapers/2011-Mercedes-Benz-C63-AMG-Coupe-Black-001-1080.jpg
Sun 28 Dec 17:54:05 GMT 2025: Set wallpaper to /home/solo/.config/hypr/wallpapers/1979-Canepa-BMW-M1-Procar_grey.png
Sun 28 Dec 17:56:05 GMT 2025: Set wallpaper to /home/solo/.config/hypr/wallpapers/thumb-1920-1345403.jpeg
Sun 28 Dec 18:07:16 GMT 2025: Set wallpaper to /home/solo/.config/hypr/wallpapers/w11_wets.webp
Sun 28 Dec 18:09:16 GMT 2025: Set wallpaper to /home/solo/.config/hypr/wallpapers/W11_with_DRS.jpg
Sun 28 Dec 18:11:16 GMT 2025: Set wallpaper to /home/solo/.config/hypr/wallpapers/2008-Mazda-Furai-Concept_grey.png
Sun 28 Dec 18:13:16 GMT 2025: Set wallpaper to /home/solo/.config/hypr/wallpapers/astize_cc0_split1.png
Sun 28 Dec 18:15:16 GMT 2025: Set wallpaper to /home/solo/.config/hypr/wallpapers/2009-Mercedes-Benz-SL-65-AMG-Black-003-1080.jpg
Sun 28 Dec 18:17:16 GMT 2025: Set wallpaper to /home/solo/.config/hypr/wallpapers/1979-Canepa-BMW-M1-Procar_grey.png
Sun 28 Dec 18:19:16 GMT 2025: Set wallpaper to /home/solo/.config/hypr/wallpapers/2009-Mercedes-Benz-SL-65-AMG-Black-003-1080.jpg
Sun 28 Dec 18:21:16 GMT 2025: Set wallpaper to /home/solo/.config/hypr/wallpapers/simple.png
Sun 28 Dec 18:23:16 GMT 2025: Set wallpaper to /home/solo/.config/hypr/wallpapers/2019-Bugatti-Divo.jpg
Sun 28 Dec 18:25:16 GMT 2025: Set wallpaper to /home/solo/.config/hypr/wallpapers/2009-Mercedes-Benz-SL-65-AMG-Black-003-1080.jpg
Sun 28 Dec 18:27:16 GMT 2025: Set wallpaper to /home/solo/.config/hypr/wallpapers/simple.png
Sun 28 Dec 18:29:16 GMT 2025: Set wallpaper to /home/solo/.config/hypr/wallpapers/hyprland_wallpaper.png
Sun 28 Dec 18:31:16 GMT 2025: Set wallpaper to /home/solo/.config/hypr/wallpapers/hamilton_3079629.jpg
Sun 28 Dec 18:33:16 GMT 2025: Set wallpaper to /home/solo/.config/hypr/wallpapers/thumb-1920-1345403.jpeg
Sun 28 Dec 18:35:16 GMT 2025: Set wallpaper to /home/solo/.config/hypr/wallpapers/1968-Lamborghini-Miura-Jota-SVR-001-1080.jpg
Sun 28 Dec 18:37:16 GMT 2025: Set wallpaper to /home/solo/.config/hypr/wallpapers/2008-Mazda-Furai-Concept_grey.png
Sun 28 Dec 18:39:16 GMT 2025: Set wallpaper to /home/solo/.config/hypr/wallpapers/W11_with_DRS.jpg
Sun 28 Dec 18:41:16 GMT 2025: Set wallpaper to /home/solo/.config/hypr/wallpapers/2008-Mazda-Furai-Concept_grey.png
Sun 28 Dec 18:43:16 GMT 2025: Set wallpaper to /home/solo/.config/hypr/wallpapers/mercedes-w11.webp
Mon 29 Dec 12:23:28 GMT 2025: Set wallpaper to /home/solo/.config/hypr/wallpapers/mazda-mx5-miata-mazda-3351.jpg
Mon 29 Dec 12:25:28 GMT 2025: Set wallpaper to /home/solo/.config/hypr/wallpapers/SoloLinux_Wallpaper_Blue_White_Text.png
Mon 29 Dec 12:27:28 GMT 2025: Set wallpaper to /home/solo/.config/hypr/wallpapers/SoloLinux_Wallpaper_Blue_White_Text.png
Mon 29 Dec 12:29:28 GMT 2025: Set wallpaper to /home/solo/.config/hypr/wallpapers/SilverW11.jpg
Mon 29 Dec 12:31:28 GMT 2025: Set wallpaper to /home/solo/.config/hypr/wallpapers/2014-Mercedes-Benz-SLS-AMG-Black-Series-009-1440.jpg
Mon 29 Dec 12:33:28 GMT 2025: Set wallpaper to /home/solo/.config/hypr/wallpapers/2011-Mercedes-Benz-C63-AMG-Coupe-Black-001-1080.jpg
Mon 29 Dec 12:35:28 GMT 2025: Set wallpaper to /home/solo/.config/hypr/wallpapers/2011-Mercedes-Benz-C63-AMG-Coupe-Black-002-1080.jpg
Mon 29 Dec 12:37:28 GMT 2025: Set wallpaper to /home/solo/.config/hypr/wallpapers/2009-Mercedes-Benz-SL-65-AMG-Black-003-1080.jpg
Mon 29 Dec 12:39:28 GMT 2025: Set wallpaper to /home/solo/.config/hypr/wallpapers/2014-Mercedes-Benz-SLS-AMG-Black-Series-009-1440.jpg
Mon 29 Dec 12:41:28 GMT 2025: Set wallpaper to /home/solo/.config/hypr/wallpapers/SoloLinux_Wallpaper_1.png
Mon 29 Dec 12:43:28 GMT 2025: Set wallpaper to /home/solo/.config/hypr/wallpapers/SoloLinux_Blue_And_WHite_Text_Dark.png
Mon 29 Dec 12:45:28 GMT 2025: Set wallpaper to /home/solo/.config/hypr/wallpapers/2011-Mercedes-Benz-C63-AMG-Coupe-Black-002-1080.jpg
Mon 29 Dec 12:47:28 GMT 2025: Set wallpaper to /home/solo/.config/hypr/wallpapers/2008-Mazda-Furai-Concept-004-1440.jpg
Mon 29 Dec 12:49:28 GMT 2025: Set wallpaper to /home/solo/.config/hypr/wallpapers/2014-Mercedes-Benz-SLS-AMG-Black-Series-009-1440.jpg
Mon 29 Dec 12:51:28 GMT 2025: Set wallpaper to /home/solo/.config/hypr/wallpapers/mercedes_amg_f1_m11_eq_performance_4k-HD.jpg
Mon 29 Dec 12:53:28 GMT 2025: Set wallpaper to /home/solo/.config/hypr/wallpapers/mercedes-w11.webp
Mon 29 Dec 12:55:28 GMT 2025: Set wallpaper to /home/solo/.config/hypr/wallpapers/linux-nitros-dark-ov.jpg
Mon 29 Dec 12:57:28 GMT 2025: Set wallpaper to /home/solo/.config/hypr/wallpapers/2014-Mercedes-Benz-SLS-AMG-Black-Series-009-1440.jpg
Mon 29 Dec 12:59:28 GMT 2025: Set wallpaper to /home/solo/.config/hypr/wallpapers/hamilton_3079629.jpg
Mon 29 Dec 13:01:28 GMT 2025: Set wallpaper to /home/solo/.config/hypr/wallpapers/SoloLinux_Blue_And_WHite_Text_Dark.png
Mon 29 Dec 13:16:44 GMT 2025: Set wallpaper to /home/solo/.config/hypr/wallpapers/2011-Mercedes-Benz-C63-AMG-Coupe-Black-001-1080.jpg
Mon 29 Dec 13:18:44 GMT 2025: Set wallpaper to /home/solo/.config/hypr/wallpapers/hamilton_3079629.jpg
Mon 29 Dec 13:20:44 GMT 2025: Set wallpaper to /home/solo/.config/hypr/wallpapers/1968-Lamborghini-Miura-Jota-SVR-001-1080.jpg
Mon 29 Dec 13:22:44 GMT 2025: Set wallpaper to /home/solo/.config/hypr/wallpapers/SoloLinux_Wallpaper_Blue_White_Text.png
Mon 29 Dec 13:24:44 GMT 2025: Set wallpaper to /home/solo/.config/hypr/wallpapers/mercedes-w11.webp
Mon 29 Dec 13:26:44 GMT 2025: Set wallpaper to /home/solo/.config/hypr/wallpapers/hyprland_wallpaper.png
Mon 29 Dec 13:28:44 GMT 2025: Set wallpaper to /home/solo/.config/hypr/wallpapers/SoloLinux_Wallpaper_Blue_White_Text.png
Mon 29 Dec 13:30:44 GMT 2025: Set wallpaper to /home/solo/.config/hypr/wallpapers/simple.png
Mon 29 Dec 13:32:44 GMT 2025: Set wallpaper to /home/solo/.config/hypr/wallpapers/2005-Ferrari-F430-007-1080.jpg
Mon 29 Dec 13:34:44 GMT 2025: Set wallpaper to /home/solo/.config/hypr/wallpapers/2015-Porsche-918-Spyder-012-1440.jpg
Mon 29 Dec 13:36:44 GMT 2025: Set wallpaper to /home/solo/.config/hypr/wallpapers/w11_wets.webp
Mon 29 Dec 13:38:44 GMT 2025: Set wallpaper to /home/solo/.config/hypr/wallpapers/1979-Canepa-BMW-M1-Procar_grey.png
Mon 29 Dec 13:40:44 GMT 2025: Set wallpaper to /home/solo/.config/hypr/wallpapers/SilverW11.jpg
Mon 29 Dec 13:42:44 GMT 2025: Set wallpaper to /home/solo/.config/hypr/wallpapers/w11_pfp.webp
Mon 29 Dec 13:44:44 GMT 2025: Set wallpaper to /home/solo/.config/hypr/wallpapers/w05.webp
Mon 29 Dec 13:46:44 GMT 2025: Set wallpaper to /home/solo/.config/hypr/wallpapers/SoloLinux4.png
Mon 29 Dec 13:48:44 GMT 2025: Set wallpaper to /home/solo/.config/hypr/wallpapers/1979-Canepa-BMW-M1-Procar_grey.png
Mon 29 Dec 13:50:45 GMT 2025: Set wallpaper to /home/solo/.config/hypr/wallpapers/2015-Porsche-918-Spyder-012-1440.jpg
Mon 29 Dec 13:52:45 GMT 2025: Set wallpaper to /home/solo/.config/hypr/wallpapers/mercedes-w11.webp
Mon 29 Dec 13:54:45 GMT 2025: Set wallpaper to /home/solo/.config/hypr/wallpapers/w11_wets.webp
Mon 29 Dec 13:56:45 GMT 2025: Set wallpaper to /home/solo/.config/hypr/wallpapers/SilverW11.jpg
Mon 29 Dec 18:26:36 GMT 2025: Set wallpaper to /home/solo/.config/hypr/wallpapers/astize_cc0_split1.png
Mon 29 Dec 18:28:36 GMT 2025: Set wallpaper to /home/solo/.config/hypr/wallpapers/astize_cc0_split1.png
Mon 29 Dec 18:30:36 GMT 2025: Set wallpaper to /home/solo/.config/hypr/wallpapers/mazda-mx5-miata-mazda-3351.jpg
Mon 29 Dec 18:32:36 GMT 2025: Set wallpaper to /home/solo/.config/hypr/wallpapers/hyprland_wallpaper.png
Mon 29 Dec 18:34:36 GMT 2025: Set wallpaper to /home/solo/.config/hypr/wallpapers/linux-nitros-dark-ov.jpg
Mon 29 Dec 18:36:36 GMT 2025: Set wallpaper to /home/solo/.config/hypr/wallpapers/2005-Ferrari-F430-007-1080.jpg
Mon 29 Dec 18:38:36 GMT 2025: Set wallpaper to /home/solo/.config/hypr/wallpapers/w11_pfp.webp
Mon 29 Dec 18:40:36 GMT 2025: Set wallpaper to /home/solo/.config/hypr/wallpapers/SoloLinux4.png
Mon 29 Dec 18:42:36 GMT 2025: Set wallpaper to /home/solo/.config/hypr/wallpapers/W05.jpg
Mon 29 Dec 18:44:36 GMT 2025: Set wallpaper to /home/solo/.config/hypr/wallpapers/mercedes_amg_f1_m11_eq_performance_4k-HD.jpg
Mon 29 Dec 18:46:36 GMT 2025: Set wallpaper to /home/solo/.config/hypr/wallpapers/hamilton_3079629.jpg
Mon 29 Dec 18:48:36 GMT 2025: Set wallpaper to /home/solo/.config/hypr/wallpapers/w05.webp
Mon 29 Dec 18:50:37 GMT 2025: Set wallpaper to /home/solo/.config/hypr/wallpapers/SoloLinux_Blue_And_WHite_Text_Dark.png
Mon 29 Dec 18:52:37 GMT 2025: Set wallpaper to /home/solo/.config/hypr/wallpapers/w11_pfp.webp
Mon 29 Dec 18:54:37 GMT 2025: Set wallpaper to /home/solo/.config/hypr/wallpapers/w05.webp
Mon 29 Dec 18:56:37 GMT 2025: Set wallpaper to /home/solo/.config/hypr/wallpapers/2005-Ferrari-F430-007-1080.jpg
Mon 29 Dec 18:58:37 GMT 2025: Set wallpaper to /home/solo/.config/hypr/wallpapers/SoloLinux_Wallpaper_1.png
Mon 29 Dec 19:00:37 GMT 2025: Set wallpaper to /home/solo/.config/hypr/wallpapers/2019-Bugatti-Divo.jpg
Mon 29 Dec 19:02:37 GMT 2025: Set wallpaper to /home/solo/.config/hypr/wallpapers/SilverW11.jpg
Mon 29 Dec 19:04:37 GMT 2025: Set wallpaper to /home/solo/.config/hypr/wallpapers/mercedes-w11.webp
Mon 29 Dec 19:06:37 GMT 2025: Set wallpaper to /home/solo/.config/hypr/wallpapers/SoloLinux_Wallpaper_Blue_White_Text.png
Mon 29 Dec 19:08:37 GMT 2025: Set wallpaper to /home/solo/.config/hypr/wallpapers/w11_wets.webp
Mon 29 Dec 19:10:37 GMT 2025: Set wallpaper to /home/solo/.config/hypr/wallpapers/mercedes_amg_f1_m11_eq_performance_4k-HD.jpg
Mon 29 Dec 19:12:37 GMT 2025: Set wallpaper to /home/solo/.config/hypr/wallpapers/SoloLinux4.png
Mon 29 Dec 19:14:37 GMT 2025: Set wallpaper to /home/solo/.config/hypr/wallpapers/SoloLinux_Blue_And_WHite_Text_Dark.png
Mon 29 Dec 19:16:37 GMT 2025: Set wallpaper to /home/solo/.config/hypr/wallpapers/2011-Mercedes-Benz-C63-AMG-Coupe-Black-002-1080.jpg
Mon 29 Dec 19:18:37 GMT 2025: Set wallpaper to /home/solo/.config/hypr/wallpapers/mazda-mx5-miata-mazda-3351.jpg
Mon 29 Dec 19:20:37 GMT 2025: Set wallpaper to /home/solo/.config/hypr/wallpapers/W05.jpg
Mon 29 Dec 19:22:37 GMT 2025: Set wallpaper to /home/solo/.config/hypr/wallpapers/simple.png
Mon 29 Dec 19:24:37 GMT 2025: Set wallpaper to /home/solo/.config/hypr/wallpapers/2008-Mazda-Furai-Concept_grey.png
Mon 29 Dec 19:26:37 GMT 2025: Set wallpaper to /home/solo/.config/hypr/wallpapers/linux-nitros-dark-ov.jpg
Mon 29 Dec 19:28:37 GMT 2025: Set wallpaper to /home/solo/.config/hypr/wallpapers/2011-Mercedes-Benz-C63-AMG-Coupe-Black-002-1080.jpg
Mon 29 Dec 19:30:37 GMT 2025: Set wallpaper to /home/solo/.config/hypr/wallpapers/w05.webp
Mon 29 Dec 19:32:37 GMT 2025: Set wallpaper to /home/solo/.config/hypr/wallpapers/w11_wets.webp
Mon 29 Dec 19:34:37 GMT 2025: Set wallpaper to /home/solo/.config/hypr/wallpapers/W05.jpg
Mon 29 Dec 19:36:37 GMT 2025: Set wallpaper to /home/solo/.config/hypr/wallpapers/mercedes-w11.webp
Mon 29 Dec 19:38:37 GMT 2025: Set wallpaper to /home/solo/.config/hypr/wallpapers/w05.webp
Mon 29 Dec 19:40:37 GMT 2025: Set wallpaper to /home/solo/.config/hypr/wallpapers/mazda-mx5-miata-mazda-3351.jpg
Mon 29 Dec 19:42:37 GMT 2025: Set wallpaper to /home/solo/.config/hypr/wallpapers/2011-Mercedes-Benz-C63-AMG-Coupe-Black-001-1080.jpg
Mon 29 Dec 19:44:37 GMT 2025: Set wallpaper to /home/solo/.config/hypr/wallpapers/SilverW11.jpg
Mon 29 Dec 19:46:37 GMT 2025: Set wallpaper to /home/solo/.config/hypr/wallpapers/2015-Porsche-918-Spyder-012-1440.jpg
Mon 29 Dec 19:48:37 GMT 2025: Set wallpaper to /home/solo/.config/hypr/wallpapers/2008-Mazda-Furai-Concept_grey.png
Mon 29 Dec 19:50:37 GMT 2025: Set wallpaper to /home/solo/.config/hypr/wallpapers/1968-Lamborghini-Miura-Jota-SVR-001-1080.jpg
Mon 29 Dec 20:08:43 GMT 2025: Set wallpaper to /home/solo/.config/hypr/wallpapers/w05.webp
Mon 29 Dec 20:10:43 GMT 2025: Set wallpaper to /home/solo/.config/hypr/wallpapers/2019-Bugatti-Divo.jpg
Mon 29 Dec 20:12:43 GMT 2025: Set wallpaper to /home/solo/.config/hypr/wallpapers/w05.webp
Mon 29 Dec 20:14:43 GMT 2025: Set wallpaper to /home/solo/.config/hypr/wallpapers/SoloLinux4.png
Mon 29 Dec 20:16:43 GMT 2025: Set wallpaper to /home/solo/.config/hypr/wallpapers/linux-nitros-dark-ov.jpg
Mon 29 Dec 20:18:43 GMT 2025: Set wallpaper to /home/solo/.config/hypr/wallpapers/2008-Mazda-Furai-Concept-004-1440.jpg
Mon 29 Dec 20:20:43 GMT 2025: Set wallpaper to /home/solo/.config/hypr/wallpapers/2019-Bugatti-Divo.jpg
Mon 29 Dec 20:22:43 GMT 2025: Set wallpaper to /home/solo/.config/hypr/wallpapers/w11_pfp.webp
Mon 29 Dec 20:24:43 GMT 2025: Set wallpaper to /home/solo/.config/hypr/wallpapers/SoloLinux4.png
Mon 29 Dec 20:26:43 GMT 2025: Set wallpaper to /home/solo/.config/hypr/wallpapers/2011-Mercedes-Benz-C63-AMG-Coupe-Black-001-1080.jpg
Mon 29 Dec 20:28:43 GMT 2025: Set wallpaper to /home/solo/.config/hypr/wallpapers/w05.webp
Mon 29 Dec 20:30:43 GMT 2025: Set wallpaper to /home/solo/.config/hypr/wallpapers/hamilton_3079629.jpg
Mon 29 Dec 20:32:43 GMT 2025: Set wallpaper to /home/solo/.config/hypr/wallpapers/SoloLinux4.png
Mon 29 Dec 20:34:43 GMT 2025: Set wallpaper to /home/solo/.config/hypr/wallpapers/W05.jpg
Mon 29 Dec 20:36:44 GMT 2025: Set wallpaper to /home/solo/.config/hypr/wallpapers/w11_wets.webp
Mon 29 Dec 20:38:44 GMT 2025: Set wallpaper to /home/solo/.config/hypr/wallpapers/w11_pfp.webp
Mon 29 Dec 20:40:44 GMT 2025: Set wallpaper to /home/solo/.config/hypr/wallpapers/SilverW11.jpg
Mon 29 Dec 20:42:44 GMT 2025: Set wallpaper to /home/solo/.config/hypr/wallpapers/2011-Mercedes-Benz-C63-AMG-Coupe-Black-001-1080.jpg
Mon 29 Dec 20:44:44 GMT 2025: Set wallpaper to /home/solo/.config/hypr/wallpapers/hyprland_wallpaper.png
Tue 30 Dec 10:41:13 GMT 2025: Set wallpaper to /home/solo/.config/hypr/wallpapers/simple.png
Tue 30 Dec 10:43:13 GMT 2025: Set wallpaper to /home/solo/.config/hypr/wallpapers/SoloLinux_Wallpaper_1.png
Tue 30 Dec 10:45:13 GMT 2025: Set wallpaper to /home/solo/.config/hypr/wallpapers/2019-Bugatti-Divo.jpg
Tue 30 Dec 10:47:14 GMT 2025: Set wallpaper to /home/solo/.config/hypr/wallpapers/1968-Lamborghini-Miura-Jota-SVR-001-1080.jpg
Tue 30 Dec 10:49:14 GMT 2025: Set wallpaper to /home/solo/.config/hypr/wallpapers/mercedes-w11.webp
Tue 30 Dec 10:51:14 GMT 2025: Set wallpaper to /home/solo/.config/hypr/wallpapers/SoloLinux_Blue_And_WHite_Text_Dark.png
Tue 30 Dec 10:53:14 GMT 2025: Set wallpaper to /home/solo/.config/hypr/wallpapers/thumb-1920-1345403.jpeg
Tue 30 Dec 10:55:14 GMT 2025: Set wallpaper to /home/solo/.config/hypr/wallpapers/W05.jpg
Tue 30 Dec 10:57:14 GMT 2025: Set wallpaper to /home/solo/.config/hypr/wallpapers/w05.webp
Tue 30 Dec 10:59:14 GMT 2025: Set wallpaper to /home/solo/.config/hypr/wallpapers/simple.png
Tue 30 Dec 11:01:14 GMT 2025: Set wallpaper to /home/solo/.config/hypr/wallpapers/w11_pfp.webp
Tue 30 Dec 11:03:14 GMT 2025: Set wallpaper to /home/solo/.config/hypr/wallpapers/thumb-1920-1345403.jpeg
Tue 30 Dec 11:05:14 GMT 2025: Set wallpaper to /home/solo/.config/hypr/wallpapers/2005-Ferrari-F430-007-1080.jpg
Tue 30 Dec 11:07:14 GMT 2025: Set wallpaper to /home/solo/.config/hypr/wallpapers/w11_wets.webp
Tue 30 Dec 11:20:08 GMT 2025: Set wallpaper to /home/solo/.config/hypr/wallpapers/w05.webp
Tue 30 Dec 11:22:08 GMT 2025: Set wallpaper to /home/solo/.config/hypr/wallpapers/mazda-mx5-miata-mazda-3351.jpg
Tue 30 Dec 11:24:08 GMT 2025: Set wallpaper to /home/solo/.config/hypr/wallpapers/2008-Mazda-Furai-Concept-004-1440.jpg
Tue 30 Dec 11:26:08 GMT 2025: Set wallpaper to /home/solo/.config/hypr/wallpapers/2011-Mercedes-Benz-C63-AMG-Coupe-Black-001-1080.jpg
Tue 30 Dec 11:28:08 GMT 2025: Set wallpaper to /home/solo/.config/hypr/wallpapers/mercedes-w11.webp
Tue 30 Dec 11:30:09 GMT 2025: Set wallpaper to /home/solo/.config/hypr/wallpapers/hyprland_wallpaper.png
Tue 30 Dec 15:27:27 GMT 2025: Set wallpaper to /home/solo/.config/hypr/wallpapers/2019-Bugatti-Divo.jpg
Tue 30 Dec 15:29:27 GMT 2025: Set wallpaper to /home/solo/.config/hypr/wallpapers/W05.jpg
Tue 30 Dec 15:31:27 GMT 2025: Set wallpaper to /home/solo/.config/hypr/wallpapers/2014-Mercedes-Benz-SLS-AMG-Black-Series-009-1440.jpg
Tue 30 Dec 15:33:27 GMT 2025: Set wallpaper to /home/solo/.config/hypr/wallpapers/2005-Ferrari-F430-007-1080.jpg
Tue 30 Dec 15:35:27 GMT 2025: Set wallpaper to /home/solo/.config/hypr/wallpapers/w11_pfp.webp
Tue 30 Dec 15:37:27 GMT 2025: Set wallpaper to /home/solo/.config/hypr/wallpapers/SoloLinux_Wallpaper_1.png
Tue 30 Dec 15:39:27 GMT 2025: Set wallpaper to /home/solo/.config/hypr/wallpapers/2019-Bugatti-Divo.jpg
Tue 30 Dec 15:41:27 GMT 2025: Set wallpaper to /home/solo/.config/hypr/wallpapers/W11_with_DRS.jpg
Tue 30 Dec 15:43:27 GMT 2025: Set wallpaper to /home/solo/.config/hypr/wallpapers/2014-Mercedes-Benz-SLS-AMG-Black-Series-009-1440.jpg
Tue 30 Dec 15:45:27 GMT 2025: Set wallpaper to /home/solo/.config/hypr/wallpapers/w11_wets.webp
Tue 30 Dec 15:47:27 GMT 2025: Set wallpaper to /home/solo/.config/hypr/wallpapers/1968-Lamborghini-Miura-Jota-SVR-001-1080.jpg
Tue 30 Dec 15:49:28 GMT 2025: Set wallpaper to /home/solo/.config/hypr/wallpapers/mercedes_amg_f1_m11_eq_performance_4k-HD.jpg
Tue 30 Dec 15:51:28 GMT 2025: Set wallpaper to /home/solo/.config/hypr/wallpapers/astize_cc0_split1.png
Tue 30 Dec 15:53:28 GMT 2025: Set wallpaper to /home/solo/.config/hypr/wallpapers/2008-Mazda-Furai-Concept_grey.png
Tue 30 Dec 15:55:28 GMT 2025: Set wallpaper to /home/solo/.config/hypr/wallpapers/SoloLinux_Blue_And_WHite_Text_Dark.png
Tue 30 Dec 15:57:28 GMT 2025: Set wallpaper to /home/solo/.config/hypr/wallpapers/w05.webp
Tue 30 Dec 15:59:28 GMT 2025: Set wallpaper to /home/solo/.config/hypr/wallpapers/1979-Canepa-BMW-M1-Procar_grey.png
Tue 30 Dec 16:01:28 GMT 2025: Set wallpaper to /home/solo/.config/hypr/wallpapers/2005-Ferrari-F430-007-1080.jpg
Tue 30 Dec 16:03:28 GMT 2025: Set wallpaper to /home/solo/.config/hypr/wallpapers/hamilton_3079629.jpg
Tue 30 Dec 16:05:28 GMT 2025: Set wallpaper to /home/solo/.config/hypr/wallpapers/SoloLinux_Wallpaper_1.png
Tue 30 Dec 16:07:28 GMT 2025: Set wallpaper to /home/solo/.config/hypr/wallpapers/mazda-mx5-miata-mazda-3351.jpg
Tue 30 Dec 16:09:28 GMT 2025: Set wallpaper to /home/solo/.config/hypr/wallpapers/2008-Mazda-Furai-Concept-004-1440.jpg
Tue 30 Dec 16:11:28 GMT 2025: Set wallpaper to /home/solo/.config/hypr/wallpapers/2008-Mazda-Furai-Concept-004-1440.jpg
Tue 30 Dec 16:13:28 GMT 2025: Set wallpaper to /home/solo/.config/hypr/wallpapers/SoloLinux_Wallpaper_1.png
Tue 30 Dec 16:15:28 GMT 2025: Set wallpaper to /home/solo/.config/hypr/wallpapers/simple.png
Tue 30 Dec 16:17:28 GMT 2025: Set wallpaper to /home/solo/.config/hypr/wallpapers/astize_cc0_split1.png
Tue 30 Dec 16:19:28 GMT 2025: Set wallpaper to /home/solo/.config/hypr/wallpapers/2019-Bugatti-Divo.jpg
Tue 30 Dec 16:21:28 GMT 2025: Set wallpaper to /home/solo/.config/hypr/wallpapers/w05.webp
Tue 30 Dec 16:23:28 GMT 2025: Set wallpaper to /home/solo/.config/hypr/wallpapers/1979-Canepa-BMW-M1-Procar_grey.png
Tue 30 Dec 16:25:28 GMT 2025: Set wallpaper to /home/solo/.config/hypr/wallpapers/SilverW11.jpg
Tue 30 Dec 16:27:28 GMT 2025: Set wallpaper to /home/solo/.config/hypr/wallpapers/SoloLinux4.png
Tue 30 Dec 16:29:28 GMT 2025: Set wallpaper to /home/solo/.config/hypr/wallpapers/2011-Mercedes-Benz-C63-AMG-Coupe-Black-001-1080.jpg
Tue 30 Dec 16:31:28 GMT 2025: Set wallpaper to /home/solo/.config/hypr/wallpapers/w11_wets.webp
Tue 30 Dec 16:33:28 GMT 2025: Set wallpaper to /home/solo/.config/hypr/wallpapers/astize_cc0_split1.png
Tue 30 Dec 16:35:28 GMT 2025: Set wallpaper to /home/solo/.config/hypr/wallpapers/w05.webp
Tue 30 Dec 16:37:28 GMT 2025: Set wallpaper to /home/solo/.config/hypr/wallpapers/2008-Mazda-Furai-Concept_grey.png
Tue 30 Dec 16:39:29 GMT 2025: Set wallpaper to /home/solo/.config/hypr/wallpapers/linux-nitros-dark-ov.jpg
Tue 30 Dec 16:41:29 GMT 2025: Set wallpaper to /home/solo/.config/hypr/wallpapers/SilverW11.jpg
Tue 30 Dec 16:43:29 GMT 2025: Set wallpaper to /home/solo/.config/hypr/wallpapers/w11_wets.webp
Tue 30 Dec 16:45:29 GMT 2025: Set wallpaper to /home/solo/.config/hypr/wallpapers/astize_cc0_split1.png
Tue 30 Dec 16:47:29 GMT 2025: Set wallpaper to /home/solo/.config/hypr/wallpapers/2009-Mercedes-Benz-SL-65-AMG-Black-003-1080.jpg
Tue 30 Dec 16:49:29 GMT 2025: Set wallpaper to /home/solo/.config/hypr/wallpapers/2008-Mazda-Furai-Concept_grey.png
Tue 30 Dec 16:51:29 GMT 2025: Set wallpaper to /home/solo/.config/hypr/wallpapers/W11_with_DRS.jpg
Tue 30 Dec 16:53:29 GMT 2025: Set wallpaper to /home/solo/.config/hypr/wallpapers/2011-Mercedes-Benz-C63-AMG-Coupe-Black-001-1080.jpg
Tue 30 Dec 21:16:32 GMT 2025: Set wallpaper to /home/solo/.config/hypr/wallpapers/thumb-1920-1345403.jpeg
Tue 30 Dec 21:18:32 GMT 2025: Set wallpaper to /home/solo/.config/hypr/wallpapers/SoloLinux_Wallpaper_1.png
Tue 30 Dec 21:20:32 GMT 2025: Set wallpaper to /home/solo/.config/hypr/wallpapers/w11_pfp.webp
Tue 30 Dec 21:22:32 GMT 2025: Set wallpaper to /home/solo/.config/hypr/wallpapers/w11_wets.webp
Tue 30 Dec 21:24:33 GMT 2025: Set wallpaper to /home/solo/.config/hypr/wallpapers/SoloLinux_Wallpaper_1.png
Tue 30 Dec 21:26:33 GMT 2025: Set wallpaper to /home/solo/.config/hypr/wallpapers/thumb-1920-1345403.jpeg
Tue 30 Dec 21:28:33 GMT 2025: Set wallpaper to /home/solo/.config/hypr/wallpapers/2015-Porsche-918-Spyder-012-1440.jpg
Tue 30 Dec 21:30:33 GMT 2025: Set wallpaper to /home/solo/.config/hypr/wallpapers/W11_with_DRS.jpg
Tue 30 Dec 21:32:33 GMT 2025: Set wallpaper to /home/solo/.config/hypr/wallpapers/1968-Lamborghini-Miura-Jota-SVR-001-1080.jpg
Tue 30 Dec 21:34:33 GMT 2025: Set wallpaper to /home/solo/.config/hypr/wallpapers/mercedes_amg_f1_m11_eq_performance_4k-HD.jpg
Tue 30 Dec 21:36:33 GMT 2025: Set wallpaper to /home/solo/.config/hypr/wallpapers/mercedes_amg_f1_m11_eq_performance_4k-HD.jpg
Tue 30 Dec 21:38:33 GMT 2025: Set wallpaper to /home/solo/.config/hypr/wallpapers/2009-Mercedes-Benz-SL-65-AMG-Black-003-1080.jpg
Tue 30 Dec 21:40:33 GMT 2025: Set wallpaper to /home/solo/.config/hypr/wallpapers/w11_wets.webp
Tue 30 Dec 21:42:33 GMT 2025: Set wallpaper to /home/solo/.config/hypr/wallpapers/2011-Mercedes-Benz-C63-AMG-Coupe-Black-002-1080.jpg
Tue 30 Dec 21:44:33 GMT 2025: Set wallpaper to /home/solo/.config/hypr/wallpapers/SoloLinux_Wallpaper_Blue_White_Text.png
Tue 30 Dec 21:46:33 GMT 2025: Set wallpaper to /home/solo/.config/hypr/wallpapers/2009-Mercedes-Benz-SL-65-AMG-Black-003-1080.jpg
Tue 30 Dec 21:48:33 GMT 2025: Set wallpaper to /home/solo/.config/hypr/wallpapers/SoloLinux_Wallpaper_Blue_White_Text.png
Tue 30 Dec 21:50:33 GMT 2025: Set wallpaper to /home/solo/.config/hypr/wallpapers/hyprland_wallpaper.png
Tue 30 Dec 21:52:33 GMT 2025: Set wallpaper to /home/solo/.config/hypr/wallpapers/w11_pfp.webp
Tue 30 Dec 21:54:33 GMT 2025: Set wallpaper to /home/solo/.config/hypr/wallpapers/2011-Mercedes-Benz-C63-AMG-Coupe-Black-002-1080.jpg
Tue 30 Dec 21:56:33 GMT 2025: Set wallpaper to /home/solo/.config/hypr/wallpapers/SoloLinux4.png
Tue 30 Dec 21:58:33 GMT 2025: Set wallpaper to /home/solo/.config/hypr/wallpapers/1968-Lamborghini-Miura-Jota-SVR-001-1080.jpg
Wed 31 Dec 09:50:27 GMT 2025: Set wallpaper to /home/solo/.config/hypr/wallpapers/hamilton_3079629.jpg
Wed 31 Dec 09:52:27 GMT 2025: Set wallpaper to /home/solo/.config/hypr/wallpapers/2008-Mazda-Furai-Concept-004-1440.jpg
Wed 31 Dec 09:53:41 GMT 2025: Set wallpaper to /home/solo/.config/hypr/wallpapers/1968-Lamborghini-Miura-Jota-SVR-001-1080.jpg
Wed 31 Dec 09:55:41 GMT 2025: Set wallpaper to /home/solo/.config/hypr/wallpapers/2011-Mercedes-Benz-C63-AMG-Coupe-Black-002-1080.jpg
Wed 31 Dec 09:57:41 GMT 2025: Set wallpaper to /home/solo/.config/hypr/wallpapers/2009-Mercedes-Benz-SL-65-AMG-Black-003-1080.jpg
Wed 31 Dec 09:59:42 GMT 2025: Set wallpaper to /home/solo/.config/hypr/wallpapers/2014-Mercedes-Benz-SLS-AMG-Black-Series-009-1440.jpg
Wed 31 Dec 10:01:42 GMT 2025: Set wallpaper to /home/solo/.config/hypr/wallpapers/1968-Lamborghini-Miura-Jota-SVR-001-1080.jpg
Wed 31 Dec 10:03:42 GMT 2025: Set wallpaper to /home/solo/.config/hypr/wallpapers/SoloLinux_Wallpaper_Blue_White_Text.png
Wed 31 Dec 10:05:42 GMT 2025: Set wallpaper to /home/solo/.config/hypr/wallpapers/2009-Mercedes-Benz-SL-65-AMG-Black-003-1080.jpg
Wed 31 Dec 10:07:42 GMT 2025: Set wallpaper to /home/solo/.config/hypr/wallpapers/2008-Mazda-Furai-Concept-004-1440.jpg
Wed 31 Dec 10:09:42 GMT 2025: Set wallpaper to /home/solo/.config/hypr/wallpapers/W05.jpg
Wed 31 Dec 10:11:42 GMT 2025: Set wallpaper to /home/solo/.config/hypr/wallpapers/simple.png
Wed 31 Dec 10:13:42 GMT 2025: Set wallpaper to /home/solo/.config/hypr/wallpapers/2011-Mercedes-Benz-C63-AMG-Coupe-Black-001-1080.jpg
Wed 31 Dec 10:15:42 GMT 2025: Set wallpaper to /home/solo/.config/hypr/wallpapers/astize_cc0_split1.png
Wed 31 Dec 10:17:42 GMT 2025: Set wallpaper to /home/solo/.config/hypr/wallpapers/2019-Bugatti-Divo.jpg
Wed 31 Dec 10:19:42 GMT 2025: Set wallpaper to /home/solo/.config/hypr/wallpapers/hamilton_3079629.jpg
Wed 31 Dec 10:21:42 GMT 2025: Set wallpaper to /home/solo/.config/hypr/wallpapers/w11_pfp.webp
Wed 31 Dec 10:23:42 GMT 2025: Set wallpaper to /home/solo/.config/hypr/wallpapers/2011-Mercedes-Benz-C63-AMG-Coupe-Black-002-1080.jpg
Wed 31 Dec 10:25:42 GMT 2025: Set wallpaper to /home/solo/.config/hypr/wallpapers/w11_wets.webp
Wed 31 Dec 10:27:42 GMT 2025: Set wallpaper to /home/solo/.config/hypr/wallpapers/simple.png
Wed 31 Dec 10:29:42 GMT 2025: Set wallpaper to /home/solo/.config/hypr/wallpapers/2014-Mercedes-Benz-SLS-AMG-Black-Series-009-1440.jpg
Wed 31 Dec 10:31:43 GMT 2025: Set wallpaper to /home/solo/.config/hypr/wallpapers/1979-Canepa-BMW-M1-Procar_grey.png
Wed 31 Dec 10:33:43 GMT 2025: Set wallpaper to /home/solo/.config/hypr/wallpapers/2019-Bugatti-Divo.jpg
Wed 31 Dec 10:35:43 GMT 2025: Set wallpaper to /home/solo/.config/hypr/wallpapers/linux-nitros-dark-ov.jpg
Wed 31 Dec 10:37:43 GMT 2025: Set wallpaper to /home/solo/.config/hypr/wallpapers/w11_wets.webp
Wed 31 Dec 10:39:43 GMT 2025: Set wallpaper to /home/solo/.config/hypr/wallpapers/2011-Mercedes-Benz-C63-AMG-Coupe-Black-002-1080.jpg
Wed 31 Dec 10:41:43 GMT 2025: Set wallpaper to /home/solo/.config/hypr/wallpapers/hyprland_wallpaper.png
Wed 31 Dec 10:43:43 GMT 2025: Set wallpaper to /home/solo/.config/hypr/wallpapers/thumb-1920-1345403.jpeg
Wed 31 Dec 10:45:43 GMT 2025: Set wallpaper to /home/solo/.config/hypr/wallpapers/W11_with_DRS.jpg
Wed 31 Dec 10:47:43 GMT 2025: Set wallpaper to /home/solo/.config/hypr/wallpapers/2011-Mercedes-Benz-C63-AMG-Coupe-Black-001-1080.jpg
Wed 31 Dec 10:49:43 GMT 2025: Set wallpaper to /home/solo/.config/hypr/wallpapers/SoloLinux_Wallpaper_1.png
Wed 31 Dec 10:51:43 GMT 2025: Set wallpaper to /home/solo/.config/hypr/wallpapers/mazda-mx5-miata-mazda-3351.jpg
Wed 31 Dec 10:53:43 GMT 2025: Set wallpaper to /home/solo/.config/hypr/wallpapers/SoloLinux_Wallpaper_Blue_White_Text.png
Wed 31 Dec 10:55:43 GMT 2025: Set wallpaper to /home/solo/.config/hypr/wallpapers/astize_cc0_split1.png
Wed 31 Dec 10:57:43 GMT 2025: Set wallpaper to /home/solo/.config/hypr/wallpapers/SoloLinux_Wallpaper_Blue_White_Text.png
Wed 31 Dec 10:59:43 GMT 2025: Set wallpaper to /home/solo/.config/hypr/wallpapers/2015-Porsche-918-Spyder-012-1440.jpg
Wed 31 Dec 11:01:43 GMT 2025: Set wallpaper to /home/solo/.config/hypr/wallpapers/2008-Mazda-Furai-Concept_grey.png
Wed 31 Dec 11:03:43 GMT 2025: Set wallpaper to /home/solo/.config/hypr/wallpapers/2008-Mazda-Furai-Concept_grey.png
Wed 31 Dec 11:05:43 GMT 2025: Set wallpaper to /home/solo/.config/hypr/wallpapers/2019-Bugatti-Divo.jpg
Wed 31 Dec 11:07:43 GMT 2025: Set wallpaper to /home/solo/.config/hypr/wallpapers/mercedes-w11.webp
Wed 31 Dec 11:09:43 GMT 2025: Set wallpaper to /home/solo/.config/hypr/wallpapers/SoloLinux_Wallpaper_Blue_White_Text.png
Wed 31 Dec 11:11:43 GMT 2025: Set wallpaper to /home/solo/.config/hypr/wallpapers/w11_pfp.webp
Wed 31 Dec 11:13:43 GMT 2025: Set wallpaper to /home/solo/.config/hypr/wallpapers/simple.png
Wed 31 Dec 11:15:43 GMT 2025: Set wallpaper to /home/solo/.config/hypr/wallpapers/SilverW11.jpg
Wed 31 Dec 11:17:43 GMT 2025: Set wallpaper to /home/solo/.config/hypr/wallpapers/2015-Porsche-918-Spyder-012-1440.jpg
Wed 31 Dec 11:19:43 GMT 2025: Set wallpaper to /home/solo/.config/hypr/wallpapers/2015-Porsche-918-Spyder-012-1440.jpg
Wed 31 Dec 11:21:43 GMT 2025: Set wallpaper to /home/solo/.config/hypr/wallpapers/w11_pfp.webp
Wed 31 Dec 11:23:43 GMT 2025: Set wallpaper to /home/solo/.config/hypr/wallpapers/2008-Mazda-Furai-Concept-004-1440.jpg
Wed 31 Dec 11:25:43 GMT 2025: Set wallpaper to /home/solo/.config/hypr/wallpapers/astize_cc0_split1.png
Wed 31 Dec 11:27:44 GMT 2025: Set wallpaper to /home/solo/.config/hypr/wallpapers/2005-Ferrari-F430-007-1080.jpg
Wed 31 Dec 11:29:44 GMT 2025: Set wallpaper to /home/solo/.config/hypr/wallpapers/mazda-mx5-miata-mazda-3351.jpg
Wed 31 Dec 11:31:44 GMT 2025: Set wallpaper to /home/solo/.config/hypr/wallpapers/SoloLinux4.png
Wed 31 Dec 11:33:44 GMT 2025: Set wallpaper to /home/solo/.config/hypr/wallpapers/1968-Lamborghini-Miura-Jota-SVR-001-1080.jpg
Wed 31 Dec 11:35:44 GMT 2025: Set wallpaper to /home/solo/.config/hypr/wallpapers/2019-Bugatti-Divo.jpg
Wed 31 Dec 11:37:44 GMT 2025: Set wallpaper to /home/solo/.config/hypr/wallpapers/hyprland_wallpaper.png
Wed 31 Dec 11:39:44 GMT 2025: Set wallpaper to /home/solo/.config/hypr/wallpapers/mazda-mx5-miata-mazda-3351.jpg
Wed 31 Dec 11:41:44 GMT 2025: Set wallpaper to /home/solo/.config/hypr/wallpapers/hyprland_wallpaper.png
Wed 31 Dec 11:43:44 GMT 2025: Set wallpaper to /home/solo/.config/hypr/wallpapers/2015-Porsche-918-Spyder-012-1440.jpg
Wed 31 Dec 11:45:44 GMT 2025: Set wallpaper to /home/solo/.config/hypr/wallpapers/W11_with_DRS.jpg
Wed 31 Dec 11:47:44 GMT 2025: Set wallpaper to /home/solo/.config/hypr/wallpapers/W11_with_DRS.jpg
Wed 31 Dec 11:49:44 GMT 2025: Set wallpaper to /home/solo/.config/hypr/wallpapers/2015-Porsche-918-Spyder-012-1440.jpg
Wed 31 Dec 11:51:44 GMT 2025: Set wallpaper to /home/solo/.config/hypr/wallpapers/SoloLinux_Wallpaper_Blue_White_Text.png
Wed 31 Dec 11:53:44 GMT 2025: Set wallpaper to /home/solo/.config/hypr/wallpapers/SoloLinux_Wallpaper_1.png
Wed 31 Dec 11:55:44 GMT 2025: Set wallpaper to /home/solo/.config/hypr/wallpapers/hyprland_wallpaper.png
Wed 31 Dec 11:57:44 GMT 2025: Set wallpaper to /home/solo/.config/hypr/wallpapers/2011-Mercedes-Benz-C63-AMG-Coupe-Black-001-1080.jpg
Wed 31 Dec 11:59:44 GMT 2025: Set wallpaper to /home/solo/.config/hypr/wallpapers/mazda-mx5-miata-mazda-3351.jpg
Wed 31 Dec 12:01:44 GMT 2025: Set wallpaper to /home/solo/.config/hypr/wallpapers/W11_with_DRS.jpg
Wed 31 Dec 12:03:44 GMT 2025: Set wallpaper to /home/solo/.config/hypr/wallpapers/SoloLinux_Wallpaper_Blue_White_Text.png
Wed 31 Dec 12:05:44 GMT 2025: Set wallpaper to /home/solo/.config/hypr/wallpapers/2008-Mazda-Furai-Concept_grey.png
Wed 31 Dec 12:07:44 GMT 2025: Set wallpaper to /home/solo/.config/hypr/wallpapers/SoloLinux4.png
Wed 31 Dec 12:09:44 GMT 2025: Set wallpaper to /home/solo/.config/hypr/wallpapers/SoloLinux_Blue_And_WHite_Text_Dark.png
Wed 31 Dec 12:11:44 GMT 2025: Set wallpaper to /home/solo/.config/hypr/wallpapers/astize_cc0_split1.png
Wed 31 Dec 12:13:44 GMT 2025: Set wallpaper to /home/solo/.config/hypr/wallpapers/thumb-1920-1345403.jpeg
Wed 31 Dec 12:15:44 GMT 2025: Set wallpaper to /home/solo/.config/hypr/wallpapers/hamilton_3079629.jpg
Wed 31 Dec 12:17:44 GMT 2025: Set wallpaper to /home/solo/.config/hypr/wallpapers/simple.png
Wed 31 Dec 12:19:44 GMT 2025: Set wallpaper to /home/solo/.config/hypr/wallpapers/w11_pfp.webp
Wed 31 Dec 12:21:44 GMT 2025: Set wallpaper to /home/solo/.config/hypr/wallpapers/SoloLinux_Blue_And_WHite_Text_Dark.png
Wed 31 Dec 12:23:44 GMT 2025: Set wallpaper to /home/solo/.config/hypr/wallpapers/2015-Porsche-918-Spyder-012-1440.jpg
Wed 31 Dec 12:25:44 GMT 2025: Set wallpaper to /home/solo/.config/hypr/wallpapers/2008-Mazda-Furai-Concept_grey.png
Wed 31 Dec 14:19:51 GMT 2025: Set wallpaper to /home/solo/.config/hypr/wallpapers/w11_pfp.webp
Wed 31 Dec 14:21:51 GMT 2025: Set wallpaper to /home/solo/.config/hypr/wallpapers/w11_wets.webp
Wed 31 Dec 14:23:51 GMT 2025: Set wallpaper to /home/solo/.config/hypr/wallpapers/SoloLinux_Wallpaper_Blue_White_Text.png
Wed 31 Dec 14:25:51 GMT 2025: Set wallpaper to /home/solo/.config/hypr/wallpapers/2008-Mazda-Furai-Concept-004-1440.jpg
Wed 31 Dec 14:27:51 GMT 2025: Set wallpaper to /home/solo/.config/hypr/wallpapers/hamilton_3079629.jpg
Wed 31 Dec 14:29:51 GMT 2025: Set wallpaper to /home/solo/.config/hypr/wallpapers/linux-nitros-dark-ov.jpg
Wed 31 Dec 14:31:51 GMT 2025: Set wallpaper to /home/solo/.config/hypr/wallpapers/mercedes-w11.webp
Wed 31 Dec 14:33:51 GMT 2025: Set wallpaper to /home/solo/.config/hypr/wallpapers/SilverW11.jpg
Wed 31 Dec 14:35:51 GMT 2025: Set wallpaper to /home/solo/.config/hypr/wallpapers/mazda-mx5-miata-mazda-3351.jpg
Wed 31 Dec 14:37:51 GMT 2025: Set wallpaper to /home/solo/.config/hypr/wallpapers/hamilton_3079629.jpg
Wed 31 Dec 14:39:51 GMT 2025: Set wallpaper to /home/solo/.config/hypr/wallpapers/2008-Mazda-Furai-Concept_grey.png
Wed 31 Dec 14:41:51 GMT 2025: Set wallpaper to /home/solo/.config/hypr/wallpapers/hyprland_wallpaper.png
Wed 31 Dec 14:43:51 GMT 2025: Set wallpaper to /home/solo/.config/hypr/wallpapers/mazda-mx5-miata-mazda-3351.jpg
Wed 31 Dec 14:45:51 GMT 2025: Set wallpaper to /home/solo/.config/hypr/wallpapers/2011-Mercedes-Benz-C63-AMG-Coupe-Black-002-1080.jpg
Wed 31 Dec 14:47:51 GMT 2025: Set wallpaper to /home/solo/.config/hypr/wallpapers/w11_pfp.webp
Wed 31 Dec 14:49:51 GMT 2025: Set wallpaper to /home/solo/.config/hypr/wallpapers/w05.webp
Wed 31 Dec 14:51:51 GMT 2025: Set wallpaper to /home/solo/.config/hypr/wallpapers/1968-Lamborghini-Miura-Jota-SVR-001-1080.jpg
Wed 31 Dec 14:53:51 GMT 2025: Set wallpaper to /home/solo/.config/hypr/wallpapers/hyprland_wallpaper.png
Wed 31 Dec 14:55:51 GMT 2025: Set wallpaper to /home/solo/.config/hypr/wallpapers/1979-Canepa-BMW-M1-Procar_grey.png
Wed 31 Dec 14:57:51 GMT 2025: Set wallpaper to /home/solo/.config/hypr/wallpapers/SoloLinux_Wallpaper_Blue_White_Text.png
Wed 31 Dec 14:59:51 GMT 2025: Set wallpaper to /home/solo/.config/hypr/wallpapers/astize_cc0_split1.png
Wed 31 Dec 15:01:51 GMT 2025: Set wallpaper to /home/solo/.config/hypr/wallpapers/w11_pfp.webp
Wed 31 Dec 15:03:51 GMT 2025: Set wallpaper to /home/solo/.config/hypr/wallpapers/w11_pfp.webp
Wed 31 Dec 15:05:51 GMT 2025: Set wallpaper to /home/solo/.config/hypr/wallpapers/SoloLinux_Wallpaper_1.png
Wed 31 Dec 15:07:51 GMT 2025: Set wallpaper to /home/solo/.config/hypr/wallpapers/astize_cc0_split1.png
Wed 31 Dec 15:09:51 GMT 2025: Set wallpaper to /home/solo/.config/hypr/wallpapers/W11_with_DRS.jpg
Wed 31 Dec 15:11:51 GMT 2025: Set wallpaper to /home/solo/.config/hypr/wallpapers/2014-Mercedes-Benz-SLS-AMG-Black-Series-009-1440.jpg
Wed 31 Dec 15:13:51 GMT 2025: Set wallpaper to /home/solo/.config/hypr/wallpapers/thumb-1920-1345403.jpeg
Wed 31 Dec 15:15:51 GMT 2025: Set wallpaper to /home/solo/.config/hypr/wallpapers/astize_cc0_split1.png
Wed 31 Dec 15:17:51 GMT 2025: Set wallpaper to /home/solo/.config/hypr/wallpapers/hyprland_wallpaper.png
Wed 31 Dec 15:19:51 GMT 2025: Set wallpaper to /home/solo/.config/hypr/wallpapers/SoloLinux_Blue_And_WHite_Text_Dark.png
Wed 31 Dec 15:21:51 GMT 2025: Set wallpaper to /home/solo/.config/hypr/wallpapers/mazda-mx5-miata-mazda-3351.jpg
Wed 31 Dec 15:23:51 GMT 2025: Set wallpaper to /home/solo/.config/hypr/wallpapers/w05.webp
Wed 31 Dec 15:25:52 GMT 2025: Set wallpaper to /home/solo/.config/hypr/wallpapers/w05.webp
Wed 31 Dec 15:27:52 GMT 2025: Set wallpaper to /home/solo/.config/hypr/wallpapers/mazda-mx5-miata-mazda-3351.jpg
Wed 31 Dec 15:29:52 GMT 2025: Set wallpaper to /home/solo/.config/hypr/wallpapers/1968-Lamborghini-Miura-Jota-SVR-001-1080.jpg
Wed 31 Dec 15:31:52 GMT 2025: Set wallpaper to /home/solo/.config/hypr/wallpapers/SoloLinux_Blue_And_WHite_Text_Dark.png
Wed 31 Dec 15:33:52 GMT 2025: Set wallpaper to /home/solo/.config/hypr/wallpapers/w11_pfp.webp
Wed 31 Dec 15:35:52 GMT 2025: Set wallpaper to /home/solo/.config/hypr/wallpapers/w11_pfp.webp
Wed 31 Dec 15:37:52 GMT 2025: Set wallpaper to /home/solo/.config/hypr/wallpapers/2011-Mercedes-Benz-C63-AMG-Coupe-Black-001-1080.jpg
Wed 31 Dec 15:39:52 GMT 2025: Set wallpaper to /home/solo/.config/hypr/wallpapers/w05.webp
Wed 31 Dec 15:41:52 GMT 2025: Set wallpaper to /home/solo/.config/hypr/wallpapers/SoloLinux4.png
Wed 31 Dec 15:43:52 GMT 2025: Set wallpaper to /home/solo/.config/hypr/wallpapers/mercedes-w11.webp
Wed 31 Dec 15:45:52 GMT 2025: Set wallpaper to /home/solo/.config/hypr/wallpapers/astize_cc0_split1.png
Wed 31 Dec 15:47:52 GMT 2025: Set wallpaper to /home/solo/.config/hypr/wallpapers/2009-Mercedes-Benz-SL-65-AMG-Black-003-1080.jpg
Wed 31 Dec 15:49:52 GMT 2025: Set wallpaper to /home/solo/.config/hypr/wallpapers/SoloLinux_Blue_And_WHite_Text_Dark.png
Wed 31 Dec 17:25:11 GMT 2025: Set wallpaper to /home/solo/.config/hypr/wallpapers/2011-Mercedes-Benz-C63-AMG-Coupe-Black-001-1080.jpg
Wed 31 Dec 17:27:11 GMT 2025: Set wallpaper to /home/solo/.config/hypr/wallpapers/2011-Mercedes-Benz-C63-AMG-Coupe-Black-002-1080.jpg
Wed 31 Dec 17:29:11 GMT 2025: Set wallpaper to /home/solo/.config/hypr/wallpapers/w05.webp
Wed 31 Dec 17:31:16 GMT 2025: Set wallpaper to /home/solo/.config/hypr/wallpapers/mazda-mx5-miata-mazda-3351.jpg
Wed 31 Dec 17:33:21 GMT 2025: Set wallpaper to /home/solo/.config/hypr/wallpapers/2014-Mercedes-Benz-SLS-AMG-Black-Series-009-1440.jpg
Wed 31 Dec 17:35:26 GMT 2025: Set wallpaper to /home/solo/.config/hypr/wallpapers/1968-Lamborghini-Miura-Jota-SVR-001-1080.jpg
Wed 31 Dec 17:37:31 GMT 2025: Set wallpaper to /home/solo/.config/hypr/wallpapers/mazda-mx5-miata-mazda-3351.jpg
Wed 31 Dec 17:39:37 GMT 2025: Set wallpaper to /home/solo/.config/hypr/wallpapers/SoloLinux_Wallpaper_Blue_White_Text.png
Wed 31 Dec 17:41:42 GMT 2025: Set wallpaper to /home/solo/.config/hypr/wallpapers/hamilton_3079629.jpg
Wed 31 Dec 17:43:47 GMT 2025: Set wallpaper to /home/solo/.config/hypr/wallpapers/2014-Mercedes-Benz-SLS-AMG-Black-Series-009-1440.jpg
Wed 31 Dec 17:45:52 GMT 2025: Set wallpaper to /home/solo/.config/hypr/wallpapers/W11_with_DRS.jpg
Thu  1 Jan 13:59:22 GMT 2026: Set wallpaper to /home/solo/.config/hypr/wallpapers/SoloLinux_Wallpaper_1.png
Thu  1 Jan 14:01:27 GMT 2026: Set wallpaper to /home/solo/.config/hypr/wallpapers/SoloLinux_Wallpaper_1.png
Thu  1 Jan 14:03:32 GMT 2026: Set wallpaper to /home/solo/.config/hypr/wallpapers/SoloLinux_Wallpaper_1.png
Thu  1 Jan 14:05:38 GMT 2026: Set wallpaper to /home/solo/.config/hypr/wallpapers/SoloLinux4.png
Thu  1 Jan 14:07:43 GMT 2026: Set wallpaper to /home/solo/.config/hypr/wallpapers/2008-Mazda-Furai-Concept_grey.png
Thu  1 Jan 14:09:48 GMT 2026: Set wallpaper to /home/solo/.config/hypr/wallpapers/2008-Mazda-Furai-Concept-004-1440.jpg
Thu  1 Jan 14:11:53 GMT 2026: Set wallpaper to /home/solo/.config/hypr/wallpapers/2011-Mercedes-Benz-C63-AMG-Coupe-Black-002-1080.jpg
Thu  1 Jan 14:13:58 GMT 2026: Set wallpaper to /home/solo/.config/hypr/wallpapers/2019-Bugatti-Divo.jpg
Thu  1 Jan 14:16:03 GMT 2026: Set wallpaper to /home/solo/.config/hypr/wallpapers/2011-Mercedes-Benz-C63-AMG-Coupe-Black-001-1080.jpg
Thu  1 Jan 14:18:08 GMT 2026: Set wallpaper to /home/solo/.config/hypr/wallpapers/linux-nitros-dark-ov.jpg
Thu  1 Jan 14:20:13 GMT 2026: Set wallpaper to /home/solo/.config/hypr/wallpapers/2005-Ferrari-F430-007-1080.jpg
Thu  1 Jan 14:22:18 GMT 2026: Set wallpaper to /home/solo/.config/hypr/wallpapers/2019-Bugatti-Divo.jpg
Thu  1 Jan 14:24:23 GMT 2026: Set wallpaper to /home/solo/.config/hypr/wallpapers/linux-nitros-dark-ov.jpg
Thu  1 Jan 14:26:28 GMT 2026: Set wallpaper to /home/solo/.config/hypr/wallpapers/2008-Mazda-Furai-Concept-004-1440.jpg
Thu  1 Jan 14:28:33 GMT 2026: Set wallpaper to /home/solo/.config/hypr/wallpapers/1968-Lamborghini-Miura-Jota-SVR-001-1080.jpg
Thu  1 Jan 14:30:38 GMT 2026: Set wallpaper to /home/solo/.config/hypr/wallpapers/2015-Porsche-918-Spyder-012-1440.jpg
Thu  1 Jan 14:32:43 GMT 2026: Set wallpaper to /home/solo/.config/hypr/wallpapers/2008-Mazda-Furai-Concept_grey.png
Thu  1 Jan 14:34:48 GMT 2026: Set wallpaper to /home/solo/.config/hypr/wallpapers/SoloLinux_Wallpaper_Blue_White_Text.png
Thu  1 Jan 14:36:53 GMT 2026: Set wallpaper to /home/solo/.config/hypr/wallpapers/2005-Ferrari-F430-007-1080.jpg
Thu  1 Jan 14:38:58 GMT 2026: Set wallpaper to /home/solo/.config/hypr/wallpapers/W05.jpg
Thu  1 Jan 14:41:03 GMT 2026: Set wallpaper to /home/solo/.config/hypr/wallpapers/1968-Lamborghini-Miura-Jota-SVR-001-1080.jpg
Thu  1 Jan 14:43:08 GMT 2026: Set wallpaper to /home/solo/.config/hypr/wallpapers/W05.jpg
Thu  1 Jan 14:45:13 GMT 2026: Set wallpaper to /home/solo/.config/hypr/wallpapers/mazda-mx5-miata-mazda-3351.jpg
Thu  1 Jan 14:47:18 GMT 2026: Set wallpaper to /home/solo/.config/hypr/wallpapers/SilverW11.jpg
Thu  1 Jan 14:49:23 GMT 2026: Set wallpaper to /home/solo/.config/hypr/wallpapers/W11_with_DRS.jpg
Thu  1 Jan 14:51:28 GMT 2026: Set wallpaper to /home/solo/.config/hypr/wallpapers/2008-Mazda-Furai-Concept_grey.png
Thu  1 Jan 14:53:33 GMT 2026: Set wallpaper to /home/solo/.config/hypr/wallpapers/2011-Mercedes-Benz-C63-AMG-Coupe-Black-002-1080.jpg
Thu  1 Jan 14:55:38 GMT 2026: Set wallpaper to /home/solo/.config/hypr/wallpapers/1979-Canepa-BMW-M1-Procar_grey.png
Thu  1 Jan 14:57:43 GMT 2026: Set wallpaper to /home/solo/.config/hypr/wallpapers/SoloLinux_Blue_And_WHite_Text_Dark.png
Thu  1 Jan 14:59:48 GMT 2026: Set wallpaper to /home/solo/.config/hypr/wallpapers/hamilton_3079629.jpg
Thu  1 Jan 15:01:53 GMT 2026: Set wallpaper to /home/solo/.config/hypr/wallpapers/2008-Mazda-Furai-Concept_grey.png
Thu  1 Jan 15:03:58 GMT 2026: Set wallpaper to /home/solo/.config/hypr/wallpapers/2011-Mercedes-Benz-C63-AMG-Coupe-Black-001-1080.jpg
Thu  1 Jan 15:06:03 GMT 2026: Set wallpaper to /home/solo/.config/hypr/wallpapers/2005-Ferrari-F430-007-1080.jpg
Thu  1 Jan 15:08:08 GMT 2026: Set wallpaper to /home/solo/.config/hypr/wallpapers/thumb-1920-1345403.jpeg
Thu  1 Jan 15:10:13 GMT 2026: Set wallpaper to /home/solo/.config/hypr/wallpapers/2011-Mercedes-Benz-C63-AMG-Coupe-Black-002-1080.jpg
Thu  1 Jan 15:12:18 GMT 2026: Set wallpaper to /home/solo/.config/hypr/wallpapers/mercedes_amg_f1_m11_eq_performance_4k-HD.jpg
Thu  1 Jan 15:14:23 GMT 2026: Set wallpaper to /home/solo/.config/hypr/wallpapers/2011-Mercedes-Benz-C63-AMG-Coupe-Black-001-1080.jpg
Thu  1 Jan 15:16:28 GMT 2026: Set wallpaper to /home/solo/.config/hypr/wallpapers/w05.webp
Thu  1 Jan 15:18:33 GMT 2026: Set wallpaper to /home/solo/.config/hypr/wallpapers/linux-nitros-dark-ov.jpg
Thu  1 Jan 15:20:38 GMT 2026: Set wallpaper to /home/solo/.config/hypr/wallpapers/astize_cc0_split1.png
Thu  1 Jan 15:22:43 GMT 2026: Set wallpaper to /home/solo/.config/hypr/wallpapers/1968-Lamborghini-Miura-Jota-SVR-001-1080.jpg
Thu  1 Jan 15:24:48 GMT 2026: Set wallpaper to /home/solo/.config/hypr/wallpapers/SoloLinux_Wallpaper_Blue_White_Text.png
Thu  1 Jan 15:26:53 GMT 2026: Set wallpaper to /home/solo/.config/hypr/wallpapers/2011-Mercedes-Benz-C63-AMG-Coupe-Black-001-1080.jpg
Thu  1 Jan 15:28:58 GMT 2026: Set wallpaper to /home/solo/.config/hypr/wallpapers/hamilton_3079629.jpg
Thu  1 Jan 15:31:03 GMT 2026: Set wallpaper to /home/solo/.config/hypr/wallpapers/2008-Mazda-Furai-Concept-004-1440.jpg
Thu  1 Jan 15:33:08 GMT 2026: Set wallpaper to /home/solo/.config/hypr/wallpapers/mazda-mx5-miata-mazda-3351.jpg
Thu  1 Jan 15:35:13 GMT 2026: Set wallpaper to /home/solo/.config/hypr/wallpapers/2008-Mazda-Furai-Concept-004-1440.jpg
Thu  1 Jan 15:37:18 GMT 2026: Set wallpaper to /home/solo/.config/hypr/wallpapers/1979-Canepa-BMW-M1-Procar_grey.png
Thu  1 Jan 15:39:23 GMT 2026: Set wallpaper to /home/solo/.config/hypr/wallpapers/SoloLinux_Wallpaper_1.png
Thu  1 Jan 15:41:29 GMT 2026: Set wallpaper to /home/solo/.config/hypr/wallpapers/2011-Mercedes-Benz-C63-AMG-Coupe-Black-002-1080.jpg
Thu  1 Jan 15:43:34 GMT 2026: Set wallpaper to /home/solo/.config/hypr/wallpapers/mercedes-w11.webp
Thu  1 Jan 15:45:39 GMT 2026: Set wallpaper to /home/solo/.config/hypr/wallpapers/SoloLinux4.png
Thu  1 Jan 15:47:44 GMT 2026: Set wallpaper to /home/solo/.config/hypr/wallpapers/2008-Mazda-Furai-Concept-004-1440.jpg
Thu  1 Jan 15:49:49 GMT 2026: Set wallpaper to /home/solo/.config/hypr/wallpapers/SilverW11.jpg
Thu  1 Jan 15:51:54 GMT 2026: Set wallpaper to /home/solo/.config/hypr/wallpapers/2008-Mazda-Furai-Concept_grey.png
Thu  1 Jan 15:53:59 GMT 2026: Set wallpaper to /home/solo/.config/hypr/wallpapers/2009-Mercedes-Benz-SL-65-AMG-Black-003-1080.jpg
Thu  1 Jan 15:56:04 GMT 2026: Set wallpaper to /home/solo/.config/hypr/wallpapers/simple.png
Thu  1 Jan 15:58:09 GMT 2026: Set wallpaper to /home/solo/.config/hypr/wallpapers/w11_pfp.webp
Thu  1 Jan 16:00:14 GMT 2026: Set wallpaper to /home/solo/.config/hypr/wallpapers/W11_with_DRS.jpg
Thu  1 Jan 16:02:19 GMT 2026: Set wallpaper to /home/solo/.config/hypr/wallpapers/simple.png
Thu  1 Jan 16:04:24 GMT 2026: Set wallpaper to /home/solo/.config/hypr/wallpapers/SoloLinux_Blue_And_WHite_Text_Dark.png
Thu  1 Jan 16:06:29 GMT 2026: Set wallpaper to /home/solo/.config/hypr/wallpapers/2008-Mazda-Furai-Concept_grey.png
Thu  1 Jan 16:08:34 GMT 2026: Set wallpaper to /home/solo/.config/hypr/wallpapers/W05.jpg
Thu  1 Jan 16:10:39 GMT 2026: Set wallpaper to /home/solo/.config/hypr/wallpapers/SoloLinux_Wallpaper_1.png
Thu  1 Jan 16:12:44 GMT 2026: Set wallpaper to /home/solo/.config/hypr/wallpapers/SilverW11.jpg
Thu  1 Jan 16:14:49 GMT 2026: Set wallpaper to /home/solo/.config/hypr/wallpapers/SoloLinux4.png
Thu  1 Jan 16:16:54 GMT 2026: Set wallpaper to /home/solo/.config/hypr/wallpapers/mercedes-w11.webp
Thu  1 Jan 16:24:10 GMT 2026: Set wallpaper to /home/solo/.config/hypr/wallpapers/hamilton_3079629.jpg
Thu  1 Jan 16:26:15 GMT 2026: Set wallpaper to /home/solo/.config/hypr/wallpapers/w05.webp
Thu  1 Jan 16:28:20 GMT 2026: Set wallpaper to /home/solo/.config/hypr/wallpapers/1968-Lamborghini-Miura-Jota-SVR-001-1080.jpg
Thu  1 Jan 16:30:25 GMT 2026: Set wallpaper to /home/solo/.config/hypr/wallpapers/mercedes_amg_f1_m11_eq_performance_4k-HD.jpg
Thu  1 Jan 16:32:30 GMT 2026: Set wallpaper to /home/solo/.config/hypr/wallpapers/SoloLinux4.png
Thu  1 Jan 16:34:35 GMT 2026: Set wallpaper to /home/solo/.config/hypr/wallpapers/2005-Ferrari-F430-007-1080.jpg
Thu  1 Jan 16:36:40 GMT 2026: Set wallpaper to /home/solo/.config/hypr/wallpapers/SoloLinux_Wallpaper_1.png
Thu  1 Jan 16:38:45 GMT 2026: Set wallpaper to /home/solo/.config/hypr/wallpapers/2015-Porsche-918-Spyder-012-1440.jpg
Thu  1 Jan 16:40:50 GMT 2026: Set wallpaper to /home/solo/.config/hypr/wallpapers/2011-Mercedes-Benz-C63-AMG-Coupe-Black-001-1080.jpg
Thu  1 Jan 16:42:55 GMT 2026: Set wallpaper to /home/solo/.config/hypr/wallpapers/2011-Mercedes-Benz-C63-AMG-Coupe-Black-002-1080.jpg
Thu  1 Jan 19:01:42 GMT 2026: Set wallpaper to /home/solo/.config/hypr/wallpapers/w11_pfp.webp
Thu  1 Jan 19:03:47 GMT 2026: Set wallpaper to /home/solo/.config/hypr/wallpapers/SoloLinux_Wallpaper_Blue_White_Text.png
Thu  1 Jan 19:05:52 GMT 2026: Set wallpaper to /home/solo/.config/hypr/wallpapers/simple.png
Thu  1 Jan 19:07:57 GMT 2026: Set wallpaper to /home/solo/.config/hypr/wallpapers/thumb-1920-1345403.jpeg
Thu  1 Jan 19:10:02 GMT 2026: Set wallpaper to /home/solo/.config/hypr/wallpapers/w11_wets.webp
Thu  1 Jan 19:12:07 GMT 2026: Set wallpaper to /home/solo/.config/hypr/wallpapers/2009-Mercedes-Benz-SL-65-AMG-Black-003-1080.jpg
Thu  1 Jan 19:14:12 GMT 2026: Set wallpaper to /home/solo/.config/hypr/wallpapers/2014-Mercedes-Benz-SLS-AMG-Black-Series-009-1440.jpg
Thu  1 Jan 19:16:18 GMT 2026: Set wallpaper to /home/solo/.config/hypr/wallpapers/2009-Mercedes-Benz-SL-65-AMG-Black-003-1080.jpg
Thu  1 Jan 19:18:23 GMT 2026: Set wallpaper to /home/solo/.config/hypr/wallpapers/W11_with_DRS.jpg
Thu  1 Jan 19:20:28 GMT 2026: Set wallpaper to /home/solo/.config/hypr/wallpapers/hyprland_wallpaper.png
Thu  1 Jan 19:22:33 GMT 2026: Set wallpaper to /home/solo/.config/hypr/wallpapers/2014-Mercedes-Benz-SLS-AMG-Black-Series-009-1440.jpg
Thu  1 Jan 19:24:38 GMT 2026: Set wallpaper to /home/solo/.config/hypr/wallpapers/W05.jpg
Thu  1 Jan 19:26:43 GMT 2026: Set wallpaper to /home/solo/.config/hypr/wallpapers/2005-Ferrari-F430-007-1080.jpg
Thu  1 Jan 19:28:48 GMT 2026: Set wallpaper to /home/solo/.config/hypr/wallpapers/mazda-mx5-miata-mazda-3351.jpg
Thu  1 Jan 19:30:53 GMT 2026: Set wallpaper to /home/solo/.config/hypr/wallpapers/hamilton_3079629.jpg
Thu  1 Jan 19:32:58 GMT 2026: Set wallpaper to /home/solo/.config/hypr/wallpapers/2015-Porsche-918-Spyder-012-1440.jpg
Thu  1 Jan 19:35:03 GMT 2026: Set wallpaper to /home/solo/.config/hypr/wallpapers/w05.webp
Thu  1 Jan 19:37:08 GMT 2026: Set wallpaper to /home/solo/.config/hypr/wallpapers/hyprland_wallpaper.png
Thu  1 Jan 19:39:13 GMT 2026: Set wallpaper to /home/solo/.config/hypr/wallpapers/2014-Mercedes-Benz-SLS-AMG-Black-Series-009-1440.jpg
Thu  1 Jan 19:41:18 GMT 2026: Set wallpaper to /home/solo/.config/hypr/wallpapers/simple.png
Thu  1 Jan 19:43:23 GMT 2026: Set wallpaper to /home/solo/.config/hypr/wallpapers/hyprland_wallpaper.png
Thu  1 Jan 19:45:28 GMT 2026: Set wallpaper to /home/solo/.config/hypr/wallpapers/w05.webp
Thu  1 Jan 19:56:09 GMT 2026: Set wallpaper to /home/solo/.config/hypr/wallpapers/linux-nitros-dark-ov.jpg
Thu  1 Jan 19:58:14 GMT 2026: Set wallpaper to /home/solo/.config/hypr/wallpapers/thumb-1920-1345403.jpeg
Thu  1 Jan 20:00:20 GMT 2026: Set wallpaper to /home/solo/.config/hypr/wallpapers/w05.webp
Thu  1 Jan 20:02:25 GMT 2026: Set wallpaper to /home/solo/.config/hypr/wallpapers/hamilton_3079629.jpg
Thu  1 Jan 20:04:30 GMT 2026: Set wallpaper to /home/solo/.config/hypr/wallpapers/mercedes-w11.webp
Thu  1 Jan 20:06:35 GMT 2026: Set wallpaper to /home/solo/.config/hypr/wallpapers/w11_pfp.webp
Thu  1 Jan 20:08:40 GMT 2026: Set wallpaper to /home/solo/.config/hypr/wallpapers/2011-Mercedes-Benz-C63-AMG-Coupe-Black-001-1080.jpg
Thu  1 Jan 20:10:45 GMT 2026: Set wallpaper to /home/solo/.config/hypr/wallpapers/2011-Mercedes-Benz-C63-AMG-Coupe-Black-002-1080.jpg
Thu  1 Jan 20:12:50 GMT 2026: Set wallpaper to /home/solo/.config/hypr/wallpapers/simple.png
Thu  1 Jan 20:14:55 GMT 2026: Set wallpaper to /home/solo/.config/hypr/wallpapers/simple.png
Thu  1 Jan 20:17:00 GMT 2026: Set wallpaper to /home/solo/.config/hypr/wallpapers/2009-Mercedes-Benz-SL-65-AMG-Black-003-1080.jpg
Thu  1 Jan 20:19:05 GMT 2026: Set wallpaper to /home/solo/.config/hypr/wallpapers/SoloLinux_Wallpaper_Blue_White_Text.png
Thu  1 Jan 20:21:10 GMT 2026: Set wallpaper to /home/solo/.config/hypr/wallpapers/2011-Mercedes-Benz-C63-AMG-Coupe-Black-001-1080.jpg
Thu  1 Jan 20:23:15 GMT 2026: Set wallpaper to /home/solo/.config/hypr/wallpapers/simple.png
Thu  1 Jan 20:25:20 GMT 2026: Set wallpaper to /home/solo/.config/hypr/wallpapers/mercedes_amg_f1_m11_eq_performance_4k-HD.jpg
Thu  1 Jan 20:27:25 GMT 2026: Set wallpaper to /home/solo/.config/hypr/wallpapers/2014-Mercedes-Benz-SLS-AMG-Black-Series-009-1440.jpg
Thu  1 Jan 20:29:30 GMT 2026: Set wallpaper to /home/solo/.config/hypr/wallpapers/w11_pfp.webp
Fri  2 Jan 12:25:27 GMT 2026: Set wallpaper to /home/solo/.config/hypr/wallpapers/SoloLinux_Blue_And_WHite_Text_Dark.png
Fri  2 Jan 12:27:27 GMT 2026: Set wallpaper to /home/solo/.config/hypr/wallpapers/thumb-1920-1345403.jpeg
Fri  2 Jan 12:29:27 GMT 2026: Set wallpaper to /home/solo/.config/hypr/wallpapers/hyprland_wallpaper.png
Fri  2 Jan 12:31:27 GMT 2026: Set wallpaper to /home/solo/.config/hypr/wallpapers/2008-Mazda-Furai-Concept-004-1440.jpg
Fri  2 Jan 12:33:27 GMT 2026: Set wallpaper to /home/solo/.config/hypr/wallpapers/SoloLinux4.png
Fri  2 Jan 12:35:27 GMT 2026: Set wallpaper to /home/solo/.config/hypr/wallpapers/thumb-1920-1345403.jpeg
Fri  2 Jan 12:37:27 GMT 2026: Set wallpaper to /home/solo/.config/hypr/wallpapers/mazda-mx5-miata-mazda-3351.jpg
Fri  2 Jan 12:39:28 GMT 2026: Set wallpaper to /home/solo/.config/hypr/wallpapers/hyprland_wallpaper.png
Fri  2 Jan 12:41:28 GMT 2026: Set wallpaper to /home/solo/.config/hypr/wallpapers/2008-Mazda-Furai-Concept-004-1440.jpg
Fri  2 Jan 12:43:28 GMT 2026: Set wallpaper to /home/solo/.config/hypr/wallpapers/w05.webp
Fri  2 Jan 12:45:28 GMT 2026: Set wallpaper to /home/solo/.config/hypr/wallpapers/simple.png
Fri  2 Jan 12:47:28 GMT 2026: Set wallpaper to /home/solo/.config/hypr/wallpapers/2009-Mercedes-Benz-SL-65-AMG-Black-003-1080.jpg
Fri  2 Jan 12:49:28 GMT 2026: Set wallpaper to /home/solo/.config/hypr/wallpapers/2011-Mercedes-Benz-C63-AMG-Coupe-Black-001-1080.jpg
Fri  2 Jan 12:51:28 GMT 2026: Set wallpaper to /home/solo/.config/hypr/wallpapers/SoloLinux_Blue_And_WHite_Text_Dark.png
Fri  2 Jan 12:53:28 GMT 2026: Set wallpaper to /home/solo/.config/hypr/wallpapers/mazda-mx5-miata-mazda-3351.jpg
Fri  2 Jan 12:55:28 GMT 2026: Set wallpaper to /home/solo/.config/hypr/wallpapers/SoloLinux_Wallpaper_1.png
Fri  2 Jan 12:57:28 GMT 2026: Set wallpaper to /home/solo/.config/hypr/wallpapers/mercedes-w11.webp
Fri  2 Jan 12:59:28 GMT 2026: Set wallpaper to /home/solo/.config/hypr/wallpapers/2019-Bugatti-Divo.jpg
Fri  2 Jan 13:01:28 GMT 2026: Set wallpaper to /home/solo/.config/hypr/wallpapers/thumb-1920-1345403.jpeg
Fri  2 Jan 13:03:28 GMT 2026: Set wallpaper to /home/solo/.config/hypr/wallpapers/2011-Mercedes-Benz-C63-AMG-Coupe-Black-002-1080.jpg
Fri  2 Jan 13:05:28 GMT 2026: Set wallpaper to /home/solo/.config/hypr/wallpapers/thumb-1920-1345403.jpeg
Fri  2 Jan 13:07:28 GMT 2026: Set wallpaper to /home/solo/.config/hypr/wallpapers/linux-nitros-dark-ov.jpg
Fri  2 Jan 13:09:28 GMT 2026: Set wallpaper to /home/solo/.config/hypr/wallpapers/hamilton_3079629.jpg
Fri  2 Jan 13:11:28 GMT 2026: Set wallpaper to /home/solo/.config/hypr/wallpapers/mazda-mx5-miata-mazda-3351.jpg
Fri  2 Jan 13:13:28 GMT 2026: Set wallpaper to /home/solo/.config/hypr/wallpapers/hyprland_wallpaper.png
Fri  2 Jan 13:15:28 GMT 2026: Set wallpaper to /home/solo/.config/hypr/wallpapers/linux-nitros-dark-ov.jpg
Fri  2 Jan 13:17:28 GMT 2026: Set wallpaper to /home/solo/.config/hypr/wallpapers/w11_wets.webp
Fri  2 Jan 13:19:28 GMT 2026: Set wallpaper to /home/solo/.config/hypr/wallpapers/2011-Mercedes-Benz-C63-AMG-Coupe-Black-001-1080.jpg
Fri  2 Jan 13:21:28 GMT 2026: Set wallpaper to /home/solo/.config/hypr/wallpapers/w05.webp
Fri  2 Jan 13:23:28 GMT 2026: Set wallpaper to /home/solo/.config/hypr/wallpapers/SoloLinux_Wallpaper_1.png
Fri  2 Jan 13:25:28 GMT 2026: Set wallpaper to /home/solo/.config/hypr/wallpapers/astize_cc0_split1.png
Fri  2 Jan 13:27:28 GMT 2026: Set wallpaper to /home/solo/.config/hypr/wallpapers/mercedes_amg_f1_m11_eq_performance_4k-HD.jpg
Fri  2 Jan 13:29:28 GMT 2026: Set wallpaper to /home/solo/.config/hypr/wallpapers/mazda-mx5-miata-mazda-3351.jpg
Fri  2 Jan 13:31:28 GMT 2026: Set wallpaper to /home/solo/.config/hypr/wallpapers/w11_wets.webp
Fri  2 Jan 13:33:28 GMT 2026: Set wallpaper to /home/solo/.config/hypr/wallpapers/2011-Mercedes-Benz-C63-AMG-Coupe-Black-002-1080.jpg
Fri  2 Jan 13:35:28 GMT 2026: Set wallpaper to /home/solo/.config/hypr/wallpapers/W05.jpg
Fri  2 Jan 13:37:28 GMT 2026: Set wallpaper to /home/solo/.config/hypr/wallpapers/w05.webp
Fri  2 Jan 13:39:28 GMT 2026: Set wallpaper to /home/solo/.config/hypr/wallpapers/W11_with_DRS.jpg
Fri  2 Jan 13:41:28 GMT 2026: Set wallpaper to /home/solo/.config/hypr/wallpapers/SoloLinux_Wallpaper_Blue_White_Text.png
Fri  2 Jan 13:43:28 GMT 2026: Set wallpaper to /home/solo/.config/hypr/wallpapers/2014-Mercedes-Benz-SLS-AMG-Black-Series-009-1440.jpg
Fri  2 Jan 13:45:28 GMT 2026: Set wallpaper to /home/solo/.config/hypr/wallpapers/SoloLinux4.png
Fri  2 Jan 13:47:28 GMT 2026: Set wallpaper to /home/solo/.config/hypr/wallpapers/2019-Bugatti-Divo.jpg
Fri  2 Jan 13:49:28 GMT 2026: Set wallpaper to /home/solo/.config/hypr/wallpapers/2005-Ferrari-F430-007-1080.jpg
Fri  2 Jan 13:51:28 GMT 2026: Set wallpaper to /home/solo/.config/hypr/wallpapers/2011-Mercedes-Benz-C63-AMG-Coupe-Black-001-1080.jpg
Fri  2 Jan 13:53:28 GMT 2026: Set wallpaper to /home/solo/.config/hypr/wallpapers/SilverW11.jpg
Fri  2 Jan 13:55:28 GMT 2026: Set wallpaper to /home/solo/.config/hypr/wallpapers/thumb-1920-1345403.jpeg
Fri  2 Jan 13:57:28 GMT 2026: Set wallpaper to /home/solo/.config/hypr/wallpapers/2011-Mercedes-Benz-C63-AMG-Coupe-Black-002-1080.jpg
Fri  2 Jan 13:59:28 GMT 2026: Set wallpaper to /home/solo/.config/hypr/wallpapers/2014-Mercedes-Benz-SLS-AMG-Black-Series-009-1440.jpg
Fri  2 Jan 14:01:29 GMT 2026: Set wallpaper to /home/solo/.config/hypr/wallpapers/hamilton_3079629.jpg
Fri  2 Jan 14:03:29 GMT 2026: Set wallpaper to /home/solo/.config/hypr/wallpapers/w11_pfp.webp
Fri  2 Jan 14:05:29 GMT 2026: Set wallpaper to /home/solo/.config/hypr/wallpapers/SilverW11.jpg
Fri  2 Jan 14:07:29 GMT 2026: Set wallpaper to /home/solo/.config/hypr/wallpapers/w05.webp
Fri  2 Jan 14:53:29 GMT 2026: Set wallpaper to /home/solo/.config/hypr/wallpapers/mercedes-w11.webp
Fri  2 Jan 14:55:29 GMT 2026: Set wallpaper to /home/solo/.config/hypr/wallpapers/W11_with_DRS.jpg
Fri  2 Jan 14:57:29 GMT 2026: Set wallpaper to /home/solo/.config/hypr/wallpapers/linux-nitros-dark-ov.jpg
Fri  2 Jan 14:59:29 GMT 2026: Set wallpaper to /home/solo/.config/hypr/wallpapers/mercedes-w11.webp
Fri  2 Jan 15:01:29 GMT 2026: Set wallpaper to /home/solo/.config/hypr/wallpapers/2008-Mazda-Furai-Concept_grey.png
Fri  2 Jan 15:03:29 GMT 2026: Set wallpaper to /home/solo/.config/hypr/wallpapers/2005-Ferrari-F430-007-1080.jpg
Fri  2 Jan 15:05:29 GMT 2026: Set wallpaper to /home/solo/.config/hypr/wallpapers/2015-Porsche-918-Spyder-012-1440.jpg
Fri  2 Jan 15:07:29 GMT 2026: Set wallpaper to /home/solo/.config/hypr/wallpapers/SoloLinux_Blue_And_WHite_Text_Dark.png
Fri  2 Jan 15:09:29 GMT 2026: Set wallpaper to /home/solo/.config/hypr/wallpapers/SoloLinux_Wallpaper_1.png
Fri  2 Jan 15:11:29 GMT 2026: Set wallpaper to /home/solo/.config/hypr/wallpapers/2019-Bugatti-Divo.jpg
Fri  2 Jan 15:13:29 GMT 2026: Set wallpaper to /home/solo/.config/hypr/wallpapers/SoloLinux_Wallpaper_1.png
Fri  2 Jan 15:15:29 GMT 2026: Set wallpaper to /home/solo/.config/hypr/wallpapers/hamilton_3079629.jpg
Fri  2 Jan 17:17:05 GMT 2026: Set wallpaper to /home/solo/.config/hypr/wallpapers/1968-Lamborghini-Miura-Jota-SVR-001-1080.jpg
Fri  2 Jan 18:19:53 GMT 2026: Set wallpaper to /home/solo/.config/hypr/wallpapers/w11_pfp.webp
Fri  2 Jan 18:21:53 GMT 2026: Set wallpaper to /home/solo/.config/hypr/wallpapers/linux-nitros-dark-ov.jpg
Fri  2 Jan 18:23:53 GMT 2026: Set wallpaper to /home/solo/.config/hypr/wallpapers/2008-Mazda-Furai-Concept-004-1440.jpg
Fri  2 Jan 18:25:53 GMT 2026: Set wallpaper to /home/solo/.config/hypr/wallpapers/SoloLinux4.png
Fri  2 Jan 18:27:53 GMT 2026: Set wallpaper to /home/solo/.config/hypr/wallpapers/SoloLinux_Wallpaper_Blue_White_Text.png
Fri  2 Jan 18:29:53 GMT 2026: Set wallpaper to /home/solo/.config/hypr/wallpapers/2015-Porsche-918-Spyder-012-1440.jpg
Fri  2 Jan 18:31:53 GMT 2026: Set wallpaper to /home/solo/.config/hypr/wallpapers/2019-Bugatti-Divo.jpg
Fri  2 Jan 18:33:53 GMT 2026: Set wallpaper to /home/solo/.config/hypr/wallpapers/SilverW11.jpg
Fri  2 Jan 18:35:53 GMT 2026: Set wallpaper to /home/solo/.config/hypr/wallpapers/SoloLinux4.png
Fri  2 Jan 18:37:53 GMT 2026: Set wallpaper to /home/solo/.config/hypr/wallpapers/thumb-1920-1345403.jpeg
Fri  2 Jan 18:39:53 GMT 2026: Set wallpaper to /home/solo/.config/hypr/wallpapers/hamilton_3079629.jpg
Fri  2 Jan 18:41:53 GMT 2026: Set wallpaper to /home/solo/.config/hypr/wallpapers/astize_cc0_split1.png
Fri  2 Jan 18:43:53 GMT 2026: Set wallpaper to /home/solo/.config/hypr/wallpapers/2011-Mercedes-Benz-C63-AMG-Coupe-Black-001-1080.jpg
Fri  2 Jan 18:45:53 GMT 2026: Set wallpaper to /home/solo/.config/hypr/wallpapers/2014-Mercedes-Benz-SLS-AMG-Black-Series-009-1440.jpg
Fri  2 Jan 18:47:53 GMT 2026: Set wallpaper to /home/solo/.config/hypr/wallpapers/2008-Mazda-Furai-Concept_grey.png
Fri  2 Jan 18:49:53 GMT 2026: Set wallpaper to /home/solo/.config/hypr/wallpapers/SoloLinux_Wallpaper_1.png
Fri  2 Jan 18:51:53 GMT 2026: Set wallpaper to /home/solo/.config/hypr/wallpapers/SoloLinux_Blue_And_WHite_Text_Dark.png
Fri  2 Jan 18:53:53 GMT 2026: Set wallpaper to /home/solo/.config/hypr/wallpapers/hyprland_wallpaper.png
Fri  2 Jan 18:55:53 GMT 2026: Set wallpaper to /home/solo/.config/hypr/wallpapers/w11_pfp.webp
Fri  2 Jan 18:57:53 GMT 2026: Set wallpaper to /home/solo/.config/hypr/wallpapers/1979-Canepa-BMW-M1-Procar_grey.png
Fri  2 Jan 18:59:53 GMT 2026: Set wallpaper to /home/solo/.config/hypr/wallpapers/mercedes_amg_f1_m11_eq_performance_4k-HD.jpg
Fri  2 Jan 19:01:53 GMT 2026: Set wallpaper to /home/solo/.config/hypr/wallpapers/SoloLinux_Wallpaper_1.png
Fri  2 Jan 19:03:53 GMT 2026: Set wallpaper to /home/solo/.config/hypr/wallpapers/simple.png
Fri  2 Jan 19:05:53 GMT 2026: Set wallpaper to /home/solo/.config/hypr/wallpapers/SoloLinux_Wallpaper_1.png
Fri  2 Jan 19:07:53 GMT 2026: Set wallpaper to /home/solo/.config/hypr/wallpapers/W11_with_DRS.jpg
Fri  2 Jan 20:41:33 GMT 2026: Set wallpaper to /home/solo/.config/hypr/wallpapers/2014-Mercedes-Benz-SLS-AMG-Black-Series-009-1440.jpg
Fri  2 Jan 20:43:33 GMT 2026: Set wallpaper to /home/solo/.config/hypr/wallpapers/thumb-1920-1345403.jpeg
Fri  2 Jan 20:45:33 GMT 2026: Set wallpaper to /home/solo/.config/hypr/wallpapers/1979-Canepa-BMW-M1-Procar_grey.png
Fri  2 Jan 20:47:33 GMT 2026: Set wallpaper to /home/solo/.config/hypr/wallpapers/w05.webp
Fri  2 Jan 20:49:33 GMT 2026: Set wallpaper to /home/solo/.config/hypr/wallpapers/1968-Lamborghini-Miura-Jota-SVR-001-1080.jpg
Fri  2 Jan 20:51:33 GMT 2026: Set wallpaper to /home/solo/.config/hypr/wallpapers/mercedes-w11.webp
Fri  2 Jan 20:53:33 GMT 2026: Set wallpaper to /home/solo/.config/hypr/wallpapers/w11_pfp.webp
Fri  2 Jan 20:55:33 GMT 2026: Set wallpaper to /home/solo/.config/hypr/wallpapers/2011-Mercedes-Benz-C63-AMG-Coupe-Black-001-1080.jpg
Fri  2 Jan 20:57:33 GMT 2026: Set wallpaper to /home/solo/.config/hypr/wallpapers/SoloLinux_Wallpaper_1.png
Fri  2 Jan 20:59:33 GMT 2026: Set wallpaper to /home/solo/.config/hypr/wallpapers/thumb-1920-1345403.jpeg
Fri  2 Jan 21:01:33 GMT 2026: Set wallpaper to /home/solo/.config/hypr/wallpapers/mazda-mx5-miata-mazda-3351.jpg
Fri  2 Jan 21:03:34 GMT 2026: Set wallpaper to /home/solo/.config/hypr/wallpapers/simple.png
Fri  2 Jan 21:05:34 GMT 2026: Set wallpaper to /home/solo/.config/hypr/wallpapers/simple.png
Fri  2 Jan 21:07:34 GMT 2026: Set wallpaper to /home/solo/.config/hypr/wallpapers/mazda-mx5-miata-mazda-3351.jpg
Fri  2 Jan 21:09:34 GMT 2026: Set wallpaper to /home/solo/.config/hypr/wallpapers/linux-nitros-dark-ov.jpg
Fri  2 Jan 21:11:34 GMT 2026: Set wallpaper to /home/solo/.config/hypr/wallpapers/SoloLinux_Blue_And_WHite_Text_Dark.png
Fri  2 Jan 21:13:34 GMT 2026: Set wallpaper to /home/solo/.config/hypr/wallpapers/w05.webp
Fri  2 Jan 21:15:34 GMT 2026: Set wallpaper to /home/solo/.config/hypr/wallpapers/w11_wets.webp
Fri  2 Jan 21:17:34 GMT 2026: Set wallpaper to /home/solo/.config/hypr/wallpapers/2011-Mercedes-Benz-C63-AMG-Coupe-Black-002-1080.jpg
Fri  2 Jan 21:19:34 GMT 2026: Set wallpaper to /home/solo/.config/hypr/wallpapers/2019-Bugatti-Divo.jpg
Fri  2 Jan 21:21:34 GMT 2026: Set wallpaper to /home/solo/.config/hypr/wallpapers/2005-Ferrari-F430-007-1080.jpg
Fri  2 Jan 21:23:34 GMT 2026: Set wallpaper to /home/solo/.config/hypr/wallpapers/astize_cc0_split1.png
Fri  2 Jan 21:25:34 GMT 2026: Set wallpaper to /home/solo/.config/hypr/wallpapers/w11_pfp.webp
Fri  2 Jan 21:27:34 GMT 2026: Set wallpaper to /home/solo/.config/hypr/wallpapers/hamilton_3079629.jpg
Fri  2 Jan 21:29:34 GMT 2026: Set wallpaper to /home/solo/.config/hypr/wallpapers/mazda-mx5-miata-mazda-3351.jpg
Fri  2 Jan 21:31:34 GMT 2026: Set wallpaper to /home/solo/.config/hypr/wallpapers/2011-Mercedes-Benz-C63-AMG-Coupe-Black-002-1080.jpg
Fri  2 Jan 21:33:34 GMT 2026: Set wallpaper to /home/solo/.config/hypr/wallpapers/SoloLinux_Blue_And_WHite_Text_Dark.png
Fri  2 Jan 21:35:34 GMT 2026: Set wallpaper to /home/solo/.config/hypr/wallpapers/w11_pfp.webp
Fri  2 Jan 21:37:34 GMT 2026: Set wallpaper to /home/solo/.config/hypr/wallpapers/2015-Porsche-918-Spyder-012-1440.jpg
Fri  2 Jan 21:39:34 GMT 2026: Set wallpaper to /home/solo/.config/hypr/wallpapers/SoloLinux_Wallpaper_Blue_White_Text.png
Sun  4 Jan 17:02:46 GMT 2026: Set wallpaper to /home/solo/.config/hypr/wallpapers/2014-Mercedes-Benz-SLS-AMG-Black-Series-009-1440.jpg
Sun  4 Jan 17:04:46 GMT 2026: Set wallpaper to /home/solo/.config/hypr/wallpapers/SoloLinux_Blue_And_WHite_Text_Dark.png
Sun  4 Jan 17:06:46 GMT 2026: Set wallpaper to /home/solo/.config/hypr/wallpapers/linux-nitros-dark-ov.jpg
Sun  4 Jan 17:08:46 GMT 2026: Set wallpaper to /home/solo/.config/hypr/wallpapers/2011-Mercedes-Benz-C63-AMG-Coupe-Black-002-1080.jpg
Sun  4 Jan 17:10:46 GMT 2026: Set wallpaper to /home/solo/.config/hypr/wallpapers/1979-Canepa-BMW-M1-Procar_grey.png
Sun  4 Jan 17:12:46 GMT 2026: Set wallpaper to /home/solo/.config/hypr/wallpapers/hyprland_wallpaper.png
Sun  4 Jan 17:14:46 GMT 2026: Set wallpaper to /home/solo/.config/hypr/wallpapers/hamilton_3079629.jpg
Sun  4 Jan 17:16:46 GMT 2026: Set wallpaper to /home/solo/.config/hypr/wallpapers/mazda-mx5-miata-mazda-3351.jpg
Sun  4 Jan 17:18:46 GMT 2026: Set wallpaper to /home/solo/.config/hypr/wallpapers/1968-Lamborghini-Miura-Jota-SVR-001-1080.jpg
Sun  4 Jan 17:20:46 GMT 2026: Set wallpaper to /home/solo/.config/hypr/wallpapers/mazda-mx5-miata-mazda-3351.jpg
Sun  4 Jan 17:22:46 GMT 2026: Set wallpaper to /home/solo/.config/hypr/wallpapers/SoloLinux_Blue_And_WHite_Text_Dark.png
Sun  4 Jan 19:46:42 GMT 2026: Set wallpaper to /home/solo/.config/hypr/wallpapers/mercedes-w11.webp
Sun  4 Jan 19:48:42 GMT 2026: Set wallpaper to /home/solo/.config/hypr/wallpapers/mazda-mx5-miata-mazda-3351.jpg
Sun  4 Jan 19:50:42 GMT 2026: Set wallpaper to /home/solo/.config/hypr/wallpapers/thumb-1920-1345403.jpeg
Sun  4 Jan 19:52:42 GMT 2026: Set wallpaper to /home/solo/.config/hypr/wallpapers/W11_with_DRS.jpg
Sun  4 Jan 19:54:42 GMT 2026: Set wallpaper to /home/solo/.config/hypr/wallpapers/2005-Ferrari-F430-007-1080.jpg
Sun  4 Jan 19:56:42 GMT 2026: Set wallpaper to /home/solo/.config/hypr/wallpapers/2015-Porsche-918-Spyder-012-1440.jpg
Sun  4 Jan 19:58:42 GMT 2026: Set wallpaper to /home/solo/.config/hypr/wallpapers/2005-Ferrari-F430-007-1080.jpg
Sun  4 Jan 20:00:42 GMT 2026: Set wallpaper to /home/solo/.config/hypr/wallpapers/SilverW11.jpg
Sun  4 Jan 20:02:42 GMT 2026: Set wallpaper to /home/solo/.config/hypr/wallpapers/W11_with_DRS.jpg
Sun  4 Jan 20:04:42 GMT 2026: Set wallpaper to /home/solo/.config/hypr/wallpapers/SilverW11.jpg
Sun  4 Jan 20:06:42 GMT 2026: Set wallpaper to /home/solo/.config/hypr/wallpapers/2008-Mazda-Furai-Concept-004-1440.jpg
Sun  4 Jan 20:08:42 GMT 2026: Set wallpaper to /home/solo/.config/hypr/wallpapers/2015-Porsche-918-Spyder-012-1440.jpg
Sun  4 Jan 20:10:42 GMT 2026: Set wallpaper to /home/solo/.config/hypr/wallpapers/hyprland_wallpaper.png
Sun  4 Jan 20:12:42 GMT 2026: Set wallpaper to /home/solo/.config/hypr/wallpapers/SilverW11.jpg
Sun  4 Jan 20:14:42 GMT 2026: Set wallpaper to /home/solo/.config/hypr/wallpapers/w11_pfp.webp
Sun  4 Jan 20:16:42 GMT 2026: Set wallpaper to /home/solo/.config/hypr/wallpapers/1968-Lamborghini-Miura-Jota-SVR-001-1080.jpg
Sun  4 Jan 20:18:42 GMT 2026: Set wallpaper to /home/solo/.config/hypr/wallpapers/2005-Ferrari-F430-007-1080.jpg
Sun  4 Jan 20:20:42 GMT 2026: Set wallpaper to /home/solo/.config/hypr/wallpapers/mercedes_amg_f1_m11_eq_performance_4k-HD.jpg
Sun  4 Jan 20:22:42 GMT 2026: Set wallpaper to /home/solo/.config/hypr/wallpapers/SoloLinux_Blue_And_WHite_Text_Dark.png
Sun  4 Jan 20:24:42 GMT 2026: Set wallpaper to /home/solo/.config/hypr/wallpapers/SoloLinux4.png
Sun  4 Jan 20:26:42 GMT 2026: Set wallpaper to /home/solo/.config/hypr/wallpapers/hamilton_3079629.jpg
Sun  4 Jan 20:28:42 GMT 2026: Set wallpaper to /home/solo/.config/hypr/wallpapers/2014-Mercedes-Benz-SLS-AMG-Black-Series-009-1440.jpg
Sun  4 Jan 20:30:42 GMT 2026: Set wallpaper to /home/solo/.config/hypr/wallpapers/2015-Porsche-918-Spyder-012-1440.jpg
Sun  4 Jan 20:32:42 GMT 2026: Set wallpaper to /home/solo/.config/hypr/wallpapers/astize_cc0_split1.png
Mon  5 Jan 10:17:55 GMT 2026: Set wallpaper to /home/solo/.config/hypr/wallpapers/2015-Porsche-918-Spyder-012-1440.jpg
Mon  5 Jan 10:19:56 GMT 2026: Set wallpaper to /home/solo/.config/hypr/wallpapers/hamilton_3079629.jpg
Mon  5 Jan 10:21:56 GMT 2026: Set wallpaper to /home/solo/.config/hypr/wallpapers/w11_wets.webp
Mon  5 Jan 10:23:56 GMT 2026: Set wallpaper to /home/solo/.config/hypr/wallpapers/2008-Mazda-Furai-Concept-004-1440.jpg
Mon  5 Jan 10:25:56 GMT 2026: Set wallpaper to /home/solo/.config/hypr/wallpapers/mazda-mx5-miata-mazda-3351.jpg
Mon  5 Jan 10:27:56 GMT 2026: Set wallpaper to /home/solo/.config/hypr/wallpapers/SoloLinux_Wallpaper_1.png
Mon  5 Jan 10:29:56 GMT 2026: Set wallpaper to /home/solo/.config/hypr/wallpapers/2019-Bugatti-Divo.jpg
Mon  5 Jan 10:31:56 GMT 2026: Set wallpaper to /home/solo/.config/hypr/wallpapers/astize_cc0_split1.png
Mon  5 Jan 10:33:56 GMT 2026: Set wallpaper to /home/solo/.config/hypr/wallpapers/2008-Mazda-Furai-Concept-004-1440.jpg
Mon  5 Jan 10:35:56 GMT 2026: Set wallpaper to /home/solo/.config/hypr/wallpapers/SoloLinux_Wallpaper_1.png
Mon  5 Jan 10:37:56 GMT 2026: Set wallpaper to /home/solo/.config/hypr/wallpapers/mercedes-w11.webp
Mon  5 Jan 10:39:56 GMT 2026: Set wallpaper to /home/solo/.config/hypr/wallpapers/2019-Bugatti-Divo.jpg
Mon  5 Jan 10:41:56 GMT 2026: Set wallpaper to /home/solo/.config/hypr/wallpapers/SilverW11.jpg
Mon  5 Jan 10:43:56 GMT 2026: Set wallpaper to /home/solo/.config/hypr/wallpapers/1968-Lamborghini-Miura-Jota-SVR-001-1080.jpg
Mon  5 Jan 10:45:56 GMT 2026: Set wallpaper to /home/solo/.config/hypr/wallpapers/2011-Mercedes-Benz-C63-AMG-Coupe-Black-002-1080.jpg
Mon  5 Jan 10:47:56 GMT 2026: Set wallpaper to /home/solo/.config/hypr/wallpapers/SoloLinux_Blue_And_WHite_Text_Dark.png
Mon  5 Jan 10:49:56 GMT 2026: Set wallpaper to /home/solo/.config/hypr/wallpapers/linux-nitros-dark-ov.jpg
Mon  5 Jan 10:51:56 GMT 2026: Set wallpaper to /home/solo/.config/hypr/wallpapers/w11_pfp.webp
Mon  5 Jan 10:53:56 GMT 2026: Set wallpaper to /home/solo/.config/hypr/wallpapers/mercedes-w11.webp
Mon  5 Jan 10:55:56 GMT 2026: Set wallpaper to /home/solo/.config/hypr/wallpapers/w11_wets.webp
Mon  5 Jan 10:57:56 GMT 2026: Set wallpaper to /home/solo/.config/hypr/wallpapers/2019-Bugatti-Divo.jpg
Mon  5 Jan 10:59:56 GMT 2026: Set wallpaper to /home/solo/.config/hypr/wallpapers/W05.jpg
Mon  5 Jan 11:01:56 GMT 2026: Set wallpaper to /home/solo/.config/hypr/wallpapers/2015-Porsche-918-Spyder-012-1440.jpg
Mon  5 Jan 11:03:56 GMT 2026: Set wallpaper to /home/solo/.config/hypr/wallpapers/hyprland_wallpaper.png
Mon  5 Jan 11:05:56 GMT 2026: Set wallpaper to /home/solo/.config/hypr/wallpapers/mercedes-w11.webp
Mon  5 Jan 11:07:56 GMT 2026: Set wallpaper to /home/solo/.config/hypr/wallpapers/SilverW11.jpg
Mon  5 Jan 11:09:56 GMT 2026: Set wallpaper to /home/solo/.config/hypr/wallpapers/1979-Canepa-BMW-M1-Procar_grey.png
Mon  5 Jan 11:11:56 GMT 2026: Set wallpaper to /home/solo/.config/hypr/wallpapers/SoloLinux4.png
Mon  5 Jan 11:13:56 GMT 2026: Set wallpaper to /home/solo/.config/hypr/wallpapers/1968-Lamborghini-Miura-Jota-SVR-001-1080.jpg
Mon  5 Jan 11:15:56 GMT 2026: Set wallpaper to /home/solo/.config/hypr/wallpapers/2014-Mercedes-Benz-SLS-AMG-Black-Series-009-1440.jpg
Mon  5 Jan 11:17:56 GMT 2026: Set wallpaper to /home/solo/.config/hypr/wallpapers/2011-Mercedes-Benz-C63-AMG-Coupe-Black-001-1080.jpg
Mon  5 Jan 11:19:56 GMT 2026: Set wallpaper to /home/solo/.config/hypr/wallpapers/w05.webp
Mon  5 Jan 11:21:56 GMT 2026: Set wallpaper to /home/solo/.config/hypr/wallpapers/w05.webp
Mon  5 Jan 11:23:56 GMT 2026: Set wallpaper to /home/solo/.config/hypr/wallpapers/2015-Porsche-918-Spyder-012-1440.jpg
Mon  5 Jan 11:25:56 GMT 2026: Set wallpaper to /home/solo/.config/hypr/wallpapers/hyprland_wallpaper.png
Mon  5 Jan 12:37:55 GMT 2026: Set wallpaper to /home/solo/.config/hypr/wallpapers/1968-Lamborghini-Miura-Jota-SVR-001-1080.jpg
Mon  5 Jan 12:39:55 GMT 2026: Set wallpaper to /home/solo/.config/hypr/wallpapers/SilverW11.jpg
Mon  5 Jan 12:41:55 GMT 2026: Set wallpaper to /home/solo/.config/hypr/wallpapers/1968-Lamborghini-Miura-Jota-SVR-001-1080.jpg
Mon  5 Jan 12:43:55 GMT 2026: Set wallpaper to /home/solo/.config/hypr/wallpapers/W11_with_DRS.jpg
Mon  5 Jan 12:45:55 GMT 2026: Set wallpaper to /home/solo/.config/hypr/wallpapers/2005-Ferrari-F430-007-1080.jpg
Mon  5 Jan 12:47:55 GMT 2026: Set wallpaper to /home/solo/.config/hypr/wallpapers/w11_wets.webp
Mon  5 Jan 12:49:55 GMT 2026: Set wallpaper to /home/solo/.config/hypr/wallpapers/w11_pfp.webp
Mon  5 Jan 12:51:55 GMT 2026: Set wallpaper to /home/solo/.config/hypr/wallpapers/1979-Canepa-BMW-M1-Procar_grey.png
Mon  5 Jan 12:53:55 GMT 2026: Set wallpaper to /home/solo/.config/hypr/wallpapers/astize_cc0_split1.png
Mon  5 Jan 12:55:56 GMT 2026: Set wallpaper to /home/solo/.config/hypr/wallpapers/mercedes-w11.webp
Mon  5 Jan 12:57:56 GMT 2026: Set wallpaper to /home/solo/.config/hypr/wallpapers/W11_with_DRS.jpg
Mon  5 Jan 12:59:56 GMT 2026: Set wallpaper to /home/solo/.config/hypr/wallpapers/1968-Lamborghini-Miura-Jota-SVR-001-1080.jpg
Mon  5 Jan 13:01:56 GMT 2026: Set wallpaper to /home/solo/.config/hypr/wallpapers/w11_pfp.webp
Mon  5 Jan 13:03:56 GMT 2026: Set wallpaper to /home/solo/.config/hypr/wallpapers/W05.jpg
Mon  5 Jan 13:05:56 GMT 2026: Set wallpaper to /home/solo/.config/hypr/wallpapers/SoloLinux_Wallpaper_1.png
Mon  5 Jan 13:07:56 GMT 2026: Set wallpaper to /home/solo/.config/hypr/wallpapers/2008-Mazda-Furai-Concept_grey.png
Mon  5 Jan 13:09:56 GMT 2026: Set wallpaper to /home/solo/.config/hypr/wallpapers/w11_wets.webp
Mon  5 Jan 13:11:56 GMT 2026: Set wallpaper to /home/solo/.config/hypr/wallpapers/2011-Mercedes-Benz-C63-AMG-Coupe-Black-001-1080.jpg
Mon  5 Jan 13:13:56 GMT 2026: Set wallpaper to /home/solo/.config/hypr/wallpapers/SoloLinux_Wallpaper_Blue_White_Text.png
Mon  5 Jan 13:15:56 GMT 2026: Set wallpaper to /home/solo/.config/hypr/wallpapers/2011-Mercedes-Benz-C63-AMG-Coupe-Black-001-1080.jpg
Mon  5 Jan 13:17:56 GMT 2026: Set wallpaper to /home/solo/.config/hypr/wallpapers/2011-Mercedes-Benz-C63-AMG-Coupe-Black-002-1080.jpg
Mon  5 Jan 13:19:56 GMT 2026: Set wallpaper to /home/solo/.config/hypr/wallpapers/W11_with_DRS.jpg
Mon  5 Jan 13:21:56 GMT 2026: Set wallpaper to /home/solo/.config/hypr/wallpapers/W05.jpg
Mon  5 Jan 13:23:56 GMT 2026: Set wallpaper to /home/solo/.config/hypr/wallpapers/SoloLinux_Wallpaper_Blue_White_Text.png
Mon  5 Jan 13:25:56 GMT 2026: Set wallpaper to /home/solo/.config/hypr/wallpapers/2014-Mercedes-Benz-SLS-AMG-Black-Series-009-1440.jpg
Mon  5 Jan 14:54:57 GMT 2026: Set wallpaper to /home/solo/.config/hypr/wallpapers/mazda-mx5-miata-mazda-3351.jpg
Mon  5 Jan 14:56:57 GMT 2026: Set wallpaper to /home/solo/.config/hypr/wallpapers/2014-Mercedes-Benz-SLS-AMG-Black-Series-009-1440.jpg
Mon  5 Jan 14:58:57 GMT 2026: Set wallpaper to /home/solo/.config/hypr/wallpapers/hyprland_wallpaper.png
Mon  5 Jan 15:00:57 GMT 2026: Set wallpaper to /home/solo/.config/hypr/wallpapers/w11_pfp.webp
Mon  5 Jan 15:02:57 GMT 2026: Set wallpaper to /home/solo/.config/hypr/wallpapers/simple.png
Mon  5 Jan 15:04:57 GMT 2026: Set wallpaper to /home/solo/.config/hypr/wallpapers/1979-Canepa-BMW-M1-Procar_grey.png
Mon  5 Jan 15:06:57 GMT 2026: Set wallpaper to /home/solo/.config/hypr/wallpapers/mercedes_amg_f1_m11_eq_performance_4k-HD.jpg
Mon  5 Jan 15:08:57 GMT 2026: Set wallpaper to /home/solo/.config/hypr/wallpapers/w05.webp
Mon  5 Jan 15:10:57 GMT 2026: Set wallpaper to /home/solo/.config/hypr/wallpapers/1979-Canepa-BMW-M1-Procar_grey.png
Mon  5 Jan 15:12:57 GMT 2026: Set wallpaper to /home/solo/.config/hypr/wallpapers/2014-Mercedes-Benz-SLS-AMG-Black-Series-009-1440.jpg
Mon  5 Jan 15:14:57 GMT 2026: Set wallpaper to /home/solo/.config/hypr/wallpapers/2011-Mercedes-Benz-C63-AMG-Coupe-Black-001-1080.jpg
Mon  5 Jan 15:16:57 GMT 2026: Set wallpaper to /home/solo/.config/hypr/wallpapers/2019-Bugatti-Divo.jpg
Mon  5 Jan 15:18:57 GMT 2026: Set wallpaper to /home/solo/.config/hypr/wallpapers/1968-Lamborghini-Miura-Jota-SVR-001-1080.jpg
Mon  5 Jan 15:20:57 GMT 2026: Set wallpaper to /home/solo/.config/hypr/wallpapers/2014-Mercedes-Benz-SLS-AMG-Black-Series-009-1440.jpg
Mon  5 Jan 15:22:57 GMT 2026: Set wallpaper to /home/solo/.config/hypr/wallpapers/SoloLinux_Wallpaper_Blue_White_Text.png
Mon  5 Jan 15:24:57 GMT 2026: Set wallpaper to /home/solo/.config/hypr/wallpapers/SilverW11.jpg
Mon  5 Jan 15:26:57 GMT 2026: Set wallpaper to /home/solo/.config/hypr/wallpapers/simple.png
Mon  5 Jan 15:28:57 GMT 2026: Set wallpaper to /home/solo/.config/hypr/wallpapers/2008-Mazda-Furai-Concept_grey.png
Mon  5 Jan 15:30:57 GMT 2026: Set wallpaper to /home/solo/.config/hypr/wallpapers/simple.png
Mon  5 Jan 15:32:57 GMT 2026: Set wallpaper to /home/solo/.config/hypr/wallpapers/thumb-1920-1345403.jpeg
Mon  5 Jan 15:34:57 GMT 2026: Set wallpaper to /home/solo/.config/hypr/wallpapers/hyprland_wallpaper.png
Mon  5 Jan 15:36:57 GMT 2026: Set wallpaper to /home/solo/.config/hypr/wallpapers/mercedes_amg_f1_m11_eq_performance_4k-HD.jpg
Mon  5 Jan 15:38:57 GMT 2026: Set wallpaper to /home/solo/.config/hypr/wallpapers/2009-Mercedes-Benz-SL-65-AMG-Black-003-1080.jpg
Mon  5 Jan 15:40:57 GMT 2026: Set wallpaper to /home/solo/.config/hypr/wallpapers/SoloLinux_Wallpaper_Blue_White_Text.png
Mon  5 Jan 15:42:57 GMT 2026: Set wallpaper to /home/solo/.config/hypr/wallpapers/SilverW11.jpg
Mon  5 Jan 15:44:57 GMT 2026: Set wallpaper to /home/solo/.config/hypr/wallpapers/2014-Mercedes-Benz-SLS-AMG-Black-Series-009-1440.jpg
Mon  5 Jan 15:46:57 GMT 2026: Set wallpaper to /home/solo/.config/hypr/wallpapers/2008-Mazda-Furai-Concept-004-1440.jpg
Mon  5 Jan 15:48:57 GMT 2026: Set wallpaper to /home/solo/.config/hypr/wallpapers/w11_pfp.webp
Mon  5 Jan 15:50:57 GMT 2026: Set wallpaper to /home/solo/.config/hypr/wallpapers/SoloLinux_Wallpaper_1.png
Mon  5 Jan 15:52:57 GMT 2026: Set wallpaper to /home/solo/.config/hypr/wallpapers/2008-Mazda-Furai-Concept-004-1440.jpg
Mon  5 Jan 15:54:57 GMT 2026: Set wallpaper to /home/solo/.config/hypr/wallpapers/2014-Mercedes-Benz-SLS-AMG-Black-Series-009-1440.jpg
Mon  5 Jan 15:56:57 GMT 2026: Set wallpaper to /home/solo/.config/hypr/wallpapers/w05.webp
Mon  5 Jan 15:58:57 GMT 2026: Set wallpaper to /home/solo/.config/hypr/wallpapers/W05.jpg
Mon  5 Jan 16:00:57 GMT 2026: Set wallpaper to /home/solo/.config/hypr/wallpapers/1968-Lamborghini-Miura-Jota-SVR-001-1080.jpg
Mon  5 Jan 16:02:57 GMT 2026: Set wallpaper to /home/solo/.config/hypr/wallpapers/1979-Canepa-BMW-M1-Procar_grey.png
Mon  5 Jan 16:04:57 GMT 2026: Set wallpaper to /home/solo/.config/hypr/wallpapers/SoloLinux4.png
Mon  5 Jan 16:06:57 GMT 2026: Set wallpaper to /home/solo/.config/hypr/wallpapers/hyprland_wallpaper.png
Mon  5 Jan 16:08:58 GMT 2026: Set wallpaper to /home/solo/.config/hypr/wallpapers/w05.webp
Mon  5 Jan 16:10:58 GMT 2026: Set wallpaper to /home/solo/.config/hypr/wallpapers/2015-Porsche-918-Spyder-012-1440.jpg
Mon  5 Jan 16:12:58 GMT 2026: Set wallpaper to /home/solo/.config/hypr/wallpapers/mercedes_amg_f1_m11_eq_performance_4k-HD.jpg
Mon  5 Jan 16:14:58 GMT 2026: Set wallpaper to /home/solo/.config/hypr/wallpapers/mercedes-w11.webp
Mon  5 Jan 16:16:58 GMT 2026: Set wallpaper to /home/solo/.config/hypr/wallpapers/2014-Mercedes-Benz-SLS-AMG-Black-Series-009-1440.jpg
Mon  5 Jan 16:18:58 GMT 2026: Set wallpaper to /home/solo/.config/hypr/wallpapers/W05.jpg
Mon  5 Jan 16:20:58 GMT 2026: Set wallpaper to /home/solo/.config/hypr/wallpapers/SoloLinux_Wallpaper_Blue_White_Text.png
Mon  5 Jan 16:22:58 GMT 2026: Set wallpaper to /home/solo/.config/hypr/wallpapers/mazda-mx5-miata-mazda-3351.jpg
Mon  5 Jan 16:24:58 GMT 2026: Set wallpaper to /home/solo/.config/hypr/wallpapers/2011-Mercedes-Benz-C63-AMG-Coupe-Black-002-1080.jpg
Mon  5 Jan 16:26:58 GMT 2026: Set wallpaper to /home/solo/.config/hypr/wallpapers/2005-Ferrari-F430-007-1080.jpg
Mon  5 Jan 16:28:58 GMT 2026: Set wallpaper to /home/solo/.config/hypr/wallpapers/2014-Mercedes-Benz-SLS-AMG-Black-Series-009-1440.jpg
Mon  5 Jan 16:30:58 GMT 2026: Set wallpaper to /home/solo/.config/hypr/wallpapers/linux-nitros-dark-ov.jpg
Mon  5 Jan 16:32:58 GMT 2026: Set wallpaper to /home/solo/.config/hypr/wallpapers/SilverW11.jpg
Mon  5 Jan 16:34:58 GMT 2026: Set wallpaper to /home/solo/.config/hypr/wallpapers/mercedes_amg_f1_m11_eq_performance_4k-HD.jpg
Mon  5 Jan 16:36:58 GMT 2026: Set wallpaper to /home/solo/.config/hypr/wallpapers/mercedes_amg_f1_m11_eq_performance_4k-HD.jpg
Mon  5 Jan 16:38:58 GMT 2026: Set wallpaper to /home/solo/.config/hypr/wallpapers/2015-Porsche-918-Spyder-012-1440.jpg
Mon  5 Jan 16:40:58 GMT 2026: Set wallpaper to /home/solo/.config/hypr/wallpapers/astize_cc0_split1.png
Mon  5 Jan 16:42:58 GMT 2026: Set wallpaper to /home/solo/.config/hypr/wallpapers/SoloLinux_Wallpaper_Blue_White_Text.png
Mon  5 Jan 16:44:58 GMT 2026: Set wallpaper to /home/solo/.config/hypr/wallpapers/2011-Mercedes-Benz-C63-AMG-Coupe-Black-002-1080.jpg
Mon  5 Jan 16:46:58 GMT 2026: Set wallpaper to /home/solo/.config/hypr/wallpapers/2009-Mercedes-Benz-SL-65-AMG-Black-003-1080.jpg
Mon  5 Jan 16:48:58 GMT 2026: Set wallpaper to /home/solo/.config/hypr/wallpapers/2014-Mercedes-Benz-SLS-AMG-Black-Series-009-1440.jpg
Mon  5 Jan 17:31:19 GMT 2026: Set wallpaper to /home/solo/.config/hypr/wallpapers/mercedes-w11.webp
Mon  5 Jan 17:37:22 GMT 2026: Set wallpaper to /home/solo/.config/hypr/wallpapers/2019-Bugatti-Divo.jpg
Mon  5 Jan 17:39:22 GMT 2026: Set wallpaper to /home/solo/.config/hypr/wallpapers/W05.jpg
Mon  5 Jan 17:41:22 GMT 2026: Set wallpaper to /home/solo/.config/hypr/wallpapers/W05.jpg
Mon  5 Jan 17:43:22 GMT 2026: Set wallpaper to /home/solo/.config/hypr/wallpapers/2008-Mazda-Furai-Concept-004-1440.jpg
Mon  5 Jan 17:45:22 GMT 2026: Set wallpaper to /home/solo/.config/hypr/wallpapers/thumb-1920-1345403.jpeg
Mon  5 Jan 17:47:22 GMT 2026: Set wallpaper to /home/solo/.config/hypr/wallpapers/mercedes_amg_f1_m11_eq_performance_4k-HD.jpg
Mon  5 Jan 17:49:22 GMT 2026: Set wallpaper to /home/solo/.config/hypr/wallpapers/W11_with_DRS.jpg
Mon  5 Jan 17:51:22 GMT 2026: Set wallpaper to /home/solo/.config/hypr/wallpapers/SoloLinux_Wallpaper_1.png
Mon  5 Jan 17:53:22 GMT 2026: Set wallpaper to /home/solo/.config/hypr/wallpapers/astize_cc0_split1.png
Mon  5 Jan 17:55:22 GMT 2026: Set wallpaper to /home/solo/.config/hypr/wallpapers/SoloLinux_Blue_And_WHite_Text_Dark.png
Mon  5 Jan 17:57:22 GMT 2026: Set wallpaper to /home/solo/.config/hypr/wallpapers/w05.webp
Mon  5 Jan 17:59:22 GMT 2026: Set wallpaper to /home/solo/.config/hypr/wallpapers/2008-Mazda-Furai-Concept_grey.png
Mon  5 Jan 18:01:22 GMT 2026: Set wallpaper to /home/solo/.config/hypr/wallpapers/2008-Mazda-Furai-Concept-004-1440.jpg
Mon  5 Jan 18:03:22 GMT 2026: Set wallpaper to /home/solo/.config/hypr/wallpapers/w11_pfp.webp
Mon  5 Jan 18:05:22 GMT 2026: Set wallpaper to /home/solo/.config/hypr/wallpapers/2008-Mazda-Furai-Concept_grey.png
Mon  5 Jan 18:07:22 GMT 2026: Set wallpaper to /home/solo/.config/hypr/wallpapers/simple.png
Mon  5 Jan 18:09:22 GMT 2026: Set wallpaper to /home/solo/.config/hypr/wallpapers/2014-Mercedes-Benz-SLS-AMG-Black-Series-009-1440.jpg
Mon  5 Jan 18:11:22 GMT 2026: Set wallpaper to /home/solo/.config/hypr/wallpapers/w11_wets.webp
Mon  5 Jan 18:13:22 GMT 2026: Set wallpaper to /home/solo/.config/hypr/wallpapers/2015-Porsche-918-Spyder-012-1440.jpg
Mon  5 Jan 18:15:22 GMT 2026: Set wallpaper to /home/solo/.config/hypr/wallpapers/simple.png
Mon  5 Jan 18:17:22 GMT 2026: Set wallpaper to /home/solo/.config/hypr/wallpapers/SoloLinux_Blue_And_WHite_Text_Dark.png
Mon  5 Jan 18:19:22 GMT 2026: Set wallpaper to /home/solo/.config/hypr/wallpapers/thumb-1920-1345403.jpeg
Mon  5 Jan 18:21:22 GMT 2026: Set wallpaper to /home/solo/.config/hypr/wallpapers/hamilton_3079629.jpg
Mon  5 Jan 18:23:22 GMT 2026: Set wallpaper to /home/solo/.config/hypr/wallpapers/linux-nitros-dark-ov.jpg
Mon  5 Jan 18:25:22 GMT 2026: Set wallpaper to /home/solo/.config/hypr/wallpapers/SoloLinux_Wallpaper_Blue_White_Text.png
Mon  5 Jan 18:27:22 GMT 2026: Set wallpaper to /home/solo/.config/hypr/wallpapers/1968-Lamborghini-Miura-Jota-SVR-001-1080.jpg
Mon  5 Jan 18:29:22 GMT 2026: Set wallpaper to /home/solo/.config/hypr/wallpapers/2019-Bugatti-Divo.jpg
Mon  5 Jan 18:31:22 GMT 2026: Set wallpaper to /home/solo/.config/hypr/wallpapers/2005-Ferrari-F430-007-1080.jpg
Mon  5 Jan 18:33:22 GMT 2026: Set wallpaper to /home/solo/.config/hypr/wallpapers/2011-Mercedes-Benz-C63-AMG-Coupe-Black-001-1080.jpg
Mon  5 Jan 18:35:22 GMT 2026: Set wallpaper to /home/solo/.config/hypr/wallpapers/mazda-mx5-miata-mazda-3351.jpg
Mon  5 Jan 18:37:22 GMT 2026: Set wallpaper to /home/solo/.config/hypr/wallpapers/1979-Canepa-BMW-M1-Procar_grey.png
Mon  5 Jan 18:39:22 GMT 2026: Set wallpaper to /home/solo/.config/hypr/wallpapers/mazda-mx5-miata-mazda-3351.jpg
Mon  5 Jan 18:41:22 GMT 2026: Set wallpaper to /home/solo/.config/hypr/wallpapers/2014-Mercedes-Benz-SLS-AMG-Black-Series-009-1440.jpg
Mon  5 Jan 18:43:22 GMT 2026: Set wallpaper to /home/solo/.config/hypr/wallpapers/hyprland_wallpaper.png
Mon  5 Jan 18:45:22 GMT 2026: Set wallpaper to /home/solo/.config/hypr/wallpapers/w11_wets.webp
Mon  5 Jan 18:47:22 GMT 2026: Set wallpaper to /home/solo/.config/hypr/wallpapers/mercedes-w11.webp
Tue  6 Jan 00:01:52 GMT 2026: Set wallpaper to /home/solo/.config/hypr/wallpapers/SoloLinux4.png
Tue  6 Jan 00:03:52 GMT 2026: Set wallpaper to /home/solo/.config/hypr/wallpapers/1968-Lamborghini-Miura-Jota-SVR-001-1080.jpg
Tue  6 Jan 00:05:52 GMT 2026: Set wallpaper to /home/solo/.config/hypr/wallpapers/1979-Canepa-BMW-M1-Procar_grey.png
Tue  6 Jan 00:07:52 GMT 2026: Set wallpaper to /home/solo/.config/hypr/wallpapers/SoloLinux_Wallpaper_1.png
Tue  6 Jan 00:09:52 GMT 2026: Set wallpaper to /home/solo/.config/hypr/wallpapers/SilverW11.jpg
Tue  6 Jan 00:11:52 GMT 2026: Set wallpaper to /home/solo/.config/hypr/wallpapers/simple.png
Tue  6 Jan 00:13:52 GMT 2026: Set wallpaper to /home/solo/.config/hypr/wallpapers/2008-Mazda-Furai-Concept-004-1440.jpg
Tue  6 Jan 00:15:52 GMT 2026: Set wallpaper to /home/solo/.config/hypr/wallpapers/astize_cc0_split1.png
Tue  6 Jan 00:17:52 GMT 2026: Set wallpaper to /home/solo/.config/hypr/wallpapers/w11_pfp.webp
Tue  6 Jan 00:19:52 GMT 2026: Set wallpaper to /home/solo/.config/hypr/wallpapers/w11_pfp.webp
Tue  6 Jan 00:21:52 GMT 2026: Set wallpaper to /home/solo/.config/hypr/wallpapers/hyprland_wallpaper.png
Tue  6 Jan 00:23:52 GMT 2026: Set wallpaper to /home/solo/.config/hypr/wallpapers/hamilton_3079629.jpg
Tue  6 Jan 00:25:52 GMT 2026: Set wallpaper to /home/solo/.config/hypr/wallpapers/2008-Mazda-Furai-Concept_grey.png
Tue  6 Jan 00:27:52 GMT 2026: Set wallpaper to /home/solo/.config/hypr/wallpapers/2008-Mazda-Furai-Concept_grey.png
Tue  6 Jan 00:29:52 GMT 2026: Set wallpaper to /home/solo/.config/hypr/wallpapers/2008-Mazda-Furai-Concept_grey.png
Tue  6 Jan 00:31:52 GMT 2026: Set wallpaper to /home/solo/.config/hypr/wallpapers/hyprland_wallpaper.png
Tue  6 Jan 00:33:52 GMT 2026: Set wallpaper to /home/solo/.config/hypr/wallpapers/w11_pfp.webp
Tue  6 Jan 00:35:52 GMT 2026: Set wallpaper to /home/solo/.config/hypr/wallpapers/mazda-mx5-miata-mazda-3351.jpg
Tue  6 Jan 00:37:52 GMT 2026: Set wallpaper to /home/solo/.config/hypr/wallpapers/hamilton_3079629.jpg
Tue  6 Jan 00:39:52 GMT 2026: Set wallpaper to /home/solo/.config/hypr/wallpapers/SoloLinux_Wallpaper_1.png
Tue  6 Jan 00:41:52 GMT 2026: Set wallpaper to /home/solo/.config/hypr/wallpapers/2019-Bugatti-Divo.jpg
Tue  6 Jan 00:43:52 GMT 2026: Set wallpaper to /home/solo/.config/hypr/wallpapers/2015-Porsche-918-Spyder-012-1440.jpg
Tue  6 Jan 00:45:52 GMT 2026: Set wallpaper to /home/solo/.config/hypr/wallpapers/2011-Mercedes-Benz-C63-AMG-Coupe-Black-001-1080.jpg
Tue  6 Jan 00:47:52 GMT 2026: Set wallpaper to /home/solo/.config/hypr/wallpapers/linux-nitros-dark-ov.jpg
Tue  6 Jan 00:49:52 GMT 2026: Set wallpaper to /home/solo/.config/hypr/wallpapers/2008-Mazda-Furai-Concept_grey.png
Tue  6 Jan 00:51:52 GMT 2026: Set wallpaper to /home/solo/.config/hypr/wallpapers/linux-nitros-dark-ov.jpg
Tue  6 Jan 00:53:52 GMT 2026: Set wallpaper to /home/solo/.config/hypr/wallpapers/2008-Mazda-Furai-Concept_grey.png
Tue  6 Jan 00:55:53 GMT 2026: Set wallpaper to /home/solo/.config/hypr/wallpapers/SoloLinux_Wallpaper_Blue_White_Text.png
Tue  6 Jan 00:57:53 GMT 2026: Set wallpaper to /home/solo/.config/hypr/wallpapers/2014-Mercedes-Benz-SLS-AMG-Black-Series-009-1440.jpg
Tue  6 Jan 11:54:10 GMT 2026: Set wallpaper to /home/solo/.config/hypr/wallpapers/SoloLinux_Wallpaper_1.png
Tue  6 Jan 11:56:10 GMT 2026: Set wallpaper to /home/solo/.config/hypr/wallpapers/2014-Mercedes-Benz-SLS-AMG-Black-Series-009-1440.jpg
Tue  6 Jan 11:58:10 GMT 2026: Set wallpaper to /home/solo/.config/hypr/wallpapers/SoloLinux_Blue_And_WHite_Text_Dark.png
Tue  6 Jan 12:05:19 GMT 2026: Set wallpaper to /home/solo/.config/hypr/wallpapers/W05.jpg
Tue  6 Jan 12:07:19 GMT 2026: Set wallpaper to /home/solo/.config/hypr/wallpapers/SoloLinux_Wallpaper_Blue_White_Text.png
Tue  6 Jan 12:09:19 GMT 2026: Set wallpaper to /home/solo/.config/hypr/wallpapers/w05.webp
Tue  6 Jan 12:11:19 GMT 2026: Set wallpaper to /home/solo/.config/hypr/wallpapers/2011-Mercedes-Benz-C63-AMG-Coupe-Black-001-1080.jpg
Tue  6 Jan 12:13:19 GMT 2026: Set wallpaper to /home/solo/.config/hypr/wallpapers/thumb-1920-1345403.jpeg
Tue  6 Jan 12:15:19 GMT 2026: Set wallpaper to /home/solo/.config/hypr/wallpapers/SoloLinux_Wallpaper_Blue_White_Text.png
Tue  6 Jan 12:17:19 GMT 2026: Set wallpaper to /home/solo/.config/hypr/wallpapers/SoloLinux4.png
Tue  6 Jan 12:19:19 GMT 2026: Set wallpaper to /home/solo/.config/hypr/wallpapers/W05.jpg
Tue  6 Jan 12:21:19 GMT 2026: Set wallpaper to /home/solo/.config/hypr/wallpapers/2005-Ferrari-F430-007-1080.jpg
Tue  6 Jan 12:23:19 GMT 2026: Set wallpaper to /home/solo/.config/hypr/wallpapers/w11_wets.webp
Tue  6 Jan 12:25:19 GMT 2026: Set wallpaper to /home/solo/.config/hypr/wallpapers/SoloLinux_Wallpaper_Blue_White_Text.png
Tue  6 Jan 12:27:19 GMT 2026: Set wallpaper to /home/solo/.config/hypr/wallpapers/linux-nitros-dark-ov.jpg
Tue  6 Jan 12:29:19 GMT 2026: Set wallpaper to /home/solo/.config/hypr/wallpapers/W05.jpg
Tue  6 Jan 12:31:19 GMT 2026: Set wallpaper to /home/solo/.config/hypr/wallpapers/2008-Mazda-Furai-Concept-004-1440.jpg
Tue  6 Jan 12:33:19 GMT 2026: Set wallpaper to /home/solo/.config/hypr/wallpapers/2008-Mazda-Furai-Concept_grey.png
Tue  6 Jan 12:35:19 GMT 2026: Set wallpaper to /home/solo/.config/hypr/wallpapers/W05.jpg
Tue  6 Jan 12:37:19 GMT 2026: Set wallpaper to /home/solo/.config/hypr/wallpapers/mazda-mx5-miata-mazda-3351.jpg
Tue  6 Jan 12:39:19 GMT 2026: Set wallpaper to /home/solo/.config/hypr/wallpapers/2008-Mazda-Furai-Concept_grey.png
Tue  6 Jan 12:41:19 GMT 2026: Set wallpaper to /home/solo/.config/hypr/wallpapers/hyprland_wallpaper.png
Tue  6 Jan 12:43:19 GMT 2026: Set wallpaper to /home/solo/.config/hypr/wallpapers/2005-Ferrari-F430-007-1080.jpg
Tue  6 Jan 12:45:20 GMT 2026: Set wallpaper to /home/solo/.config/hypr/wallpapers/2011-Mercedes-Benz-C63-AMG-Coupe-Black-002-1080.jpg
Tue  6 Jan 12:47:20 GMT 2026: Set wallpaper to /home/solo/.config/hypr/wallpapers/2008-Mazda-Furai-Concept-004-1440.jpg
Tue  6 Jan 12:49:20 GMT 2026: Set wallpaper to /home/solo/.config/hypr/wallpapers/W11_with_DRS.jpg
Tue  6 Jan 12:51:20 GMT 2026: Set wallpaper to /home/solo/.config/hypr/wallpapers/astize_cc0_split1.png
Tue  6 Jan 12:53:20 GMT 2026: Set wallpaper to /home/solo/.config/hypr/wallpapers/2011-Mercedes-Benz-C63-AMG-Coupe-Black-002-1080.jpg
Tue  6 Jan 12:55:20 GMT 2026: Set wallpaper to /home/solo/.config/hypr/wallpapers/mazda-mx5-miata-mazda-3351.jpg
Tue  6 Jan 12:57:20 GMT 2026: Set wallpaper to /home/solo/.config/hypr/wallpapers/2011-Mercedes-Benz-C63-AMG-Coupe-Black-002-1080.jpg
Tue  6 Jan 12:59:20 GMT 2026: Set wallpaper to /home/solo/.config/hypr/wallpapers/w05.webp
Tue  6 Jan 15:47:16 GMT 2026: Set wallpaper to /home/solo/.config/hypr/wallpapers/1968-Lamborghini-Miura-Jota-SVR-001-1080.jpg
Tue  6 Jan 15:49:16 GMT 2026: Set wallpaper to /home/solo/.config/hypr/wallpapers/SilverW11.jpg
Tue  6 Jan 15:51:16 GMT 2026: Set wallpaper to /home/solo/.config/hypr/wallpapers/2011-Mercedes-Benz-C63-AMG-Coupe-Black-001-1080.jpg
Tue  6 Jan 15:53:16 GMT 2026: Set wallpaper to /home/solo/.config/hypr/wallpapers/w11_wets.webp
Tue  6 Jan 15:55:16 GMT 2026: Set wallpaper to /home/solo/.config/hypr/wallpapers/mercedes-w11.webp
Tue  6 Jan 15:57:16 GMT 2026: Set wallpaper to /home/solo/.config/hypr/wallpapers/2014-Mercedes-Benz-SLS-AMG-Black-Series-009-1440.jpg
Tue  6 Jan 15:59:17 GMT 2026: Set wallpaper to /home/solo/.config/hypr/wallpapers/W05.jpg
Tue  6 Jan 16:01:17 GMT 2026: Set wallpaper to /home/solo/.config/hypr/wallpapers/2011-Mercedes-Benz-C63-AMG-Coupe-Black-002-1080.jpg
Tue  6 Jan 16:03:17 GMT 2026: Set wallpaper to /home/solo/.config/hypr/wallpapers/astize_cc0_split1.png
Tue  6 Jan 16:05:17 GMT 2026: Set wallpaper to /home/solo/.config/hypr/wallpapers/2005-Ferrari-F430-007-1080.jpg
Tue  6 Jan 16:07:17 GMT 2026: Set wallpaper to /home/solo/.config/hypr/wallpapers/2005-Ferrari-F430-007-1080.jpg
Tue  6 Jan 16:09:17 GMT 2026: Set wallpaper to /home/solo/.config/hypr/wallpapers/mazda-mx5-miata-mazda-3351.jpg
Tue  6 Jan 16:11:17 GMT 2026: Set wallpaper to /home/solo/.config/hypr/wallpapers/w11_pfp.webp
Tue  6 Jan 16:13:17 GMT 2026: Set wallpaper to /home/solo/.config/hypr/wallpapers/2008-Mazda-Furai-Concept-004-1440.jpg
Tue  6 Jan 16:15:17 GMT 2026: Set wallpaper to /home/solo/.config/hypr/wallpapers/SilverW11.jpg
Tue  6 Jan 16:17:17 GMT 2026: Set wallpaper to /home/solo/.config/hypr/wallpapers/2005-Ferrari-F430-007-1080.jpg
Tue  6 Jan 16:19:17 GMT 2026: Set wallpaper to /home/solo/.config/hypr/wallpapers/SoloLinux4.png
Tue  6 Jan 16:21:17 GMT 2026: Set wallpaper to /home/solo/.config/hypr/wallpapers/W11_with_DRS.jpg
Tue  6 Jan 16:23:17 GMT 2026: Set wallpaper to /home/solo/.config/hypr/wallpapers/linux-nitros-dark-ov.jpg
Tue  6 Jan 19:49:39 GMT 2026: Set wallpaper to /home/solo/.config/hypr/wallpapers/astize_cc0_split1.png
Tue  6 Jan 19:51:39 GMT 2026: Set wallpaper to /home/solo/.config/hypr/wallpapers/hyprland_wallpaper.png
Tue  6 Jan 19:53:39 GMT 2026: Set wallpaper to /home/solo/.config/hypr/wallpapers/2011-Mercedes-Benz-C63-AMG-Coupe-Black-001-1080.jpg
Tue  6 Jan 19:55:39 GMT 2026: Set wallpaper to /home/solo/.config/hypr/wallpapers/2015-Porsche-918-Spyder-012-1440.jpg
Tue  6 Jan 19:57:39 GMT 2026: Set wallpaper to /home/solo/.config/hypr/wallpapers/2008-Mazda-Furai-Concept-004-1440.jpg
Tue  6 Jan 19:59:39 GMT 2026: Set wallpaper to /home/solo/.config/hypr/wallpapers/astize_cc0_split1.png
Tue  6 Jan 20:01:39 GMT 2026: Set wallpaper to /home/solo/.config/hypr/wallpapers/linux-nitros-dark-ov.jpg
Tue  6 Jan 20:03:39 GMT 2026: Set wallpaper to /home/solo/.config/hypr/wallpapers/2008-Mazda-Furai-Concept_grey.png
Tue  6 Jan 20:05:39 GMT 2026: Set wallpaper to /home/solo/.config/hypr/wallpapers/1968-Lamborghini-Miura-Jota-SVR-001-1080.jpg
Tue  6 Jan 20:07:39 GMT 2026: Set wallpaper to /home/solo/.config/hypr/wallpapers/hamilton_3079629.jpg
Tue  6 Jan 20:09:40 GMT 2026: Set wallpaper to /home/solo/.config/hypr/wallpapers/SoloLinux_Blue_And_WHite_Text_Dark.png
Tue  6 Jan 20:11:40 GMT 2026: Set wallpaper to /home/solo/.config/hypr/wallpapers/2005-Ferrari-F430-007-1080.jpg
Tue  6 Jan 20:13:40 GMT 2026: Set wallpaper to /home/solo/.config/hypr/wallpapers/W05.jpg
Tue  6 Jan 20:15:40 GMT 2026: Set wallpaper to /home/solo/.config/hypr/wallpapers/hamilton_3079629.jpg
Tue  6 Jan 20:17:40 GMT 2026: Set wallpaper to /home/solo/.config/hypr/wallpapers/2008-Mazda-Furai-Concept-004-1440.jpg
Tue  6 Jan 20:19:40 GMT 2026: Set wallpaper to /home/solo/.config/hypr/wallpapers/SoloLinux4.png
Tue  6 Jan 20:21:40 GMT 2026: Set wallpaper to /home/solo/.config/hypr/wallpapers/SoloLinux_Wallpaper_Blue_White_Text.png
Tue  6 Jan 20:23:40 GMT 2026: Set wallpaper to /home/solo/.config/hypr/wallpapers/1968-Lamborghini-Miura-Jota-SVR-001-1080.jpg
Tue  6 Jan 20:25:40 GMT 2026: Set wallpaper to /home/solo/.config/hypr/wallpapers/w11_wets.webp
Tue  6 Jan 20:27:40 GMT 2026: Set wallpaper to /home/solo/.config/hypr/wallpapers/2015-Porsche-918-Spyder-012-1440.jpg
Tue  6 Jan 20:29:40 GMT 2026: Set wallpaper to /home/solo/.config/hypr/wallpapers/linux-nitros-dark-ov.jpg
Tue  6 Jan 20:31:40 GMT 2026: Set wallpaper to /home/solo/.config/hypr/wallpapers/w05.webp
Tue  6 Jan 20:33:40 GMT 2026: Set wallpaper to /home/solo/.config/hypr/wallpapers/linux-nitros-dark-ov.jpg
Tue  6 Jan 20:35:40 GMT 2026: Set wallpaper to /home/solo/.config/hypr/wallpapers/2015-Porsche-918-Spyder-012-1440.jpg
Tue  6 Jan 20:37:40 GMT 2026: Set wallpaper to /home/solo/.config/hypr/wallpapers/hamilton_3079629.jpg
Tue  6 Jan 20:39:40 GMT 2026: Set wallpaper to /home/solo/.config/hypr/wallpapers/2019-Bugatti-Divo.jpg
Tue  6 Jan 20:41:40 GMT 2026: Set wallpaper to /home/solo/.config/hypr/wallpapers/2011-Mercedes-Benz-C63-AMG-Coupe-Black-001-1080.jpg
Tue  6 Jan 20:43:40 GMT 2026: Set wallpaper to /home/solo/.config/hypr/wallpapers/2008-Mazda-Furai-Concept-004-1440.jpg
Tue  6 Jan 20:45:40 GMT 2026: Set wallpaper to /home/solo/.config/hypr/wallpapers/SoloLinux_Wallpaper_1.png
Tue  6 Jan 20:47:40 GMT 2026: Set wallpaper to /home/solo/.config/hypr/wallpapers/1979-Canepa-BMW-M1-Procar_grey.png
Tue  6 Jan 20:49:40 GMT 2026: Set wallpaper to /home/solo/.config/hypr/wallpapers/2005-Ferrari-F430-007-1080.jpg
Tue  6 Jan 23:00:51 GMT 2026: Set wallpaper to /home/solo/.config/hypr/wallpapers/2009-Mercedes-Benz-SL-65-AMG-Black-003-1080.jpg
Tue  6 Jan 23:02:51 GMT 2026: Set wallpaper to /home/solo/.config/hypr/wallpapers/w11_pfp.webp
Tue  6 Jan 23:04:52 GMT 2026: Set wallpaper to /home/solo/.config/hypr/wallpapers/mazda-mx5-miata-mazda-3351.jpg
Tue  6 Jan 23:06:52 GMT 2026: Set wallpaper to /home/solo/.config/hypr/wallpapers/1979-Canepa-BMW-M1-Procar_grey.png
Tue  6 Jan 23:08:52 GMT 2026: Set wallpaper to /home/solo/.config/hypr/wallpapers/mercedes_amg_f1_m11_eq_performance_4k-HD.jpg
Tue  6 Jan 23:10:52 GMT 2026: Set wallpaper to /home/solo/.config/hypr/wallpapers/2009-Mercedes-Benz-SL-65-AMG-Black-003-1080.jpg
Tue  6 Jan 23:12:52 GMT 2026: Set wallpaper to /home/solo/.config/hypr/wallpapers/w05.webp
Tue  6 Jan 23:14:52 GMT 2026: Set wallpaper to /home/solo/.config/hypr/wallpapers/SoloLinux_Blue_And_WHite_Text_Dark.png
Tue  6 Jan 23:16:52 GMT 2026: Set wallpaper to /home/solo/.config/hypr/wallpapers/astize_cc0_split1.png
Tue  6 Jan 23:18:52 GMT 2026: Set wallpaper to /home/solo/.config/hypr/wallpapers/mercedes-w11.webp
Tue  6 Jan 23:20:52 GMT 2026: Set wallpaper to /home/solo/.config/hypr/wallpapers/SilverW11.jpg
Tue  6 Jan 23:22:52 GMT 2026: Set wallpaper to /home/solo/.config/hypr/wallpapers/SoloLinux_Wallpaper_1.png
Tue  6 Jan 23:24:52 GMT 2026: Set wallpaper to /home/solo/.config/hypr/wallpapers/2015-Porsche-918-Spyder-012-1440.jpg
Tue  6 Jan 23:26:52 GMT 2026: Set wallpaper to /home/solo/.config/hypr/wallpapers/W05.jpg
Tue  6 Jan 23:28:52 GMT 2026: Set wallpaper to /home/solo/.config/hypr/wallpapers/W05.jpg
Tue  6 Jan 23:30:52 GMT 2026: Set wallpaper to /home/solo/.config/hypr/wallpapers/SoloLinux4.png
Tue  6 Jan 23:32:52 GMT 2026: Set wallpaper to /home/solo/.config/hypr/wallpapers/W05.jpg
Tue  6 Jan 23:34:52 GMT 2026: Set wallpaper to /home/solo/.config/hypr/wallpapers/2008-Mazda-Furai-Concept-004-1440.jpg
Tue  6 Jan 23:36:52 GMT 2026: Set wallpaper to /home/solo/.config/hypr/wallpapers/2005-Ferrari-F430-007-1080.jpg
Tue  6 Jan 23:38:52 GMT 2026: Set wallpaper to /home/solo/.config/hypr/wallpapers/SoloLinux_Blue_And_WHite_Text_Dark.png
Tue  6 Jan 23:40:52 GMT 2026: Set wallpaper to /home/solo/.config/hypr/wallpapers/w05.webp
Tue  6 Jan 23:42:52 GMT 2026: Set wallpaper to /home/solo/.config/hypr/wallpapers/linux-nitros-dark-ov.jpg
Tue  6 Jan 23:44:52 GMT 2026: Set wallpaper to /home/solo/.config/hypr/wallpapers/1968-Lamborghini-Miura-Jota-SVR-001-1080.jpg
Tue  6 Jan 23:46:52 GMT 2026: Set wallpaper to /home/solo/.config/hypr/wallpapers/w11_wets.webp
Tue  6 Jan 23:48:52 GMT 2026: Set wallpaper to /home/solo/.config/hypr/wallpapers/W05.jpg
Tue  6 Jan 23:50:52 GMT 2026: Set wallpaper to /home/solo/.config/hypr/wallpapers/w11_wets.webp
Tue  6 Jan 23:52:52 GMT 2026: Set wallpaper to /home/solo/.config/hypr/wallpapers/astize_cc0_split1.png
Tue  6 Jan 23:54:52 GMT 2026: Set wallpaper to /home/solo/.config/hypr/wallpapers/SoloLinux_Wallpaper_1.png
Tue  6 Jan 23:56:52 GMT 2026: Set wallpaper to /home/solo/.config/hypr/wallpapers/2014-Mercedes-Benz-SLS-AMG-Black-Series-009-1440.jpg
Tue  6 Jan 23:58:52 GMT 2026: Set wallpaper to /home/solo/.config/hypr/wallpapers/w05.webp
Wed  7 Jan 00:00:52 GMT 2026: Set wallpaper to /home/solo/.config/hypr/wallpapers/w05.webp
Wed  7 Jan 00:02:52 GMT 2026: Set wallpaper to /home/solo/.config/hypr/wallpapers/SoloLinux_Wallpaper_1.png
Wed  7 Jan 00:04:52 GMT 2026: Set wallpaper to /home/solo/.config/hypr/wallpapers/simple.png
Wed  7 Jan 00:06:52 GMT 2026: Set wallpaper to /home/solo/.config/hypr/wallpapers/2005-Ferrari-F430-007-1080.jpg
Wed  7 Jan 00:08:52 GMT 2026: Set wallpaper to /home/solo/.config/hypr/wallpapers/SilverW11.jpg
Wed  7 Jan 00:10:52 GMT 2026: Set wallpaper to /home/solo/.config/hypr/wallpapers/hyprland_wallpaper.png
Wed  7 Jan 00:12:52 GMT 2026: Set wallpaper to /home/solo/.config/hypr/wallpapers/2019-Bugatti-Divo.jpg
Wed  7 Jan 00:14:52 GMT 2026: Set wallpaper to /home/solo/.config/hypr/wallpapers/2008-Mazda-Furai-Concept_grey.png
Wed  7 Jan 00:16:52 GMT 2026: Set wallpaper to /home/solo/.config/hypr/wallpapers/W05.jpg
Wed  7 Jan 00:18:52 GMT 2026: Set wallpaper to /home/solo/.config/hypr/wallpapers/2011-Mercedes-Benz-C63-AMG-Coupe-Black-002-1080.jpg
Wed  7 Jan 00:20:52 GMT 2026: Set wallpaper to /home/solo/.config/hypr/wallpapers/SoloLinux4.png
Wed  7 Jan 00:22:52 GMT 2026: Set wallpaper to /home/solo/.config/hypr/wallpapers/simple.png
Wed  7 Jan 00:24:52 GMT 2026: Set wallpaper to /home/solo/.config/hypr/wallpapers/astize_cc0_split1.png
Wed  7 Jan 00:26:52 GMT 2026: Set wallpaper to /home/solo/.config/hypr/wallpapers/SoloLinux_Blue_And_WHite_Text_Dark.png
Wed  7 Jan 00:28:52 GMT 2026: Set wallpaper to /home/solo/.config/hypr/wallpapers/hyprland_wallpaper.png
Wed  7 Jan 00:30:52 GMT 2026: Set wallpaper to /home/solo/.config/hypr/wallpapers/1979-Canepa-BMW-M1-Procar_grey.png
Wed  7 Jan 00:32:52 GMT 2026: Set wallpaper to /home/solo/.config/hypr/wallpapers/astize_cc0_split1.png
Wed  7 Jan 00:34:52 GMT 2026: Set wallpaper to /home/solo/.config/hypr/wallpapers/1968-Lamborghini-Miura-Jota-SVR-001-1080.jpg
Wed  7 Jan 00:36:52 GMT 2026: Set wallpaper to /home/solo/.config/hypr/wallpapers/2005-Ferrari-F430-007-1080.jpg
Wed  7 Jan 00:38:52 GMT 2026: Set wallpaper to /home/solo/.config/hypr/wallpapers/hamilton_3079629.jpg
Wed  7 Jan 00:40:52 GMT 2026: Set wallpaper to /home/solo/.config/hypr/wallpapers/SoloLinux_Wallpaper_Blue_White_Text.png
Wed  7 Jan 00:42:52 GMT 2026: Set wallpaper to /home/solo/.config/hypr/wallpapers/SoloLinux_Wallpaper_1.png
Wed  7 Jan 00:44:52 GMT 2026: Set wallpaper to /home/solo/.config/hypr/wallpapers/1968-Lamborghini-Miura-Jota-SVR-001-1080.jpg
Wed  7 Jan 00:46:53 GMT 2026: Set wallpaper to /home/solo/.config/hypr/wallpapers/SoloLinux_Wallpaper_1.png
Wed  7 Jan 00:48:53 GMT 2026: Set wallpaper to /home/solo/.config/hypr/wallpapers/W11_with_DRS.jpg
Wed  7 Jan 00:50:53 GMT 2026: Set wallpaper to /home/solo/.config/hypr/wallpapers/w11_wets.webp
Wed  7 Jan 00:52:53 GMT 2026: Set wallpaper to /home/solo/.config/hypr/wallpapers/2011-Mercedes-Benz-C63-AMG-Coupe-Black-002-1080.jpg
Wed  7 Jan 00:54:53 GMT 2026: Set wallpaper to /home/solo/.config/hypr/wallpapers/hyprland_wallpaper.png
Wed  7 Jan 00:56:53 GMT 2026: Set wallpaper to /home/solo/.config/hypr/wallpapers/2019-Bugatti-Divo.jpg
Wed  7 Jan 00:58:53 GMT 2026: Set wallpaper to /home/solo/.config/hypr/wallpapers/2015-Porsche-918-Spyder-012-1440.jpg
Wed  7 Jan 01:00:53 GMT 2026: Set wallpaper to /home/solo/.config/hypr/wallpapers/SoloLinux_Blue_And_WHite_Text_Dark.png
Wed  7 Jan 01:02:53 GMT 2026: Set wallpaper to /home/solo/.config/hypr/wallpapers/2011-Mercedes-Benz-C63-AMG-Coupe-Black-002-1080.jpg
Wed  7 Jan 01:04:53 GMT 2026: Set wallpaper to /home/solo/.config/hypr/wallpapers/2011-Mercedes-Benz-C63-AMG-Coupe-Black-001-1080.jpg
Wed  7 Jan 01:06:53 GMT 2026: Set wallpaper to /home/solo/.config/hypr/wallpapers/1979-Canepa-BMW-M1-Procar_grey.png
Wed  7 Jan 01:08:53 GMT 2026: Set wallpaper to /home/solo/.config/hypr/wallpapers/hyprland_wallpaper.png
Wed  7 Jan 13:16:29 GMT 2026: Set wallpaper to /home/solo/.config/hypr/wallpapers/W05.jpg
Wed  7 Jan 13:18:29 GMT 2026: Set wallpaper to /home/solo/.config/hypr/wallpapers/2005-Ferrari-F430-007-1080.jpg
Wed  7 Jan 13:20:29 GMT 2026: Set wallpaper to /home/solo/.config/hypr/wallpapers/w11_pfp.webp
Wed  7 Jan 13:22:29 GMT 2026: Set wallpaper to /home/solo/.config/hypr/wallpapers/2005-Ferrari-F430-007-1080.jpg
Wed  7 Jan 13:24:29 GMT 2026: Set wallpaper to /home/solo/.config/hypr/wallpapers/w05.webp
Wed  7 Jan 13:26:30 GMT 2026: Set wallpaper to /home/solo/.config/hypr/wallpapers/astize_cc0_split1.png
Wed  7 Jan 13:28:30 GMT 2026: Set wallpaper to /home/solo/.config/hypr/wallpapers/2011-Mercedes-Benz-C63-AMG-Coupe-Black-001-1080.jpg
Wed  7 Jan 13:30:30 GMT 2026: Set wallpaper to /home/solo/.config/hypr/wallpapers/2008-Mazda-Furai-Concept-004-1440.jpg
Wed  7 Jan 13:32:30 GMT 2026: Set wallpaper to /home/solo/.config/hypr/wallpapers/1979-Canepa-BMW-M1-Procar_grey.png
Wed  7 Jan 13:34:30 GMT 2026: Set wallpaper to /home/solo/.config/hypr/wallpapers/astize_cc0_split1.png
Wed  7 Jan 13:36:30 GMT 2026: Set wallpaper to /home/solo/.config/hypr/wallpapers/mercedes-w11.webp
Wed  7 Jan 13:38:30 GMT 2026: Set wallpaper to /home/solo/.config/hypr/wallpapers/hyprland_wallpaper.png
Wed  7 Jan 20:37:47 GMT 2026: Set wallpaper to /home/solo/.config/hypr/wallpapers/mercedes-w11.webp
Wed  7 Jan 20:39:47 GMT 2026: Set wallpaper to /home/solo/.config/hypr/wallpapers/simple.png
Wed  7 Jan 20:41:47 GMT 2026: Set wallpaper to /home/solo/.config/hypr/wallpapers/w11_pfp.webp
Wed  7 Jan 20:43:47 GMT 2026: Set wallpaper to /home/solo/.config/hypr/wallpapers/SoloLinux_Blue_And_WHite_Text_Dark.png
Wed  7 Jan 20:45:47 GMT 2026: Set wallpaper to /home/solo/.config/hypr/wallpapers/W11_with_DRS.jpg
Wed  7 Jan 20:47:47 GMT 2026: Set wallpaper to /home/solo/.config/hypr/wallpapers/SoloLinux_Blue_And_WHite_Text_Dark.png
Wed  7 Jan 20:49:47 GMT 2026: Set wallpaper to /home/solo/.config/hypr/wallpapers/2019-Bugatti-Divo.jpg
Wed  7 Jan 20:51:47 GMT 2026: Set wallpaper to /home/solo/.config/hypr/wallpapers/2019-Bugatti-Divo.jpg
Wed  7 Jan 20:53:47 GMT 2026: Set wallpaper to /home/solo/.config/hypr/wallpapers/hamilton_3079629.jpg
Wed  7 Jan 20:55:47 GMT 2026: Set wallpaper to /home/solo/.config/hypr/wallpapers/w11_pfp.webp
Wed  7 Jan 20:57:47 GMT 2026: Set wallpaper to /home/solo/.config/hypr/wallpapers/SoloLinux_Wallpaper_1.png
Wed  7 Jan 20:59:47 GMT 2026: Set wallpaper to /home/solo/.config/hypr/wallpapers/hyprland_wallpaper.png
Wed  7 Jan 21:01:47 GMT 2026: Set wallpaper to /home/solo/.config/hypr/wallpapers/hamilton_3079629.jpg
Wed  7 Jan 21:39:44 GMT 2026: Set wallpaper to /home/solo/.config/hypr/wallpapers/1968-Lamborghini-Miura-Jota-SVR-001-1080.jpg
Wed  7 Jan 21:41:44 GMT 2026: Set wallpaper to /home/solo/.config/hypr/wallpapers/2009-Mercedes-Benz-SL-65-AMG-Black-003-1080.jpg
Wed  7 Jan 21:43:44 GMT 2026: Set wallpaper to /home/solo/.config/hypr/wallpapers/1979-Canepa-BMW-M1-Procar_grey.png
Wed  7 Jan 21:45:44 GMT 2026: Set wallpaper to /home/solo/.config/hypr/wallpapers/w11_wets.webp
Wed  7 Jan 21:47:44 GMT 2026: Set wallpaper to /home/solo/.config/hypr/wallpapers/2008-Mazda-Furai-Concept-004-1440.jpg
Wed  7 Jan 21:49:44 GMT 2026: Set wallpaper to /home/solo/.config/hypr/wallpapers/SoloLinux_Wallpaper_Blue_White_Text.png
Wed  7 Jan 21:51:44 GMT 2026: Set wallpaper to /home/solo/.config/hypr/wallpapers/2009-Mercedes-Benz-SL-65-AMG-Black-003-1080.jpg
Wed  7 Jan 21:53:44 GMT 2026: Set wallpaper to /home/solo/.config/hypr/wallpapers/2005-Ferrari-F430-007-1080.jpg
Wed  7 Jan 21:55:44 GMT 2026: Set wallpaper to /home/solo/.config/hypr/wallpapers/mazda-mx5-miata-mazda-3351.jpg
Wed  7 Jan 21:57:44 GMT 2026: Set wallpaper to /home/solo/.config/hypr/wallpapers/mercedes-w11.webp
Wed  7 Jan 22:42:13 GMT 2026: Set wallpaper to /home/solo/.config/hypr/wallpapers/mazda-mx5-miata-mazda-3351.jpg
Wed  7 Jan 22:44:13 GMT 2026: Set wallpaper to /home/solo/.config/hypr/wallpapers/2008-Mazda-Furai-Concept-004-1440.jpg
Wed  7 Jan 22:46:13 GMT 2026: Set wallpaper to /home/solo/.config/hypr/wallpapers/thumb-1920-1345403.jpeg
Wed  7 Jan 22:48:13 GMT 2026: Set wallpaper to /home/solo/.config/hypr/wallpapers/2008-Mazda-Furai-Concept-004-1440.jpg
Wed  7 Jan 22:50:13 GMT 2026: Set wallpaper to /home/solo/.config/hypr/wallpapers/hamilton_3079629.jpg
Wed  7 Jan 22:52:13 GMT 2026: Set wallpaper to /home/solo/.config/hypr/wallpapers/astize_cc0_split1.png
Wed  7 Jan 22:54:13 GMT 2026: Set wallpaper to /home/solo/.config/hypr/wallpapers/thumb-1920-1345403.jpeg
Wed  7 Jan 22:56:13 GMT 2026: Set wallpaper to /home/solo/.config/hypr/wallpapers/SoloLinux_Wallpaper_1.png
Wed  7 Jan 22:58:13 GMT 2026: Set wallpaper to /home/solo/.config/hypr/wallpapers/SoloLinux_Wallpaper_1.png
Wed  7 Jan 23:00:13 GMT 2026: Set wallpaper to /home/solo/.config/hypr/wallpapers/hamilton_3079629.jpg
Wed  7 Jan 23:02:13 GMT 2026: Set wallpaper to /home/solo/.config/hypr/wallpapers/2005-Ferrari-F430-007-1080.jpg
Wed  7 Jan 23:04:13 GMT 2026: Set wallpaper to /home/solo/.config/hypr/wallpapers/w11_wets.webp
Wed  7 Jan 23:06:13 GMT 2026: Set wallpaper to /home/solo/.config/hypr/wallpapers/mercedes_amg_f1_m11_eq_performance_4k-HD.jpg
Wed  7 Jan 23:08:13 GMT 2026: Set wallpaper to /home/solo/.config/hypr/wallpapers/w11_wets.webp
Wed  7 Jan 23:10:13 GMT 2026: Set wallpaper to /home/solo/.config/hypr/wallpapers/SilverW11.jpg
Wed  7 Jan 23:12:13 GMT 2026: Set wallpaper to /home/solo/.config/hypr/wallpapers/thumb-1920-1345403.jpeg
Wed  7 Jan 23:14:13 GMT 2026: Set wallpaper to /home/solo/.config/hypr/wallpapers/w11_wets.webp
Wed  7 Jan 23:16:13 GMT 2026: Set wallpaper to /home/solo/.config/hypr/wallpapers/SoloLinux_Wallpaper_1.png
Wed  7 Jan 23:18:13 GMT 2026: Set wallpaper to /home/solo/.config/hypr/wallpapers/W05.jpg
Wed  7 Jan 23:20:13 GMT 2026: Set wallpaper to /home/solo/.config/hypr/wallpapers/w11_pfp.webp
Wed  7 Jan 23:22:13 GMT 2026: Set wallpaper to /home/solo/.config/hypr/wallpapers/1968-Lamborghini-Miura-Jota-SVR-001-1080.jpg
Wed  7 Jan 23:24:13 GMT 2026: Set wallpaper to /home/solo/.config/hypr/wallpapers/2011-Mercedes-Benz-C63-AMG-Coupe-Black-001-1080.jpg
Wed  7 Jan 23:26:13 GMT 2026: Set wallpaper to /home/solo/.config/hypr/wallpapers/2009-Mercedes-Benz-SL-65-AMG-Black-003-1080.jpg
Wed  7 Jan 23:28:13 GMT 2026: Set wallpaper to /home/solo/.config/hypr/wallpapers/SoloLinux_Wallpaper_Blue_White_Text.png
Wed  7 Jan 23:30:13 GMT 2026: Set wallpaper to /home/solo/.config/hypr/wallpapers/2014-Mercedes-Benz-SLS-AMG-Black-Series-009-1440.jpg
Thu  8 Jan 13:36:39 GMT 2026: Set wallpaper to /home/solo/.config/hypr/wallpapers/mercedes_amg_f1_m11_eq_performance_4k-HD.jpg
Thu  8 Jan 13:38:39 GMT 2026: Set wallpaper to /home/solo/.config/hypr/wallpapers/2011-Mercedes-Benz-C63-AMG-Coupe-Black-002-1080.jpg
Thu  8 Jan 13:40:39 GMT 2026: Set wallpaper to /home/solo/.config/hypr/wallpapers/thumb-1920-1345403.jpeg
Thu  8 Jan 13:42:39 GMT 2026: Set wallpaper to /home/solo/.config/hypr/wallpapers/simple.png
Thu  8 Jan 13:44:39 GMT 2026: Set wallpaper to /home/solo/.config/hypr/wallpapers/1979-Canepa-BMW-M1-Procar_grey.png
Thu  8 Jan 13:46:39 GMT 2026: Set wallpaper to /home/solo/.config/hypr/wallpapers/thumb-1920-1345403.jpeg
Thu  8 Jan 13:48:39 GMT 2026: Set wallpaper to /home/solo/.config/hypr/wallpapers/mercedes_amg_f1_m11_eq_performance_4k-HD.jpg
Thu  8 Jan 13:50:39 GMT 2026: Set wallpaper to /home/solo/.config/hypr/wallpapers/2008-Mazda-Furai-Concept_grey.png
Thu  8 Jan 13:52:39 GMT 2026: Set wallpaper to /home/solo/.config/hypr/wallpapers/2008-Mazda-Furai-Concept_grey.png
Thu  8 Jan 13:54:39 GMT 2026: Set wallpaper to /home/solo/.config/hypr/wallpapers/SoloLinux_Wallpaper_Blue_White_Text.png
Thu  8 Jan 13:56:39 GMT 2026: Set wallpaper to /home/solo/.config/hypr/wallpapers/thumb-1920-1345403.jpeg
Thu  8 Jan 13:58:39 GMT 2026: Set wallpaper to /home/solo/.config/hypr/wallpapers/W05.jpg
Thu  8 Jan 14:00:39 GMT 2026: Set wallpaper to /home/solo/.config/hypr/wallpapers/w11_wets.webp
Thu  8 Jan 14:02:39 GMT 2026: Set wallpaper to /home/solo/.config/hypr/wallpapers/simple.png
Thu  8 Jan 14:04:39 GMT 2026: Set wallpaper to /home/solo/.config/hypr/wallpapers/simple.png
Thu  8 Jan 14:08:24 GMT 2026: Set wallpaper to /home/solo/.config/hypr/wallpapers/w11_wets.webp
Thu  8 Jan 14:10:24 GMT 2026: Set wallpaper to /home/solo/.config/hypr/wallpapers/mercedes-w11.webp
Thu  8 Jan 16:15:34 GMT 2026: Set wallpaper to /home/solo/.config/hypr/wallpapers/SilverW11.jpg
Thu  8 Jan 16:17:34 GMT 2026: Set wallpaper to /home/solo/.config/hypr/wallpapers/1979-Canepa-BMW-M1-Procar_grey.png
Thu  8 Jan 16:19:34 GMT 2026: Set wallpaper to /home/solo/.config/hypr/wallpapers/astize_cc0_split1.png
Thu  8 Jan 16:21:34 GMT 2026: Set wallpaper to /home/solo/.config/hypr/wallpapers/hamilton_3079629.jpg
Thu  8 Jan 16:23:34 GMT 2026: Set wallpaper to /home/solo/.config/hypr/wallpapers/1979-Canepa-BMW-M1-Procar_grey.png
Thu  8 Jan 16:25:34 GMT 2026: Set wallpaper to /home/solo/.config/hypr/wallpapers/2014-Mercedes-Benz-SLS-AMG-Black-Series-009-1440.jpg
Thu  8 Jan 16:27:34 GMT 2026: Set wallpaper to /home/solo/.config/hypr/wallpapers/SoloLinux_Wallpaper_1.png
Thu  8 Jan 16:29:34 GMT 2026: Set wallpaper to /home/solo/.config/hypr/wallpapers/2014-Mercedes-Benz-SLS-AMG-Black-Series-009-1440.jpg
Thu  8 Jan 16:31:34 GMT 2026: Set wallpaper to /home/solo/.config/hypr/wallpapers/mazda-mx5-miata-mazda-3351.jpg
Thu  8 Jan 16:33:34 GMT 2026: Set wallpaper to /home/solo/.config/hypr/wallpapers/2009-Mercedes-Benz-SL-65-AMG-Black-003-1080.jpg
Thu  8 Jan 16:35:34 GMT 2026: Set wallpaper to /home/solo/.config/hypr/wallpapers/2011-Mercedes-Benz-C63-AMG-Coupe-Black-001-1080.jpg
Thu  8 Jan 16:37:34 GMT 2026: Set wallpaper to /home/solo/.config/hypr/wallpapers/1968-Lamborghini-Miura-Jota-SVR-001-1080.jpg
Thu  8 Jan 16:39:34 GMT 2026: Set wallpaper to /home/solo/.config/hypr/wallpapers/SoloLinux_Wallpaper_1.png
Thu  8 Jan 16:41:35 GMT 2026: Set wallpaper to /home/solo/.config/hypr/wallpapers/w11_wets.webp
Thu  8 Jan 16:43:35 GMT 2026: Set wallpaper to /home/solo/.config/hypr/wallpapers/hamilton_3079629.jpg
Thu  8 Jan 16:45:35 GMT 2026: Set wallpaper to /home/solo/.config/hypr/wallpapers/hamilton_3079629.jpg
Thu  8 Jan 20:08:55 GMT 2026: Set wallpaper to /home/solo/.config/hypr/wallpapers/linux-nitros-dark-ov.jpg
Thu  8 Jan 20:10:55 GMT 2026: Set wallpaper to /home/solo/.config/hypr/wallpapers/thumb-1920-1345403.jpeg
Thu  8 Jan 20:12:55 GMT 2026: Set wallpaper to /home/solo/.config/hypr/wallpapers/W11_with_DRS.jpg
Thu  8 Jan 20:14:55 GMT 2026: Set wallpaper to /home/solo/.config/hypr/wallpapers/2009-Mercedes-Benz-SL-65-AMG-Black-003-1080.jpg
Thu  8 Jan 20:16:55 GMT 2026: Set wallpaper to /home/solo/.config/hypr/wallpapers/linux-nitros-dark-ov.jpg
Thu  8 Jan 20:18:55 GMT 2026: Set wallpaper to /home/solo/.config/hypr/wallpapers/hyprland_wallpaper.png
Thu  8 Jan 20:20:56 GMT 2026: Set wallpaper to /home/solo/.config/hypr/wallpapers/hyprland_wallpaper.png
Thu  8 Jan 20:22:56 GMT 2026: Set wallpaper to /home/solo/.config/hypr/wallpapers/hamilton_3079629.jpg
Thu  8 Jan 20:24:56 GMT 2026: Set wallpaper to /home/solo/.config/hypr/wallpapers/w11_pfp.webp
Thu  8 Jan 20:26:56 GMT 2026: Set wallpaper to /home/solo/.config/hypr/wallpapers/SoloLinux_Blue_And_WHite_Text_Dark.png
Thu  8 Jan 20:28:56 GMT 2026: Set wallpaper to /home/solo/.config/hypr/wallpapers/thumb-1920-1345403.jpeg
Thu  8 Jan 20:30:56 GMT 2026: Set wallpaper to /home/solo/.config/hypr/wallpapers/w05.webp
Thu  8 Jan 20:32:56 GMT 2026: Set wallpaper to /home/solo/.config/hypr/wallpapers/2015-Porsche-918-Spyder-012-1440.jpg
Thu  8 Jan 20:34:56 GMT 2026: Set wallpaper to /home/solo/.config/hypr/wallpapers/w11_pfp.webp
Thu  8 Jan 20:36:56 GMT 2026: Set wallpaper to /home/solo/.config/hypr/wallpapers/w11_wets.webp
Thu  8 Jan 20:38:56 GMT 2026: Set wallpaper to /home/solo/.config/hypr/wallpapers/thumb-1920-1345403.jpeg
Thu  8 Jan 20:40:56 GMT 2026: Set wallpaper to /home/solo/.config/hypr/wallpapers/mazda-mx5-miata-mazda-3351.jpg
Thu  8 Jan 20:42:56 GMT 2026: Set wallpaper to /home/solo/.config/hypr/wallpapers/hamilton_3079629.jpg
Thu  8 Jan 20:44:56 GMT 2026: Set wallpaper to /home/solo/.config/hypr/wallpapers/W05.jpg
Fri  9 Jan 00:11:57 GMT 2026: Set wallpaper to /home/solo/.config/hypr/wallpapers/astize_cc0_split1.png
Fri  9 Jan 00:13:57 GMT 2026: Set wallpaper to /home/solo/.config/hypr/wallpapers/mazda-mx5-miata-mazda-3351.jpg
Fri  9 Jan 00:15:57 GMT 2026: Set wallpaper to /home/solo/.config/hypr/wallpapers/w11_pfp.webp
Fri  9 Jan 00:17:57 GMT 2026: Set wallpaper to /home/solo/.config/hypr/wallpapers/W05.jpg
Fri  9 Jan 00:19:57 GMT 2026: Set wallpaper to /home/solo/.config/hypr/wallpapers/2005-Ferrari-F430-007-1080.jpg
Fri  9 Jan 00:21:57 GMT 2026: Set wallpaper to /home/solo/.config/hypr/wallpapers/2005-Ferrari-F430-007-1080.jpg
Fri  9 Jan 00:23:57 GMT 2026: Set wallpaper to /home/solo/.config/hypr/wallpapers/2005-Ferrari-F430-007-1080.jpg
Fri  9 Jan 00:25:57 GMT 2026: Set wallpaper to /home/solo/.config/hypr/wallpapers/hamilton_3079629.jpg
Fri  9 Jan 00:27:57 GMT 2026: Set wallpaper to /home/solo/.config/hypr/wallpapers/SoloLinux_Wallpaper_1.png
Fri  9 Jan 00:29:57 GMT 2026: Set wallpaper to /home/solo/.config/hypr/wallpapers/thumb-1920-1345403.jpeg
Fri  9 Jan 00:31:57 GMT 2026: Set wallpaper to /home/solo/.config/hypr/wallpapers/2011-Mercedes-Benz-C63-AMG-Coupe-Black-001-1080.jpg
Fri  9 Jan 00:33:57 GMT 2026: Set wallpaper to /home/solo/.config/hypr/wallpapers/2019-Bugatti-Divo.jpg
Fri  9 Jan 00:35:57 GMT 2026: Set wallpaper to /home/solo/.config/hypr/wallpapers/astize_cc0_split1.png
Fri  9 Jan 00:37:57 GMT 2026: Set wallpaper to /home/solo/.config/hypr/wallpapers/SoloLinux4.png
Fri  9 Jan 00:39:57 GMT 2026: Set wallpaper to /home/solo/.config/hypr/wallpapers/2014-Mercedes-Benz-SLS-AMG-Black-Series-009-1440.jpg
Fri  9 Jan 00:41:57 GMT 2026: Set wallpaper to /home/solo/.config/hypr/wallpapers/2015-Porsche-918-Spyder-012-1440.jpg
Fri  9 Jan 00:43:57 GMT 2026: Set wallpaper to /home/solo/.config/hypr/wallpapers/mercedes-w11.webp
Fri  9 Jan 00:45:57 GMT 2026: Set wallpaper to /home/solo/.config/hypr/wallpapers/thumb-1920-1345403.jpeg
Fri  9 Jan 00:47:57 GMT 2026: Set wallpaper to /home/solo/.config/hypr/wallpapers/w05.webp
Fri  9 Jan 00:49:57 GMT 2026: Set wallpaper to /home/solo/.config/hypr/wallpapers/2011-Mercedes-Benz-C63-AMG-Coupe-Black-001-1080.jpg
Fri  9 Jan 00:51:57 GMT 2026: Set wallpaper to /home/solo/.config/hypr/wallpapers/2008-Mazda-Furai-Concept-004-1440.jpg
Fri  9 Jan 00:53:57 GMT 2026: Set wallpaper to /home/solo/.config/hypr/wallpapers/mazda-mx5-miata-mazda-3351.jpg
Fri  9 Jan 00:55:57 GMT 2026: Set wallpaper to /home/solo/.config/hypr/wallpapers/SoloLinux_Wallpaper_1.png
Fri  9 Jan 00:57:57 GMT 2026: Set wallpaper to /home/solo/.config/hypr/wallpapers/2005-Ferrari-F430-007-1080.jpg
Fri  9 Jan 00:59:57 GMT 2026: Set wallpaper to /home/solo/.config/hypr/wallpapers/hamilton_3079629.jpg
Fri  9 Jan 01:01:57 GMT 2026: Set wallpaper to /home/solo/.config/hypr/wallpapers/SoloLinux4.png
Fri  9 Jan 01:03:57 GMT 2026: Set wallpaper to /home/solo/.config/hypr/wallpapers/linux-nitros-dark-ov.jpg
Fri  9 Jan 01:05:57 GMT 2026: Set wallpaper to /home/solo/.config/hypr/wallpapers/2009-Mercedes-Benz-SL-65-AMG-Black-003-1080.jpg
Fri  9 Jan 01:07:57 GMT 2026: Set wallpaper to /home/solo/.config/hypr/wallpapers/hamilton_3079629.jpg
Fri  9 Jan 01:09:57 GMT 2026: Set wallpaper to /home/solo/.config/hypr/wallpapers/SoloLinux4.png
Fri  9 Jan 01:11:58 GMT 2026: Set wallpaper to /home/solo/.config/hypr/wallpapers/W05.jpg
Fri  9 Jan 01:13:58 GMT 2026: Set wallpaper to /home/solo/.config/hypr/wallpapers/2019-Bugatti-Divo.jpg
Fri  9 Jan 01:15:58 GMT 2026: Set wallpaper to /home/solo/.config/hypr/wallpapers/2005-Ferrari-F430-007-1080.jpg
Fri  9 Jan 01:17:58 GMT 2026: Set wallpaper to /home/solo/.config/hypr/wallpapers/SoloLinux_Wallpaper_1.png
Fri  9 Jan 10:57:53 GMT 2026: Set wallpaper to /home/solo/.config/hypr/wallpapers/w05.webp
Fri  9 Jan 10:59:53 GMT 2026: Set wallpaper to /home/solo/.config/hypr/wallpapers/w11_wets.webp
Fri  9 Jan 11:01:53 GMT 2026: Set wallpaper to /home/solo/.config/hypr/wallpapers/mazda-mx5-miata-mazda-3351.jpg
Fri  9 Jan 11:03:53 GMT 2026: Set wallpaper to /home/solo/.config/hypr/wallpapers/2014-Mercedes-Benz-SLS-AMG-Black-Series-009-1440.jpg
Fri  9 Jan 11:05:53 GMT 2026: Set wallpaper to /home/solo/.config/hypr/wallpapers/2009-Mercedes-Benz-SL-65-AMG-Black-003-1080.jpg
Fri  9 Jan 11:07:53 GMT 2026: Set wallpaper to /home/solo/.config/hypr/wallpapers/w11_pfp.webp
Fri  9 Jan 11:09:53 GMT 2026: Set wallpaper to /home/solo/.config/hypr/wallpapers/w11_pfp.webp
Fri  9 Jan 11:11:53 GMT 2026: Set wallpaper to /home/solo/.config/hypr/wallpapers/thumb-1920-1345403.jpeg
Fri  9 Jan 11:13:53 GMT 2026: Set wallpaper to /home/solo/.config/hypr/wallpapers/SoloLinux4.png
Fri  9 Jan 11:15:53 GMT 2026: Set wallpaper to /home/solo/.config/hypr/wallpapers/linux-nitros-dark-ov.jpg
Fri  9 Jan 11:17:53 GMT 2026: Set wallpaper to /home/solo/.config/hypr/wallpapers/2011-Mercedes-Benz-C63-AMG-Coupe-Black-001-1080.jpg
Fri  9 Jan 11:19:53 GMT 2026: Set wallpaper to /home/solo/.config/hypr/wallpapers/W11_with_DRS.jpg
Fri  9 Jan 11:21:53 GMT 2026: Set wallpaper to /home/solo/.config/hypr/wallpapers/thumb-1920-1345403.jpeg
Fri  9 Jan 11:23:53 GMT 2026: Set wallpaper to /home/solo/.config/hypr/wallpapers/linux-nitros-dark-ov.jpg
Fri  9 Jan 11:25:53 GMT 2026: Set wallpaper to /home/solo/.config/hypr/wallpapers/w11_pfp.webp
Fri  9 Jan 11:27:53 GMT 2026: Set wallpaper to /home/solo/.config/hypr/wallpapers/1968-Lamborghini-Miura-Jota-SVR-001-1080.jpg
Fri  9 Jan 12:53:30 GMT 2026: Set wallpaper to /home/solo/.config/hypr/wallpapers/SoloLinux_Wallpaper_Blue_White_Text.png
Fri  9 Jan 12:56:57 GMT 2026: Set wallpaper to /home/solo/.config/hypr/wallpapers/SoloLinux_Wallpaper_Blue_White_Text.png
Fri  9 Jan 12:58:57 GMT 2026: Set wallpaper to /home/solo/.config/hypr/wallpapers/2005-Ferrari-F430-007-1080.jpg
Fri  9 Jan 13:00:57 GMT 2026: Set wallpaper to /home/solo/.config/hypr/wallpapers/W05.jpg
Fri  9 Jan 13:02:57 GMT 2026: Set wallpaper to /home/solo/.config/hypr/wallpapers/2014-Mercedes-Benz-SLS-AMG-Black-Series-009-1440.jpg
Fri  9 Jan 13:04:57 GMT 2026: Set wallpaper to /home/solo/.config/hypr/wallpapers/W11_with_DRS.jpg
Fri  9 Jan 13:06:57 GMT 2026: Set wallpaper to /home/solo/.config/hypr/wallpapers/SoloLinux_Wallpaper_1.png
Fri  9 Jan 13:08:57 GMT 2026: Set wallpaper to /home/solo/.config/hypr/wallpapers/2009-Mercedes-Benz-SL-65-AMG-Black-003-1080.jpg
Fri  9 Jan 13:10:57 GMT 2026: Set wallpaper to /home/solo/.config/hypr/wallpapers/SoloLinux_Wallpaper_1.png
Fri  9 Jan 13:12:57 GMT 2026: Set wallpaper to /home/solo/.config/hypr/wallpapers/2015-Porsche-918-Spyder-012-1440.jpg
Fri  9 Jan 13:14:57 GMT 2026: Set wallpaper to /home/solo/.config/hypr/wallpapers/2014-Mercedes-Benz-SLS-AMG-Black-Series-009-1440.jpg
Fri  9 Jan 13:16:57 GMT 2026: Set wallpaper to /home/solo/.config/hypr/wallpapers/linux-nitros-dark-ov.jpg
Fri  9 Jan 13:18:57 GMT 2026: Set wallpaper to /home/solo/.config/hypr/wallpapers/hyprland_wallpaper.png
Fri  9 Jan 13:20:57 GMT 2026: Set wallpaper to /home/solo/.config/hypr/wallpapers/2005-Ferrari-F430-007-1080.jpg
Fri  9 Jan 13:22:57 GMT 2026: Set wallpaper to /home/solo/.config/hypr/wallpapers/w05.webp
Fri  9 Jan 13:24:57 GMT 2026: Set wallpaper to /home/solo/.config/hypr/wallpapers/2011-Mercedes-Benz-C63-AMG-Coupe-Black-001-1080.jpg
Fri  9 Jan 21:46:26 GMT 2026: Set wallpaper to /home/solo/.config/hypr/wallpapers/SoloLinux_Blue_And_WHite_Text_Dark.png
Fri  9 Jan 21:48:26 GMT 2026: Set wallpaper to /home/solo/.config/hypr/wallpapers/2008-Mazda-Furai-Concept_grey.png
Fri  9 Jan 21:50:26 GMT 2026: Set wallpaper to /home/solo/.config/hypr/wallpapers/w11_pfp.webp
Fri  9 Jan 21:52:26 GMT 2026: Set wallpaper to /home/solo/.config/hypr/wallpapers/SilverW11.jpg
Fri  9 Jan 21:54:26 GMT 2026: Set wallpaper to /home/solo/.config/hypr/wallpapers/2019-Bugatti-Divo.jpg
Fri  9 Jan 21:56:26 GMT 2026: Set wallpaper to /home/solo/.config/hypr/wallpapers/2005-Ferrari-F430-007-1080.jpg
Fri  9 Jan 21:58:26 GMT 2026: Set wallpaper to /home/solo/.config/hypr/wallpapers/mercedes-w11.webp
Fri  9 Jan 22:00:26 GMT 2026: Set wallpaper to /home/solo/.config/hypr/wallpapers/2005-Ferrari-F430-007-1080.jpg
Fri  9 Jan 22:02:26 GMT 2026: Set wallpaper to /home/solo/.config/hypr/wallpapers/SilverW11.jpg
Fri  9 Jan 22:04:26 GMT 2026: Set wallpaper to /home/solo/.config/hypr/wallpapers/mercedes-w11.webp
Fri  9 Jan 22:06:26 GMT 2026: Set wallpaper to /home/solo/.config/hypr/wallpapers/w05.webp
Fri  9 Jan 22:08:26 GMT 2026: Set wallpaper to /home/solo/.config/hypr/wallpapers/mercedes-w11.webp
Fri  9 Jan 22:10:26 GMT 2026: Set wallpaper to /home/solo/.config/hypr/wallpapers/2008-Mazda-Furai-Concept-004-1440.jpg
Fri  9 Jan 22:12:26 GMT 2026: Set wallpaper to /home/solo/.config/hypr/wallpapers/2011-Mercedes-Benz-C63-AMG-Coupe-Black-001-1080.jpg
Fri  9 Jan 22:14:26 GMT 2026: Set wallpaper to /home/solo/.config/hypr/wallpapers/2014-Mercedes-Benz-SLS-AMG-Black-Series-009-1440.jpg
Fri  9 Jan 22:16:26 GMT 2026: Set wallpaper to /home/solo/.config/hypr/wallpapers/2008-Mazda-Furai-Concept-004-1440.jpg
Fri  9 Jan 22:18:26 GMT 2026: Set wallpaper to /home/solo/.config/hypr/wallpapers/SoloLinux_Wallpaper_Blue_White_Text.png
Sat 10 Jan 13:54:40 GMT 2026: Set wallpaper to /home/solo/.config/hypr/wallpapers/hamilton_3079629.jpg
Sat 10 Jan 13:56:40 GMT 2026: Set wallpaper to /home/solo/.config/hypr/wallpapers/2005-Ferrari-F430-007-1080.jpg
Sat 10 Jan 13:58:40 GMT 2026: Set wallpaper to /home/solo/.config/hypr/wallpapers/2008-Mazda-Furai-Concept-004-1440.jpg
Sat 10 Jan 14:00:40 GMT 2026: Set wallpaper to /home/solo/.config/hypr/wallpapers/W11_with_DRS.jpg
Sat 10 Jan 14:02:40 GMT 2026: Set wallpaper to /home/solo/.config/hypr/wallpapers/2015-Porsche-918-Spyder-012-1440.jpg
Sat 10 Jan 14:04:40 GMT 2026: Set wallpaper to /home/solo/.config/hypr/wallpapers/2014-Mercedes-Benz-SLS-AMG-Black-Series-009-1440.jpg
Sat 10 Jan 14:06:40 GMT 2026: Set wallpaper to /home/solo/.config/hypr/wallpapers/SoloLinux_Blue_And_WHite_Text_Dark.png
Sat 10 Jan 14:08:40 GMT 2026: Set wallpaper to /home/solo/.config/hypr/wallpapers/1979-Canepa-BMW-M1-Procar_grey.png
Sat 10 Jan 14:10:40 GMT 2026: Set wallpaper to /home/solo/.config/hypr/wallpapers/2005-Ferrari-F430-007-1080.jpg
Sat 10 Jan 14:12:40 GMT 2026: Set wallpaper to /home/solo/.config/hypr/wallpapers/W11_with_DRS.jpg
Sat 10 Jan 14:14:40 GMT 2026: Set wallpaper to /home/solo/.config/hypr/wallpapers/mazda-mx5-miata-mazda-3351.jpg
Sat 10 Jan 14:16:40 GMT 2026: Set wallpaper to /home/solo/.config/hypr/wallpapers/linux-nitros-dark-ov.jpg
Sat 10 Jan 14:18:40 GMT 2026: Set wallpaper to /home/solo/.config/hypr/wallpapers/2019-Bugatti-Divo.jpg
Sat 10 Jan 14:20:40 GMT 2026: Set wallpaper to /home/solo/.config/hypr/wallpapers/1968-Lamborghini-Miura-Jota-SVR-001-1080.jpg
Sat 10 Jan 14:22:40 GMT 2026: Set wallpaper to /home/solo/.config/hypr/wallpapers/W05.jpg
Sat 10 Jan 14:24:40 GMT 2026: Set wallpaper to /home/solo/.config/hypr/wallpapers/SoloLinux4.png
Sat 10 Jan 14:26:40 GMT 2026: Set wallpaper to /home/solo/.config/hypr/wallpapers/2009-Mercedes-Benz-SL-65-AMG-Black-003-1080.jpg
Sat 10 Jan 22:12:02 GMT 2026: Set wallpaper to /home/solo/.config/hypr/wallpapers/astize_cc0_split1.png
Sat 10 Jan 22:14:02 GMT 2026: Set wallpaper to /home/solo/.config/hypr/wallpapers/2015-Porsche-918-Spyder-012-1440.jpg
Sat 10 Jan 22:16:02 GMT 2026: Set wallpaper to /home/solo/.config/hypr/wallpapers/W11_with_DRS.jpg
Sat 10 Jan 22:18:02 GMT 2026: Set wallpaper to /home/solo/.config/hypr/wallpapers/1968-Lamborghini-Miura-Jota-SVR-001-1080.jpg
Sat 10 Jan 22:20:02 GMT 2026: Set wallpaper to /home/solo/.config/hypr/wallpapers/astize_cc0_split1.png
Sat 10 Jan 22:22:02 GMT 2026: Set wallpaper to /home/solo/.config/hypr/wallpapers/W05.jpg
Sat 10 Jan 22:24:02 GMT 2026: Set wallpaper to /home/solo/.config/hypr/wallpapers/hyprland_wallpaper.png
Sat 10 Jan 22:26:02 GMT 2026: Set wallpaper to /home/solo/.config/hypr/wallpapers/SilverW11.jpg
Sat 10 Jan 22:28:02 GMT 2026: Set wallpaper to /home/solo/.config/hypr/wallpapers/2019-Bugatti-Divo.jpg
Sat 10 Jan 22:30:02 GMT 2026: Set wallpaper to /home/solo/.config/hypr/wallpapers/SilverW11.jpg
Sat 10 Jan 22:32:02 GMT 2026: Set wallpaper to /home/solo/.config/hypr/wallpapers/linux-nitros-dark-ov.jpg
Sat 10 Jan 23:46:19 GMT 2026: Set wallpaper to /home/solo/.config/hypr/wallpapers/SoloLinux_Blue_And_WHite_Text_Dark.png
Sat 10 Jan 23:48:19 GMT 2026: Set wallpaper to /home/solo/.config/hypr/wallpapers/SilverW11.jpg
Sat 10 Jan 23:50:19 GMT 2026: Set wallpaper to /home/solo/.config/hypr/wallpapers/2009-Mercedes-Benz-SL-65-AMG-Black-003-1080.jpg
Sat 10 Jan 23:52:19 GMT 2026: Set wallpaper to /home/solo/.config/hypr/wallpapers/hamilton_3079629.jpg
Sat 10 Jan 23:54:19 GMT 2026: Set wallpaper to /home/solo/.config/hypr/wallpapers/2008-Mazda-Furai-Concept-004-1440.jpg
Sat 10 Jan 23:56:19 GMT 2026: Set wallpaper to /home/solo/.config/hypr/wallpapers/W05.jpg
Sat 10 Jan 23:58:19 GMT 2026: Set wallpaper to /home/solo/.config/hypr/wallpapers/SoloLinux_Wallpaper_Blue_White_Text.png
Sun 11 Jan 00:00:19 GMT 2026: Set wallpaper to /home/solo/.config/hypr/wallpapers/thumb-1920-1345403.jpeg
Sun 11 Jan 00:02:19 GMT 2026: Set wallpaper to /home/solo/.config/hypr/wallpapers/2011-Mercedes-Benz-C63-AMG-Coupe-Black-002-1080.jpg
Sun 11 Jan 00:04:19 GMT 2026: Set wallpaper to /home/solo/.config/hypr/wallpapers/linux-nitros-dark-ov.jpg
Sun 11 Jan 00:06:19 GMT 2026: Set wallpaper to /home/solo/.config/hypr/wallpapers/2008-Mazda-Furai-Concept-004-1440.jpg
Sun 11 Jan 00:08:19 GMT 2026: Set wallpaper to /home/solo/.config/hypr/wallpapers/simple.png
Sun 11 Jan 00:10:19 GMT 2026: Set wallpaper to /home/solo/.config/hypr/wallpapers/2011-Mercedes-Benz-C63-AMG-Coupe-Black-002-1080.jpg
Sun 11 Jan 00:12:19 GMT 2026: Set wallpaper to /home/solo/.config/hypr/wallpapers/2019-Bugatti-Divo.jpg
Sun 11 Jan 00:14:19 GMT 2026: Set wallpaper to /home/solo/.config/hypr/wallpapers/W05.jpg
Sun 11 Jan 00:16:19 GMT 2026: Set wallpaper to /home/solo/.config/hypr/wallpapers/linux-nitros-dark-ov.jpg
Sun 11 Jan 00:18:19 GMT 2026: Set wallpaper to /home/solo/.config/hypr/wallpapers/astize_cc0_split1.png
Sun 11 Jan 00:20:19 GMT 2026: Set wallpaper to /home/solo/.config/hypr/wallpapers/SoloLinux_Blue_And_WHite_Text_Dark.png
Sun 11 Jan 00:22:19 GMT 2026: Set wallpaper to /home/solo/.config/hypr/wallpapers/w11_pfp.webp
Sun 11 Jan 00:24:19 GMT 2026: Set wallpaper to /home/solo/.config/hypr/wallpapers/2009-Mercedes-Benz-SL-65-AMG-Black-003-1080.jpg
Sun 11 Jan 06:55:34 GMT 2026: Set wallpaper to /home/solo/.config/hypr/wallpapers/SoloLinux4.png
Sun 11 Jan 07:09:08 GMT 2026: Set wallpaper to /home/solo/.config/hypr/wallpapers/SoloLinux4.png
Sun 11 Jan 07:11:08 GMT 2026: Set wallpaper to /home/solo/.config/hypr/wallpapers/mazda-mx5-miata-mazda-3351.jpg
Sun 11 Jan 07:13:08 GMT 2026: Set wallpaper to /home/solo/.config/hypr/wallpapers/thumb-1920-1345403.jpeg
Sun 11 Jan 07:15:08 GMT 2026: Set wallpaper to /home/solo/.config/hypr/wallpapers/W11_with_DRS.jpg
Sun 11 Jan 07:17:08 GMT 2026: Set wallpaper to /home/solo/.config/hypr/wallpapers/2015-Porsche-918-Spyder-012-1440.jpg
Sun 11 Jan 07:19:08 GMT 2026: Set wallpaper to /home/solo/.config/hypr/wallpapers/2008-Mazda-Furai-Concept_grey.png
Sun 11 Jan 07:21:08 GMT 2026: Set wallpaper to /home/solo/.config/hypr/wallpapers/linux-nitros-dark-ov.jpg
Sun 11 Jan 07:23:08 GMT 2026: Set wallpaper to /home/solo/.config/hypr/wallpapers/1968-Lamborghini-Miura-Jota-SVR-001-1080.jpg
Sun 11 Jan 07:25:08 GMT 2026: Set wallpaper to /home/solo/.config/hypr/wallpapers/2005-Ferrari-F430-007-1080.jpg
Sun 11 Jan 07:27:08 GMT 2026: Set wallpaper to /home/solo/.config/hypr/wallpapers/mercedes_amg_f1_m11_eq_performance_4k-HD.jpg
Sun 11 Jan 07:29:08 GMT 2026: Set wallpaper to /home/solo/.config/hypr/wallpapers/2011-Mercedes-Benz-C63-AMG-Coupe-Black-001-1080.jpg
Sun 11 Jan 07:31:08 GMT 2026: Set wallpaper to /home/solo/.config/hypr/wallpapers/2008-Mazda-Furai-Concept_grey.png
Sun 11 Jan 07:33:08 GMT 2026: Set wallpaper to /home/solo/.config/hypr/wallpapers/SoloLinux_Wallpaper_Blue_White_Text.png
Sun 11 Jan 07:35:08 GMT 2026: Set wallpaper to /home/solo/.config/hypr/wallpapers/mazda-mx5-miata-mazda-3351.jpg
Sun 11 Jan 07:37:08 GMT 2026: Set wallpaper to /home/solo/.config/hypr/wallpapers/w11_pfp.webp
Sun 11 Jan 07:39:08 GMT 2026: Set wallpaper to /home/solo/.config/hypr/wallpapers/hamilton_3079629.jpg
Sun 11 Jan 07:41:08 GMT 2026: Set wallpaper to /home/solo/.config/hypr/wallpapers/2009-Mercedes-Benz-SL-65-AMG-Black-003-1080.jpg
Sun 11 Jan 07:43:08 GMT 2026: Set wallpaper to /home/solo/.config/hypr/wallpapers/2011-Mercedes-Benz-C63-AMG-Coupe-Black-002-1080.jpg
Sun 11 Jan 07:45:09 GMT 2026: Set wallpaper to /home/solo/.config/hypr/wallpapers/1979-Canepa-BMW-M1-Procar_grey.png
Sun 11 Jan 07:47:09 GMT 2026: Set wallpaper to /home/solo/.config/hypr/wallpapers/mercedes_amg_f1_m11_eq_performance_4k-HD.jpg
Sun 11 Jan 07:49:09 GMT 2026: Set wallpaper to /home/solo/.config/hypr/wallpapers/simple.png
Sun 11 Jan 07:51:09 GMT 2026: Set wallpaper to /home/solo/.config/hypr/wallpapers/2008-Mazda-Furai-Concept_grey.png
Sun 11 Jan 07:53:09 GMT 2026: Set wallpaper to /home/solo/.config/hypr/wallpapers/2011-Mercedes-Benz-C63-AMG-Coupe-Black-001-1080.jpg
Sun 11 Jan 07:55:09 GMT 2026: Set wallpaper to /home/solo/.config/hypr/wallpapers/astize_cc0_split1.png
Sun 11 Jan 07:57:09 GMT 2026: Set wallpaper to /home/solo/.config/hypr/wallpapers/mercedes-w11.webp
Sun 11 Jan 07:59:09 GMT 2026: Set wallpaper to /home/solo/.config/hypr/wallpapers/mercedes-w11.webp
Sun 11 Jan 08:01:09 GMT 2026: Set wallpaper to /home/solo/.config/hypr/wallpapers/2005-Ferrari-F430-007-1080.jpg
Sun 11 Jan 08:03:09 GMT 2026: Set wallpaper to /home/solo/.config/hypr/wallpapers/mercedes_amg_f1_m11_eq_performance_4k-HD.jpg
Sun 11 Jan 08:05:09 GMT 2026: Set wallpaper to /home/solo/.config/hypr/wallpapers/mazda-mx5-miata-mazda-3351.jpg
Sun 11 Jan 08:07:09 GMT 2026: Set wallpaper to /home/solo/.config/hypr/wallpapers/hamilton_3079629.jpg
Sun 11 Jan 08:09:09 GMT 2026: Set wallpaper to /home/solo/.config/hypr/wallpapers/mazda-mx5-miata-mazda-3351.jpg
Sun 11 Jan 08:11:09 GMT 2026: Set wallpaper to /home/solo/.config/hypr/wallpapers/2014-Mercedes-Benz-SLS-AMG-Black-Series-009-1440.jpg
Sun 11 Jan 08:13:09 GMT 2026: Set wallpaper to /home/solo/.config/hypr/wallpapers/2009-Mercedes-Benz-SL-65-AMG-Black-003-1080.jpg
Sun 11 Jan 08:15:09 GMT 2026: Set wallpaper to /home/solo/.config/hypr/wallpapers/SoloLinux4.png
Sun 11 Jan 08:17:09 GMT 2026: Set wallpaper to /home/solo/.config/hypr/wallpapers/SoloLinux_Blue_And_WHite_Text_Dark.png
Sun 11 Jan 08:19:09 GMT 2026: Set wallpaper to /home/solo/.config/hypr/wallpapers/w05.webp
Sun 11 Jan 08:21:09 GMT 2026: Set wallpaper to /home/solo/.config/hypr/wallpapers/W05.jpg
Sun 11 Jan 08:23:09 GMT 2026: Set wallpaper to /home/solo/.config/hypr/wallpapers/thumb-1920-1345403.jpeg
Sun 11 Jan 08:25:09 GMT 2026: Set wallpaper to /home/solo/.config/hypr/wallpapers/2014-Mercedes-Benz-SLS-AMG-Black-Series-009-1440.jpg
Sun 11 Jan 08:27:09 GMT 2026: Set wallpaper to /home/solo/.config/hypr/wallpapers/thumb-1920-1345403.jpeg
Sun 11 Jan 08:29:09 GMT 2026: Set wallpaper to /home/solo/.config/hypr/wallpapers/hyprland_wallpaper.png
Sun 11 Jan 08:31:09 GMT 2026: Set wallpaper to /home/solo/.config/hypr/wallpapers/2015-Porsche-918-Spyder-012-1440.jpg
Sun 11 Jan 10:35:06 GMT 2026: Set wallpaper to /home/solo/.config/hypr/wallpapers/W05.jpg
Sun 11 Jan 10:37:06 GMT 2026: Set wallpaper to /home/solo/.config/hypr/wallpapers/simple.png
Sun 11 Jan 10:39:06 GMT 2026: Set wallpaper to /home/solo/.config/hypr/wallpapers/SoloLinux_Blue_And_WHite_Text_Dark.png
Sun 11 Jan 10:41:06 GMT 2026: Set wallpaper to /home/solo/.config/hypr/wallpapers/SilverW11.jpg
Sun 11 Jan 10:43:06 GMT 2026: Set wallpaper to /home/solo/.config/hypr/wallpapers/2011-Mercedes-Benz-C63-AMG-Coupe-Black-002-1080.jpg
Sun 11 Jan 10:45:06 GMT 2026: Set wallpaper to /home/solo/.config/hypr/wallpapers/2008-Mazda-Furai-Concept_grey.png
Sun 11 Jan 10:47:06 GMT 2026: Set wallpaper to /home/solo/.config/hypr/wallpapers/hamilton_3079629.jpg
Sun 11 Jan 10:49:06 GMT 2026: Set wallpaper to /home/solo/.config/hypr/wallpapers/SoloLinux4.png
Sun 11 Jan 10:51:06 GMT 2026: Set wallpaper to /home/solo/.config/hypr/wallpapers/SilverW11.jpg
Sun 11 Jan 10:53:06 GMT 2026: Set wallpaper to /home/solo/.config/hypr/wallpapers/mercedes_amg_f1_m11_eq_performance_4k-HD.jpg
Sun 11 Jan 10:55:06 GMT 2026: Set wallpaper to /home/solo/.config/hypr/wallpapers/2011-Mercedes-Benz-C63-AMG-Coupe-Black-002-1080.jpg
Sun 11 Jan 10:57:06 GMT 2026: Set wallpaper to /home/solo/.config/hypr/wallpapers/SoloLinux_Blue_And_WHite_Text_Dark.png
Sun 11 Jan 10:59:06 GMT 2026: Set wallpaper to /home/solo/.config/hypr/wallpapers/2009-Mercedes-Benz-SL-65-AMG-Black-003-1080.jpg
Sun 11 Jan 11:01:06 GMT 2026: Set wallpaper to /home/solo/.config/hypr/wallpapers/SoloLinux_Blue_And_WHite_Text_Dark.png
Sun 11 Jan 11:03:06 GMT 2026: Set wallpaper to /home/solo/.config/hypr/wallpapers/hyprland_wallpaper.png
Sun 11 Jan 19:39:00 GMT 2026: Set wallpaper to /home/solo/.config/hypr/wallpapers/2014-Mercedes-Benz-SLS-AMG-Black-Series-009-1440.jpg
Sun 11 Jan 19:41:00 GMT 2026: Set wallpaper to /home/solo/.config/hypr/wallpapers/w05.webp
Sun 11 Jan 19:43:00 GMT 2026: Set wallpaper to /home/solo/.config/hypr/wallpapers/mercedes_amg_f1_m11_eq_performance_4k-HD.jpg
Sun 11 Jan 19:45:00 GMT 2026: Set wallpaper to /home/solo/.config/hypr/wallpapers/1979-Canepa-BMW-M1-Procar_grey.png
Sun 11 Jan 19:47:00 GMT 2026: Set wallpaper to /home/solo/.config/hypr/wallpapers/W05.jpg
Sun 11 Jan 19:49:00 GMT 2026: Set wallpaper to /home/solo/.config/hypr/wallpapers/1968-Lamborghini-Miura-Jota-SVR-001-1080.jpg
Sun 11 Jan 19:51:00 GMT 2026: Set wallpaper to /home/solo/.config/hypr/wallpapers/2005-Ferrari-F430-007-1080.jpg
Sun 11 Jan 19:53:00 GMT 2026: Set wallpaper to /home/solo/.config/hypr/wallpapers/2011-Mercedes-Benz-C63-AMG-Coupe-Black-001-1080.jpg
Sun 11 Jan 19:55:00 GMT 2026: Set wallpaper to /home/solo/.config/hypr/wallpapers/hamilton_3079629.jpg
Sun 11 Jan 19:57:00 GMT 2026: Set wallpaper to /home/solo/.config/hypr/wallpapers/mazda-mx5-miata-mazda-3351.jpg
Sun 11 Jan 19:59:00 GMT 2026: Set wallpaper to /home/solo/.config/hypr/wallpapers/2009-Mercedes-Benz-SL-65-AMG-Black-003-1080.jpg
Sun 11 Jan 20:01:00 GMT 2026: Set wallpaper to /home/solo/.config/hypr/wallpapers/1968-Lamborghini-Miura-Jota-SVR-001-1080.jpg
Sun 11 Jan 20:03:00 GMT 2026: Set wallpaper to /home/solo/.config/hypr/wallpapers/w05.webp
Sun 11 Jan 20:05:01 GMT 2026: Set wallpaper to /home/solo/.config/hypr/wallpapers/2019-Bugatti-Divo.jpg
Sun 11 Jan 20:07:01 GMT 2026: Set wallpaper to /home/solo/.config/hypr/wallpapers/SoloLinux_Wallpaper_Blue_White_Text.png
Sun 11 Jan 20:09:01 GMT 2026: Set wallpaper to /home/solo/.config/hypr/wallpapers/2011-Mercedes-Benz-C63-AMG-Coupe-Black-002-1080.jpg
Sun 11 Jan 20:11:01 GMT 2026: Set wallpaper to /home/solo/.config/hypr/wallpapers/2005-Ferrari-F430-007-1080.jpg
Sun 11 Jan 20:13:01 GMT 2026: Set wallpaper to /home/solo/.config/hypr/wallpapers/2009-Mercedes-Benz-SL-65-AMG-Black-003-1080.jpg
Sun 11 Jan 20:15:01 GMT 2026: Set wallpaper to /home/solo/.config/hypr/wallpapers/simple.png
Sun 11 Jan 20:17:01 GMT 2026: Set wallpaper to /home/solo/.config/hypr/wallpapers/2011-Mercedes-Benz-C63-AMG-Coupe-Black-001-1080.jpg
Sun 11 Jan 20:19:01 GMT 2026: Set wallpaper to /home/solo/.config/hypr/wallpapers/mercedes_amg_f1_m11_eq_performance_4k-HD.jpg
Sun 11 Jan 20:21:01 GMT 2026: Set wallpaper to /home/solo/.config/hypr/wallpapers/SoloLinux_Wallpaper_Blue_White_Text.png
Sun 11 Jan 20:23:01 GMT 2026: Set wallpaper to /home/solo/.config/hypr/wallpapers/w11_wets.webp
Sun 11 Jan 20:25:01 GMT 2026: Set wallpaper to /home/solo/.config/hypr/wallpapers/2014-Mercedes-Benz-SLS-AMG-Black-Series-009-1440.jpg
Sun 11 Jan 20:27:01 GMT 2026: Set wallpaper to /home/solo/.config/hypr/wallpapers/2014-Mercedes-Benz-SLS-AMG-Black-Series-009-1440.jpg
Sun 11 Jan 20:29:01 GMT 2026: Set wallpaper to /home/solo/.config/hypr/wallpapers/2009-Mercedes-Benz-SL-65-AMG-Black-003-1080.jpg
Sun 11 Jan 20:31:01 GMT 2026: Set wallpaper to /home/solo/.config/hypr/wallpapers/2015-Porsche-918-Spyder-012-1440.jpg
Sun 11 Jan 20:33:01 GMT 2026: Set wallpaper to /home/solo/.config/hypr/wallpapers/2011-Mercedes-Benz-C63-AMG-Coupe-Black-002-1080.jpg
Sun 11 Jan 20:35:01 GMT 2026: Set wallpaper to /home/solo/.config/hypr/wallpapers/w05.webp
Sun 11 Jan 20:37:01 GMT 2026: Set wallpaper to /home/solo/.config/hypr/wallpapers/SilverW11.jpg
Sun 11 Jan 20:39:01 GMT 2026: Set wallpaper to /home/solo/.config/hypr/wallpapers/2019-Bugatti-Divo.jpg
Sun 11 Jan 20:41:01 GMT 2026: Set wallpaper to /home/solo/.config/hypr/wallpapers/1979-Canepa-BMW-M1-Procar_grey.png
Sun 11 Jan 20:43:01 GMT 2026: Set wallpaper to /home/solo/.config/hypr/wallpapers/SoloLinux_Wallpaper_1.png
Sun 11 Jan 20:45:01 GMT 2026: Set wallpaper to /home/solo/.config/hypr/wallpapers/mercedes_amg_f1_m11_eq_performance_4k-HD.jpg
Sun 11 Jan 20:47:01 GMT 2026: Set wallpaper to /home/solo/.config/hypr/wallpapers/simple.png
Sun 11 Jan 20:49:01 GMT 2026: Set wallpaper to /home/solo/.config/hypr/wallpapers/SoloLinux_Wallpaper_1.png
Sun 11 Jan 20:51:01 GMT 2026: Set wallpaper to /home/solo/.config/hypr/wallpapers/2019-Bugatti-Divo.jpg
Sun 11 Jan 20:53:01 GMT 2026: Set wallpaper to /home/solo/.config/hypr/wallpapers/astize_cc0_split1.png
Sun 11 Jan 20:55:01 GMT 2026: Set wallpaper to /home/solo/.config/hypr/wallpapers/SilverW11.jpg
Sun 11 Jan 20:57:01 GMT 2026: Set wallpaper to /home/solo/.config/hypr/wallpapers/mercedes_amg_f1_m11_eq_performance_4k-HD.jpg
Sun 11 Jan 20:59:01 GMT 2026: Set wallpaper to /home/solo/.config/hypr/wallpapers/2008-Mazda-Furai-Concept-004-1440.jpg
Sun 11 Jan 21:01:01 GMT 2026: Set wallpaper to /home/solo/.config/hypr/wallpapers/simple.png
Sun 11 Jan 21:03:01 GMT 2026: Set wallpaper to /home/solo/.config/hypr/wallpapers/SoloLinux_Wallpaper_1.png
Sun 11 Jan 21:05:01 GMT 2026: Set wallpaper to /home/solo/.config/hypr/wallpapers/SoloLinux4.png
Sun 11 Jan 21:07:01 GMT 2026: Set wallpaper to /home/solo/.config/hypr/wallpapers/SoloLinux_Blue_And_WHite_Text_Dark.png
Sun 11 Jan 21:09:01 GMT 2026: Set wallpaper to /home/solo/.config/hypr/wallpapers/2019-Bugatti-Divo.jpg
Sun 11 Jan 21:11:01 GMT 2026: Set wallpaper to /home/solo/.config/hypr/wallpapers/linux-nitros-dark-ov.jpg
Sun 11 Jan 21:13:01 GMT 2026: Set wallpaper to /home/solo/.config/hypr/wallpapers/2014-Mercedes-Benz-SLS-AMG-Black-Series-009-1440.jpg
Sun 11 Jan 21:15:01 GMT 2026: Set wallpaper to /home/solo/.config/hypr/wallpapers/SoloLinux_Wallpaper_1.png
Sun 11 Jan 21:17:01 GMT 2026: Set wallpaper to /home/solo/.config/hypr/wallpapers/hamilton_3079629.jpg
Sun 11 Jan 21:19:01 GMT 2026: Set wallpaper to /home/solo/.config/hypr/wallpapers/1968-Lamborghini-Miura-Jota-SVR-001-1080.jpg
Sun 11 Jan 21:21:01 GMT 2026: Set wallpaper to /home/solo/.config/hypr/wallpapers/2011-Mercedes-Benz-C63-AMG-Coupe-Black-001-1080.jpg
Sun 11 Jan 21:23:02 GMT 2026: Set wallpaper to /home/solo/.config/hypr/wallpapers/SoloLinux_Wallpaper_Blue_White_Text.png
Sun 11 Jan 21:25:02 GMT 2026: Set wallpaper to /home/solo/.config/hypr/wallpapers/2008-Mazda-Furai-Concept_grey.png
Sun 11 Jan 21:27:02 GMT 2026: Set wallpaper to /home/solo/.config/hypr/wallpapers/2005-Ferrari-F430-007-1080.jpg
Sun 11 Jan 21:29:02 GMT 2026: Set wallpaper to /home/solo/.config/hypr/wallpapers/SoloLinux_Wallpaper_Blue_White_Text.png
Sun 11 Jan 21:31:02 GMT 2026: Set wallpaper to /home/solo/.config/hypr/wallpapers/hyprland_wallpaper.png
Sun 11 Jan 21:33:02 GMT 2026: Set wallpaper to /home/solo/.config/hypr/wallpapers/mercedes-w11.webp
Sun 11 Jan 21:35:02 GMT 2026: Set wallpaper to /home/solo/.config/hypr/wallpapers/hyprland_wallpaper.png
Sun 11 Jan 21:37:02 GMT 2026: Set wallpaper to /home/solo/.config/hypr/wallpapers/2011-Mercedes-Benz-C63-AMG-Coupe-Black-002-1080.jpg
Sun 11 Jan 21:39:02 GMT 2026: Set wallpaper to /home/solo/.config/hypr/wallpapers/2008-Mazda-Furai-Concept-004-1440.jpg
Sun 11 Jan 21:41:02 GMT 2026: Set wallpaper to /home/solo/.config/hypr/wallpapers/hamilton_3079629.jpg
Sun 11 Jan 21:43:02 GMT 2026: Set wallpaper to /home/solo/.config/hypr/wallpapers/simple.png
Sun 11 Jan 21:45:02 GMT 2026: Set wallpaper to /home/solo/.config/hypr/wallpapers/2005-Ferrari-F430-007-1080.jpg
Sun 11 Jan 21:47:02 GMT 2026: Set wallpaper to /home/solo/.config/hypr/wallpapers/mercedes_amg_f1_m11_eq_performance_4k-HD.jpg
Sun 11 Jan 21:49:02 GMT 2026: Set wallpaper to /home/solo/.config/hypr/wallpapers/W11_with_DRS.jpg
Sun 11 Jan 21:51:02 GMT 2026: Set wallpaper to /home/solo/.config/hypr/wallpapers/simple.png
Sun 11 Jan 21:53:02 GMT 2026: Set wallpaper to /home/solo/.config/hypr/wallpapers/w11_pfp.webp
Sun 11 Jan 21:55:02 GMT 2026: Set wallpaper to /home/solo/.config/hypr/wallpapers/SoloLinux_Blue_And_WHite_Text_Dark.png
Mon 12 Jan 00:26:12 GMT 2026: Set wallpaper to /home/solo/.config/hypr/wallpapers/2015-Porsche-918-Spyder-012-1440.jpg
Mon 12 Jan 00:28:12 GMT 2026: Set wallpaper to /home/solo/.config/hypr/wallpapers/2008-Mazda-Furai-Concept-004-1440.jpg
Mon 12 Jan 00:30:12 GMT 2026: Set wallpaper to /home/solo/.config/hypr/wallpapers/2011-Mercedes-Benz-C63-AMG-Coupe-Black-002-1080.jpg
Mon 12 Jan 00:32:12 GMT 2026: Set wallpaper to /home/solo/.config/hypr/wallpapers/mercedes-w11.webp
Mon 12 Jan 00:34:12 GMT 2026: Set wallpaper to /home/solo/.config/hypr/wallpapers/2011-Mercedes-Benz-C63-AMG-Coupe-Black-001-1080.jpg
Mon 12 Jan 00:36:12 GMT 2026: Set wallpaper to /home/solo/.config/hypr/wallpapers/mazda-mx5-miata-mazda-3351.jpg
Mon 12 Jan 00:38:12 GMT 2026: Set wallpaper to /home/solo/.config/hypr/wallpapers/mercedes_amg_f1_m11_eq_performance_4k-HD.jpg
Mon 12 Jan 00:40:12 GMT 2026: Set wallpaper to /home/solo/.config/hypr/wallpapers/hyprland_wallpaper.png
Mon 12 Jan 00:42:12 GMT 2026: Set wallpaper to /home/solo/.config/hypr/wallpapers/w05.webp
Mon 12 Jan 00:44:12 GMT 2026: Set wallpaper to /home/solo/.config/hypr/wallpapers/simple.png
Mon 12 Jan 00:46:12 GMT 2026: Set wallpaper to /home/solo/.config/hypr/wallpapers/2019-Bugatti-Divo.jpg
Mon 12 Jan 00:48:12 GMT 2026: Set wallpaper to /home/solo/.config/hypr/wallpapers/2015-Porsche-918-Spyder-012-1440.jpg
Mon 12 Jan 00:50:12 GMT 2026: Set wallpaper to /home/solo/.config/hypr/wallpapers/1968-Lamborghini-Miura-Jota-SVR-001-1080.jpg
Mon 12 Jan 00:52:12 GMT 2026: Set wallpaper to /home/solo/.config/hypr/wallpapers/1979-Canepa-BMW-M1-Procar_grey.png
Mon 12 Jan 00:54:12 GMT 2026: Set wallpaper to /home/solo/.config/hypr/wallpapers/w11_pfp.webp
Mon 12 Jan 00:56:12 GMT 2026: Set wallpaper to /home/solo/.config/hypr/wallpapers/hyprland_wallpaper.png
Mon 12 Jan 00:58:12 GMT 2026: Set wallpaper to /home/solo/.config/hypr/wallpapers/2008-Mazda-Furai-Concept_grey.png
Mon 12 Jan 01:00:12 GMT 2026: Set wallpaper to /home/solo/.config/hypr/wallpapers/SoloLinux4.png
Mon 12 Jan 01:02:12 GMT 2026: Set wallpaper to /home/solo/.config/hypr/wallpapers/SoloLinux4.png
Mon 12 Jan 17:39:36 GMT 2026: Set wallpaper to /home/solo/.config/hypr/wallpapers/1968-Lamborghini-Miura-Jota-SVR-001-1080.jpg
Mon 12 Jan 17:41:36 GMT 2026: Set wallpaper to /home/solo/.config/hypr/wallpapers/2005-Ferrari-F430-007-1080.jpg
Mon 12 Jan 17:43:36 GMT 2026: Set wallpaper to /home/solo/.config/hypr/wallpapers/SoloLinux_Blue_And_WHite_Text_Dark.png
Mon 12 Jan 17:45:36 GMT 2026: Set wallpaper to /home/solo/.config/hypr/wallpapers/SoloLinux_Blue_And_WHite_Text_Dark.png
Mon 12 Jan 17:47:36 GMT 2026: Set wallpaper to /home/solo/.config/hypr/wallpapers/2014-Mercedes-Benz-SLS-AMG-Black-Series-009-1440.jpg
Mon 12 Jan 17:49:37 GMT 2026: Set wallpaper to /home/solo/.config/hypr/wallpapers/2019-Bugatti-Divo.jpg
Mon 12 Jan 17:51:37 GMT 2026: Set wallpaper to /home/solo/.config/hypr/wallpapers/2011-Mercedes-Benz-C63-AMG-Coupe-Black-002-1080.jpg
Mon 12 Jan 17:53:37 GMT 2026: Set wallpaper to /home/solo/.config/hypr/wallpapers/2008-Mazda-Furai-Concept-004-1440.jpg
Mon 12 Jan 17:55:37 GMT 2026: Set wallpaper to /home/solo/.config/hypr/wallpapers/2015-Porsche-918-Spyder-012-1440.jpg
Mon 12 Jan 17:57:37 GMT 2026: Set wallpaper to /home/solo/.config/hypr/wallpapers/2011-Mercedes-Benz-C63-AMG-Coupe-Black-002-1080.jpg
Mon 12 Jan 17:59:37 GMT 2026: Set wallpaper to /home/solo/.config/hypr/wallpapers/2015-Porsche-918-Spyder-012-1440.jpg
Mon 12 Jan 18:01:37 GMT 2026: Set wallpaper to /home/solo/.config/hypr/wallpapers/SoloLinux4.png
Mon 12 Jan 18:03:37 GMT 2026: Set wallpaper to /home/solo/.config/hypr/wallpapers/1979-Canepa-BMW-M1-Procar_grey.png
Mon 12 Jan 18:05:37 GMT 2026: Set wallpaper to /home/solo/.config/hypr/wallpapers/2008-Mazda-Furai-Concept-004-1440.jpg
Mon 12 Jan 18:07:37 GMT 2026: Set wallpaper to /home/solo/.config/hypr/wallpapers/SilverW11.jpg
Mon 12 Jan 18:09:37 GMT 2026: Set wallpaper to /home/solo/.config/hypr/wallpapers/simple.png
Mon 12 Jan 18:11:37 GMT 2026: Set wallpaper to /home/solo/.config/hypr/wallpapers/SoloLinux4.png
Mon 12 Jan 18:13:37 GMT 2026: Set wallpaper to /home/solo/.config/hypr/wallpapers/w11_wets.webp
Mon 12 Jan 18:23:00 GMT 2026: Set wallpaper to /home/solo/.config/hypr/wallpapers/linux-nitros-dark-ov.jpg
Mon 12 Jan 18:25:00 GMT 2026: Set wallpaper to /home/solo/.config/hypr/wallpapers/SoloLinux_Wallpaper_Blue_White_Text.png
Mon 12 Jan 18:27:01 GMT 2026: Set wallpaper to /home/solo/.config/hypr/wallpapers/2008-Mazda-Furai-Concept_grey.png
Mon 12 Jan 18:29:01 GMT 2026: Set wallpaper to /home/solo/.config/hypr/wallpapers/2019-Bugatti-Divo.jpg
Mon 12 Jan 18:31:01 GMT 2026: Set wallpaper to /home/solo/.config/hypr/wallpapers/hyprland_wallpaper.png
Mon 12 Jan 18:33:01 GMT 2026: Set wallpaper to /home/solo/.config/hypr/wallpapers/hamilton_3079629.jpg
Mon 12 Jan 18:35:01 GMT 2026: Set wallpaper to /home/solo/.config/hypr/wallpapers/mercedes-w11.webp
Mon 12 Jan 18:37:01 GMT 2026: Set wallpaper to /home/solo/.config/hypr/wallpapers/w05.webp
Mon 12 Jan 18:39:01 GMT 2026: Set wallpaper to /home/solo/.config/hypr/wallpapers/mercedes_amg_f1_m11_eq_performance_4k-HD.jpg
Mon 12 Jan 18:41:01 GMT 2026: Set wallpaper to /home/solo/.config/hypr/wallpapers/hamilton_3079629.jpg
Mon 12 Jan 18:43:01 GMT 2026: Set wallpaper to /home/solo/.config/hypr/wallpapers/w11_wets.webp
Mon 12 Jan 18:45:01 GMT 2026: Set wallpaper to /home/solo/.config/hypr/wallpapers/2009-Mercedes-Benz-SL-65-AMG-Black-003-1080.jpg
Mon 12 Jan 18:47:01 GMT 2026: Set wallpaper to /home/solo/.config/hypr/wallpapers/astize_cc0_split1.png
Mon 12 Jan 18:49:01 GMT 2026: Set wallpaper to /home/solo/.config/hypr/wallpapers/w11_wets.webp
Mon 12 Jan 19:45:51 GMT 2026: Set wallpaper to /home/solo/.config/hypr/wallpapers/W11_with_DRS.jpg
Mon 12 Jan 19:47:51 GMT 2026: Set wallpaper to /home/solo/.config/hypr/wallpapers/w11_wets.webp
Mon 12 Jan 19:49:51 GMT 2026: Set wallpaper to /home/solo/.config/hypr/wallpapers/w05.webp
Mon 12 Jan 19:51:51 GMT 2026: Set wallpaper to /home/solo/.config/hypr/wallpapers/2011-Mercedes-Benz-C63-AMG-Coupe-Black-002-1080.jpg
Mon 12 Jan 19:53:51 GMT 2026: Set wallpaper to /home/solo/.config/hypr/wallpapers/w05.webp
Mon 12 Jan 19:55:51 GMT 2026: Set wallpaper to /home/solo/.config/hypr/wallpapers/thumb-1920-1345403.jpeg
Mon 12 Jan 19:57:51 GMT 2026: Set wallpaper to /home/solo/.config/hypr/wallpapers/thumb-1920-1345403.jpeg
Mon 12 Jan 19:59:51 GMT 2026: Set wallpaper to /home/solo/.config/hypr/wallpapers/mazda-mx5-miata-mazda-3351.jpg
Mon 12 Jan 20:01:51 GMT 2026: Set wallpaper to /home/solo/.config/hypr/wallpapers/mercedes-w11.webp
Mon 12 Jan 20:03:51 GMT 2026: Set wallpaper to /home/solo/.config/hypr/wallpapers/2008-Mazda-Furai-Concept_grey.png
Mon 12 Jan 20:05:51 GMT 2026: Set wallpaper to /home/solo/.config/hypr/wallpapers/2011-Mercedes-Benz-C63-AMG-Coupe-Black-002-1080.jpg
Mon 12 Jan 20:07:51 GMT 2026: Set wallpaper to /home/solo/.config/hypr/wallpapers/SoloLinux4.png
Mon 12 Jan 20:09:51 GMT 2026: Set wallpaper to /home/solo/.config/hypr/wallpapers/mercedes_amg_f1_m11_eq_performance_4k-HD.jpg
Mon 12 Jan 20:11:51 GMT 2026: Set wallpaper to /home/solo/.config/hypr/wallpapers/2005-Ferrari-F430-007-1080.jpg
Mon 12 Jan 20:13:51 GMT 2026: Set wallpaper to /home/solo/.config/hypr/wallpapers/mercedes-w11.webp
Mon 12 Jan 20:15:51 GMT 2026: Set wallpaper to /home/solo/.config/hypr/wallpapers/astize_cc0_split1.png
Mon 12 Jan 20:17:51 GMT 2026: Set wallpaper to /home/solo/.config/hypr/wallpapers/mercedes_amg_f1_m11_eq_performance_4k-HD.jpg
Mon 12 Jan 20:19:51 GMT 2026: Set wallpaper to /home/solo/.config/hypr/wallpapers/1979-Canepa-BMW-M1-Procar_grey.png
Mon 12 Jan 20:21:51 GMT 2026: Set wallpaper to /home/solo/.config/hypr/wallpapers/SilverW11.jpg
Mon 12 Jan 20:23:51 GMT 2026: Set wallpaper to /home/solo/.config/hypr/wallpapers/simple.png
Mon 12 Jan 20:25:51 GMT 2026: Set wallpaper to /home/solo/.config/hypr/wallpapers/SoloLinux_Wallpaper_Blue_White_Text.png
Mon 12 Jan 20:52:26 GMT 2026: Set wallpaper to /home/solo/.config/hypr/wallpapers/2005-Ferrari-F430-007-1080.jpg
Mon 12 Jan 20:54:26 GMT 2026: Set wallpaper to /home/solo/.config/hypr/wallpapers/2008-Mazda-Furai-Concept_grey.png
Mon 12 Jan 20:56:26 GMT 2026: Set wallpaper to /home/solo/.config/hypr/wallpapers/mercedes_amg_f1_m11_eq_performance_4k-HD.jpg
Mon 12 Jan 20:58:26 GMT 2026: Set wallpaper to /home/solo/.config/hypr/wallpapers/mercedes-w11.webp
Mon 12 Jan 21:00:26 GMT 2026: Set wallpaper to /home/solo/.config/hypr/wallpapers/hamilton_3079629.jpg
Mon 12 Jan 21:02:26 GMT 2026: Set wallpaper to /home/solo/.config/hypr/wallpapers/1979-Canepa-BMW-M1-Procar_grey.png
Mon 12 Jan 21:04:26 GMT 2026: Set wallpaper to /home/solo/.config/hypr/wallpapers/W05.jpg
Mon 12 Jan 21:06:26 GMT 2026: Set wallpaper to /home/solo/.config/hypr/wallpapers/W11_with_DRS.jpg
Mon 12 Jan 21:08:26 GMT 2026: Set wallpaper to /home/solo/.config/hypr/wallpapers/SoloLinux_Wallpaper_1.png
Mon 12 Jan 21:10:26 GMT 2026: Set wallpaper to /home/solo/.config/hypr/wallpapers/w05.webp
Mon 12 Jan 21:12:26 GMT 2026: Set wallpaper to /home/solo/.config/hypr/wallpapers/mercedes_amg_f1_m11_eq_performance_4k-HD.jpg
Mon 12 Jan 21:14:26 GMT 2026: Set wallpaper to /home/solo/.config/hypr/wallpapers/2008-Mazda-Furai-Concept_grey.png
Mon 12 Jan 21:16:26 GMT 2026: Set wallpaper to /home/solo/.config/hypr/wallpapers/SoloLinux_Blue_And_WHite_Text_Dark.png
Mon 12 Jan 21:18:26 GMT 2026: Set wallpaper to /home/solo/.config/hypr/wallpapers/SoloLinux_Wallpaper_1.png
Mon 12 Jan 21:20:26 GMT 2026: Set wallpaper to /home/solo/.config/hypr/wallpapers/hyprland_wallpaper.png
Mon 12 Jan 21:22:26 GMT 2026: Set wallpaper to /home/solo/.config/hypr/wallpapers/W11_with_DRS.jpg
Mon 12 Jan 21:24:26 GMT 2026: Set wallpaper to /home/solo/.config/hypr/wallpapers/2005-Ferrari-F430-007-1080.jpg
Mon 12 Jan 21:26:26 GMT 2026: Set wallpaper to /home/solo/.config/hypr/wallpapers/2009-Mercedes-Benz-SL-65-AMG-Black-003-1080.jpg
Mon 12 Jan 21:28:26 GMT 2026: Set wallpaper to /home/solo/.config/hypr/wallpapers/2014-Mercedes-Benz-SLS-AMG-Black-Series-009-1440.jpg
Mon 12 Jan 21:30:26 GMT 2026: Set wallpaper to /home/solo/.config/hypr/wallpapers/SoloLinux_Blue_And_WHite_Text_Dark.png
Mon 12 Jan 21:32:26 GMT 2026: Set wallpaper to /home/solo/.config/hypr/wallpapers/W11_with_DRS.jpg
Mon 12 Jan 21:34:26 GMT 2026: Set wallpaper to /home/solo/.config/hypr/wallpapers/2008-Mazda-Furai-Concept_grey.png
Mon 12 Jan 21:36:26 GMT 2026: Set wallpaper to /home/solo/.config/hypr/wallpapers/2005-Ferrari-F430-007-1080.jpg
Mon 12 Jan 21:38:26 GMT 2026: Set wallpaper to /home/solo/.config/hypr/wallpapers/linux-nitros-dark-ov.jpg
Mon 12 Jan 21:40:26 GMT 2026: Set wallpaper to /home/solo/.config/hypr/wallpapers/W05.jpg
Mon 12 Jan 21:42:26 GMT 2026: Set wallpaper to /home/solo/.config/hypr/wallpapers/w05.webp
Mon 12 Jan 21:44:26 GMT 2026: Set wallpaper to /home/solo/.config/hypr/wallpapers/2008-Mazda-Furai-Concept_grey.png
Mon 12 Jan 21:46:26 GMT 2026: Set wallpaper to /home/solo/.config/hypr/wallpapers/W05.jpg
Mon 12 Jan 21:48:26 GMT 2026: Set wallpaper to /home/solo/.config/hypr/wallpapers/linux-nitros-dark-ov.jpg
Mon 12 Jan 21:50:26 GMT 2026: Set wallpaper to /home/solo/.config/hypr/wallpapers/SoloLinux_Blue_And_WHite_Text_Dark.png
Mon 12 Jan 21:52:26 GMT 2026: Set wallpaper to /home/solo/.config/hypr/wallpapers/2011-Mercedes-Benz-C63-AMG-Coupe-Black-001-1080.jpg
Mon 12 Jan 21:54:27 GMT 2026: Set wallpaper to /home/solo/.config/hypr/wallpapers/linux-nitros-dark-ov.jpg
Mon 12 Jan 21:56:27 GMT 2026: Set wallpaper to /home/solo/.config/hypr/wallpapers/SilverW11.jpg
Mon 12 Jan 21:58:27 GMT 2026: Set wallpaper to /home/solo/.config/hypr/wallpapers/w11_pfp.webp
Mon 12 Jan 22:00:27 GMT 2026: Set wallpaper to /home/solo/.config/hypr/wallpapers/simple.png
Mon 12 Jan 22:02:27 GMT 2026: Set wallpaper to /home/solo/.config/hypr/wallpapers/SoloLinux_Wallpaper_1.png
Mon 12 Jan 22:04:27 GMT 2026: Set wallpaper to /home/solo/.config/hypr/wallpapers/hyprland_wallpaper.png
Mon 12 Jan 22:06:27 GMT 2026: Set wallpaper to /home/solo/.config/hypr/wallpapers/w11_pfp.webp
Mon 12 Jan 22:08:27 GMT 2026: Set wallpaper to /home/solo/.config/hypr/wallpapers/2011-Mercedes-Benz-C63-AMG-Coupe-Black-002-1080.jpg
Mon 12 Jan 22:10:27 GMT 2026: Set wallpaper to /home/solo/.config/hypr/wallpapers/1968-Lamborghini-Miura-Jota-SVR-001-1080.jpg
Mon 12 Jan 22:12:27 GMT 2026: Set wallpaper to /home/solo/.config/hypr/wallpapers/2014-Mercedes-Benz-SLS-AMG-Black-Series-009-1440.jpg
Mon 12 Jan 22:14:27 GMT 2026: Set wallpaper to /home/solo/.config/hypr/wallpapers/w05.webp
Mon 12 Jan 22:16:27 GMT 2026: Set wallpaper to /home/solo/.config/hypr/wallpapers/mercedes-w11.webp
Mon 12 Jan 22:18:27 GMT 2026: Set wallpaper to /home/solo/.config/hypr/wallpapers/linux-nitros-dark-ov.jpg
Tue 13 Jan 11:03:12 GMT 2026: Set wallpaper to /home/solo/.config/hypr/wallpapers/w05.webp
Tue 13 Jan 11:05:12 GMT 2026: Set wallpaper to /home/solo/.config/hypr/wallpapers/2019-Bugatti-Divo.jpg
Tue 13 Jan 11:07:12 GMT 2026: Set wallpaper to /home/solo/.config/hypr/wallpapers/W11_with_DRS.jpg
Tue 13 Jan 11:09:12 GMT 2026: Set wallpaper to /home/solo/.config/hypr/wallpapers/2009-Mercedes-Benz-SL-65-AMG-Black-003-1080.jpg
Tue 13 Jan 11:11:12 GMT 2026: Set wallpaper to /home/solo/.config/hypr/wallpapers/1979-Canepa-BMW-M1-Procar_grey.png
Tue 13 Jan 11:13:12 GMT 2026: Set wallpaper to /home/solo/.config/hypr/wallpapers/simple.png
Tue 13 Jan 11:15:12 GMT 2026: Set wallpaper to /home/solo/.config/hypr/wallpapers/astize_cc0_split1.png
Tue 13 Jan 11:17:12 GMT 2026: Set wallpaper to /home/solo/.config/hypr/wallpapers/mercedes-w11.webp
Tue 13 Jan 11:19:12 GMT 2026: Set wallpaper to /home/solo/.config/hypr/wallpapers/2005-Ferrari-F430-007-1080.jpg
Tue 13 Jan 11:21:12 GMT 2026: Set wallpaper to /home/solo/.config/hypr/wallpapers/2019-Bugatti-Divo.jpg
Tue 13 Jan 11:23:12 GMT 2026: Set wallpaper to /home/solo/.config/hypr/wallpapers/mazda-mx5-miata-mazda-3351.jpg
Tue 13 Jan 11:25:12 GMT 2026: Set wallpaper to /home/solo/.config/hypr/wallpapers/thumb-1920-1345403.jpeg
Tue 13 Jan 11:27:12 GMT 2026: Set wallpaper to /home/solo/.config/hypr/wallpapers/hyprland_wallpaper.png
Tue 13 Jan 11:29:12 GMT 2026: Set wallpaper to /home/solo/.config/hypr/wallpapers/2005-Ferrari-F430-007-1080.jpg
Tue 13 Jan 11:31:12 GMT 2026: Set wallpaper to /home/solo/.config/hypr/wallpapers/1979-Canepa-BMW-M1-Procar_grey.png
Tue 13 Jan 11:33:12 GMT 2026: Set wallpaper to /home/solo/.config/hypr/wallpapers/SoloLinux4.png
Tue 13 Jan 11:35:12 GMT 2026: Set wallpaper to /home/solo/.config/hypr/wallpapers/2009-Mercedes-Benz-SL-65-AMG-Black-003-1080.jpg
Tue 13 Jan 11:37:12 GMT 2026: Set wallpaper to /home/solo/.config/hypr/wallpapers/2011-Mercedes-Benz-C63-AMG-Coupe-Black-001-1080.jpg
Tue 13 Jan 11:39:12 GMT 2026: Set wallpaper to /home/solo/.config/hypr/wallpapers/SoloLinux_Wallpaper_1.png
Tue 13 Jan 11:41:12 GMT 2026: Set wallpaper to /home/solo/.config/hypr/wallpapers/2008-Mazda-Furai-Concept_grey.png
Tue 13 Jan 11:43:12 GMT 2026: Set wallpaper to /home/solo/.config/hypr/wallpapers/mazda-mx5-miata-mazda-3351.jpg
Tue 13 Jan 11:45:12 GMT 2026: Set wallpaper to /home/solo/.config/hypr/wallpapers/2008-Mazda-Furai-Concept_grey.png
Tue 13 Jan 11:47:13 GMT 2026: Set wallpaper to /home/solo/.config/hypr/wallpapers/2019-Bugatti-Divo.jpg
Tue 13 Jan 11:49:13 GMT 2026: Set wallpaper to /home/solo/.config/hypr/wallpapers/2015-Porsche-918-Spyder-012-1440.jpg
Tue 13 Jan 11:51:13 GMT 2026: Set wallpaper to /home/solo/.config/hypr/wallpapers/2011-Mercedes-Benz-C63-AMG-Coupe-Black-001-1080.jpg
Tue 13 Jan 11:53:13 GMT 2026: Set wallpaper to /home/solo/.config/hypr/wallpapers/SoloLinux_Blue_And_WHite_Text_Dark.png
Tue 13 Jan 11:55:13 GMT 2026: Set wallpaper to /home/solo/.config/hypr/wallpapers/2008-Mazda-Furai-Concept-004-1440.jpg
Tue 13 Jan 11:57:13 GMT 2026: Set wallpaper to /home/solo/.config/hypr/wallpapers/hamilton_3079629.jpg
Tue 13 Jan 11:59:13 GMT 2026: Set wallpaper to /home/solo/.config/hypr/wallpapers/1979-Canepa-BMW-M1-Procar_grey.png
Tue 13 Jan 12:01:13 GMT 2026: Set wallpaper to /home/solo/.config/hypr/wallpapers/mercedes_amg_f1_m11_eq_performance_4k-HD.jpg
Tue 13 Jan 12:03:13 GMT 2026: Set wallpaper to /home/solo/.config/hypr/wallpapers/SoloLinux_Wallpaper_1.png
Tue 13 Jan 12:05:13 GMT 2026: Set wallpaper to /home/solo/.config/hypr/wallpapers/2014-Mercedes-Benz-SLS-AMG-Black-Series-009-1440.jpg
Tue 13 Jan 12:07:13 GMT 2026: Set wallpaper to /home/solo/.config/hypr/wallpapers/thumb-1920-1345403.jpeg
Tue 13 Jan 12:09:13 GMT 2026: Set wallpaper to /home/solo/.config/hypr/wallpapers/SoloLinux_Blue_And_WHite_Text_Dark.png
Tue 13 Jan 12:11:13 GMT 2026: Set wallpaper to /home/solo/.config/hypr/wallpapers/SoloLinux_Wallpaper_Blue_White_Text.png
Tue 13 Jan 12:13:13 GMT 2026: Set wallpaper to /home/solo/.config/hypr/wallpapers/mazda-mx5-miata-mazda-3351.jpg
Tue 13 Jan 12:15:13 GMT 2026: Set wallpaper to /home/solo/.config/hypr/wallpapers/W11_with_DRS.jpg
Tue 13 Jan 12:17:13 GMT 2026: Set wallpaper to /home/solo/.config/hypr/wallpapers/linux-nitros-dark-ov.jpg
Tue 13 Jan 12:19:13 GMT 2026: Set wallpaper to /home/solo/.config/hypr/wallpapers/2008-Mazda-Furai-Concept-004-1440.jpg
Tue 13 Jan 12:21:13 GMT 2026: Set wallpaper to /home/solo/.config/hypr/wallpapers/SilverW11.jpg
Tue 13 Jan 12:23:13 GMT 2026: Set wallpaper to /home/solo/.config/hypr/wallpapers/w05.webp
Tue 13 Jan 12:25:13 GMT 2026: Set wallpaper to /home/solo/.config/hypr/wallpapers/W11_with_DRS.jpg
Tue 13 Jan 12:27:13 GMT 2026: Set wallpaper to /home/solo/.config/hypr/wallpapers/mercedes-w11.webp
Tue 13 Jan 12:29:13 GMT 2026: Set wallpaper to /home/solo/.config/hypr/wallpapers/1979-Canepa-BMW-M1-Procar_grey.png
Tue 13 Jan 12:31:13 GMT 2026: Set wallpaper to /home/solo/.config/hypr/wallpapers/SoloLinux_Blue_And_WHite_Text_Dark.png
Tue 13 Jan 12:33:13 GMT 2026: Set wallpaper to /home/solo/.config/hypr/wallpapers/2011-Mercedes-Benz-C63-AMG-Coupe-Black-002-1080.jpg
Tue 13 Jan 20:32:31 GMT 2026: Set wallpaper to /home/solo/.config/hypr/wallpapers/SilverW11.jpg
Tue 13 Jan 20:34:31 GMT 2026: Set wallpaper to /home/solo/.config/hypr/wallpapers/1968-Lamborghini-Miura-Jota-SVR-001-1080.jpg
Tue 13 Jan 20:36:32 GMT 2026: Set wallpaper to /home/solo/.config/hypr/wallpapers/1979-Canepa-BMW-M1-Procar_grey.png
Tue 13 Jan 20:38:32 GMT 2026: Set wallpaper to /home/solo/.config/hypr/wallpapers/mercedes_amg_f1_m11_eq_performance_4k-HD.jpg
Tue 13 Jan 20:40:32 GMT 2026: Set wallpaper to /home/solo/.config/hypr/wallpapers/hamilton_3079629.jpg
Tue 13 Jan 20:42:32 GMT 2026: Set wallpaper to /home/solo/.config/hypr/wallpapers/SilverW11.jpg
Tue 13 Jan 20:44:32 GMT 2026: Set wallpaper to /home/solo/.config/hypr/wallpapers/astize_cc0_split1.png
Tue 13 Jan 20:46:32 GMT 2026: Set wallpaper to /home/solo/.config/hypr/wallpapers/mercedes_amg_f1_m11_eq_performance_4k-HD.jpg
Tue 13 Jan 20:48:32 GMT 2026: Set wallpaper to /home/solo/.config/hypr/wallpapers/w11_wets.webp
Tue 13 Jan 20:50:32 GMT 2026: Set wallpaper to /home/solo/.config/hypr/wallpapers/2008-Mazda-Furai-Concept-004-1440.jpg
Tue 13 Jan 20:52:32 GMT 2026: Set wallpaper to /home/solo/.config/hypr/wallpapers/2011-Mercedes-Benz-C63-AMG-Coupe-Black-002-1080.jpg
Tue 13 Jan 20:54:32 GMT 2026: Set wallpaper to /home/solo/.config/hypr/wallpapers/SilverW11.jpg
Tue 13 Jan 20:56:32 GMT 2026: Set wallpaper to /home/solo/.config/hypr/wallpapers/SoloLinux_Wallpaper_1.png
Tue 13 Jan 20:58:32 GMT 2026: Set wallpaper to /home/solo/.config/hypr/wallpapers/w05.webp
Tue 13 Jan 21:00:32 GMT 2026: Set wallpaper to /home/solo/.config/hypr/wallpapers/hyprland_wallpaper.png
Tue 13 Jan 21:02:32 GMT 2026: Set wallpaper to /home/solo/.config/hypr/wallpapers/SoloLinux_Blue_And_WHite_Text_Dark.png
Tue 13 Jan 21:04:32 GMT 2026: Set wallpaper to /home/solo/.config/hypr/wallpapers/hyprland_wallpaper.png
Tue 13 Jan 21:06:32 GMT 2026: Set wallpaper to /home/solo/.config/hypr/wallpapers/hamilton_3079629.jpg
Tue 13 Jan 21:08:32 GMT 2026: Set wallpaper to /home/solo/.config/hypr/wallpapers/2014-Mercedes-Benz-SLS-AMG-Black-Series-009-1440.jpg
Tue 13 Jan 21:10:32 GMT 2026: Set wallpaper to /home/solo/.config/hypr/wallpapers/astize_cc0_split1.png
Tue 13 Jan 21:12:32 GMT 2026: Set wallpaper to /home/solo/.config/hypr/wallpapers/astize_cc0_split1.png
Tue 13 Jan 21:14:32 GMT 2026: Set wallpaper to /home/solo/.config/hypr/wallpapers/W11_with_DRS.jpg
Tue 13 Jan 21:16:32 GMT 2026: Set wallpaper to /home/solo/.config/hypr/wallpapers/hamilton_3079629.jpg
Tue 13 Jan 23:01:59 GMT 2026: Set wallpaper to /home/solo/.config/hypr/wallpapers/1979-Canepa-BMW-M1-Procar_grey.png
Tue 13 Jan 23:03:59 GMT 2026: Set wallpaper to /home/solo/.config/hypr/wallpapers/1979-Canepa-BMW-M1-Procar_grey.png
Tue 13 Jan 23:05:59 GMT 2026: Set wallpaper to /home/solo/.config/hypr/wallpapers/2011-Mercedes-Benz-C63-AMG-Coupe-Black-002-1080.jpg
Tue 13 Jan 23:07:59 GMT 2026: Set wallpaper to /home/solo/.config/hypr/wallpapers/w11_pfp.webp
Tue 13 Jan 23:09:59 GMT 2026: Set wallpaper to /home/solo/.config/hypr/wallpapers/W05.jpg
Tue 13 Jan 23:11:59 GMT 2026: Set wallpaper to /home/solo/.config/hypr/wallpapers/2011-Mercedes-Benz-C63-AMG-Coupe-Black-001-1080.jpg
Tue 13 Jan 23:13:59 GMT 2026: Set wallpaper to /home/solo/.config/hypr/wallpapers/2011-Mercedes-Benz-C63-AMG-Coupe-Black-002-1080.jpg
Tue 13 Jan 23:15:59 GMT 2026: Set wallpaper to /home/solo/.config/hypr/wallpapers/SoloLinux4.png
Tue 13 Jan 23:17:59 GMT 2026: Set wallpaper to /home/solo/.config/hypr/wallpapers/2019-Bugatti-Divo.jpg
Tue 13 Jan 23:19:59 GMT 2026: Set wallpaper to /home/solo/.config/hypr/wallpapers/mercedes_amg_f1_m11_eq_performance_4k-HD.jpg
Tue 13 Jan 23:21:59 GMT 2026: Set wallpaper to /home/solo/.config/hypr/wallpapers/SoloLinux4.png
Tue 13 Jan 23:23:59 GMT 2026: Set wallpaper to /home/solo/.config/hypr/wallpapers/2019-Bugatti-Divo.jpg
Tue 13 Jan 23:25:59 GMT 2026: Set wallpaper to /home/solo/.config/hypr/wallpapers/astize_cc0_split1.png
Tue 13 Jan 23:27:59 GMT 2026: Set wallpaper to /home/solo/.config/hypr/wallpapers/1979-Canepa-BMW-M1-Procar_grey.png
Tue 13 Jan 23:29:59 GMT 2026: Set wallpaper to /home/solo/.config/hypr/wallpapers/linux-nitros-dark-ov.jpg
Tue 13 Jan 23:32:00 GMT 2026: Set wallpaper to /home/solo/.config/hypr/wallpapers/astize_cc0_split1.png
Tue 13 Jan 23:34:00 GMT 2026: Set wallpaper to /home/solo/.config/hypr/wallpapers/1979-Canepa-BMW-M1-Procar_grey.png
Tue 13 Jan 23:36:00 GMT 2026: Set wallpaper to /home/solo/.config/hypr/wallpapers/2019-Bugatti-Divo.jpg
Tue 13 Jan 23:38:00 GMT 2026: Set wallpaper to /home/solo/.config/hypr/wallpapers/hamilton_3079629.jpg
Tue 13 Jan 23:40:00 GMT 2026: Set wallpaper to /home/solo/.config/hypr/wallpapers/2009-Mercedes-Benz-SL-65-AMG-Black-003-1080.jpg
Wed 14 Jan 12:06:36 GMT 2026: Set wallpaper to /home/solo/.config/hypr/wallpapers/2009-Mercedes-Benz-SL-65-AMG-Black-003-1080.jpg
Wed 14 Jan 12:08:36 GMT 2026: Set wallpaper to /home/solo/.config/hypr/wallpapers/SoloLinux_Wallpaper_1.png
Wed 14 Jan 12:10:36 GMT 2026: Set wallpaper to /home/solo/.config/hypr/wallpapers/linux-nitros-dark-ov.jpg
Wed 14 Jan 12:12:36 GMT 2026: Set wallpaper to /home/solo/.config/hypr/wallpapers/2019-Bugatti-Divo.jpg
Wed 14 Jan 12:14:36 GMT 2026: Set wallpaper to /home/solo/.config/hypr/wallpapers/2019-Bugatti-Divo.jpg
Wed 14 Jan 12:16:36 GMT 2026: Set wallpaper to /home/solo/.config/hypr/wallpapers/2011-Mercedes-Benz-C63-AMG-Coupe-Black-001-1080.jpg
Wed 14 Jan 12:18:36 GMT 2026: Set wallpaper to /home/solo/.config/hypr/wallpapers/2014-Mercedes-Benz-SLS-AMG-Black-Series-009-1440.jpg
Wed 14 Jan 12:20:36 GMT 2026: Set wallpaper to /home/solo/.config/hypr/wallpapers/hamilton_3079629.jpg
Wed 14 Jan 12:22:36 GMT 2026: Set wallpaper to /home/solo/.config/hypr/wallpapers/SoloLinux_Blue_And_WHite_Text_Dark.png
Wed 14 Jan 12:24:36 GMT 2026: Set wallpaper to /home/solo/.config/hypr/wallpapers/hyprland_wallpaper.png
Wed 14 Jan 12:26:36 GMT 2026: Set wallpaper to /home/solo/.config/hypr/wallpapers/2011-Mercedes-Benz-C63-AMG-Coupe-Black-001-1080.jpg
Wed 14 Jan 12:28:36 GMT 2026: Set wallpaper to /home/solo/.config/hypr/wallpapers/SilverW11.jpg
Wed 14 Jan 12:30:36 GMT 2026: Set wallpaper to /home/solo/.config/hypr/wallpapers/mazda-mx5-miata-mazda-3351.jpg
Wed 14 Jan 12:32:36 GMT 2026: Set wallpaper to /home/solo/.config/hypr/wallpapers/w11_wets.webp
Wed 14 Jan 12:34:36 GMT 2026: Set wallpaper to /home/solo/.config/hypr/wallpapers/SoloLinux4.png
Wed 14 Jan 12:36:36 GMT 2026: Set wallpaper to /home/solo/.config/hypr/wallpapers/W11_with_DRS.jpg
Wed 14 Jan 12:38:36 GMT 2026: Set wallpaper to /home/solo/.config/hypr/wallpapers/hyprland_wallpaper.png
Wed 14 Jan 12:40:36 GMT 2026: Set wallpaper to /home/solo/.config/hypr/wallpapers/astize_cc0_split1.png
Wed 14 Jan 12:42:36 GMT 2026: Set wallpaper to /home/solo/.config/hypr/wallpapers/w11_pfp.webp
Wed 14 Jan 12:44:36 GMT 2026: Set wallpaper to /home/solo/.config/hypr/wallpapers/hamilton_3079629.jpg
Wed 14 Jan 12:46:36 GMT 2026: Set wallpaper to /home/solo/.config/hypr/wallpapers/mercedes-w11.webp
Wed 14 Jan 12:48:36 GMT 2026: Set wallpaper to /home/solo/.config/hypr/wallpapers/2019-Bugatti-Divo.jpg
Wed 14 Jan 12:50:36 GMT 2026: Set wallpaper to /home/solo/.config/hypr/wallpapers/W05.jpg
Wed 14 Jan 12:52:36 GMT 2026: Set wallpaper to /home/solo/.config/hypr/wallpapers/2019-Bugatti-Divo.jpg
Wed 14 Jan 12:54:36 GMT 2026: Set wallpaper to /home/solo/.config/hypr/wallpapers/W11_with_DRS.jpg
Wed 14 Jan 12:56:36 GMT 2026: Set wallpaper to /home/solo/.config/hypr/wallpapers/2011-Mercedes-Benz-C63-AMG-Coupe-Black-002-1080.jpg
Wed 14 Jan 12:58:36 GMT 2026: Set wallpaper to /home/solo/.config/hypr/wallpapers/mazda-mx5-miata-mazda-3351.jpg
Wed 14 Jan 18:33:00 GMT 2026: Set wallpaper to /home/solo/.config/hypr/wallpapers/hyprland_wallpaper.png
Wed 14 Jan 18:35:00 GMT 2026: Set wallpaper to /home/solo/.config/hypr/wallpapers/W05.jpg
Wed 14 Jan 18:37:00 GMT 2026: Set wallpaper to /home/solo/.config/hypr/wallpapers/linux-nitros-dark-ov.jpg
Wed 14 Jan 18:39:00 GMT 2026: Set wallpaper to /home/solo/.config/hypr/wallpapers/1979-Canepa-BMW-M1-Procar_grey.png
Wed 14 Jan 18:41:00 GMT 2026: Set wallpaper to /home/solo/.config/hypr/wallpapers/1968-Lamborghini-Miura-Jota-SVR-001-1080.jpg
Wed 14 Jan 18:43:00 GMT 2026: Set wallpaper to /home/solo/.config/hypr/wallpapers/thumb-1920-1345403.jpeg
Wed 14 Jan 18:45:00 GMT 2026: Set wallpaper to /home/solo/.config/hypr/wallpapers/2008-Mazda-Furai-Concept_grey.png
Wed 14 Jan 18:47:00 GMT 2026: Set wallpaper to /home/solo/.config/hypr/wallpapers/2008-Mazda-Furai-Concept_grey.png
Wed 14 Jan 18:49:01 GMT 2026: Set wallpaper to /home/solo/.config/hypr/wallpapers/2011-Mercedes-Benz-C63-AMG-Coupe-Black-002-1080.jpg
Wed 14 Jan 18:51:01 GMT 2026: Set wallpaper to /home/solo/.config/hypr/wallpapers/astize_cc0_split1.png
Wed 14 Jan 18:53:01 GMT 2026: Set wallpaper to /home/solo/.config/hypr/wallpapers/astize_cc0_split1.png
Wed 14 Jan 18:55:01 GMT 2026: Set wallpaper to /home/solo/.config/hypr/wallpapers/mazda-mx5-miata-mazda-3351.jpg
Wed 14 Jan 18:57:01 GMT 2026: Set wallpaper to /home/solo/.config/hypr/wallpapers/SoloLinux_Wallpaper_Blue_White_Text.png
Wed 14 Jan 18:59:01 GMT 2026: Set wallpaper to /home/solo/.config/hypr/wallpapers/2011-Mercedes-Benz-C63-AMG-Coupe-Black-002-1080.jpg
Wed 14 Jan 19:01:01 GMT 2026: Set wallpaper to /home/solo/.config/hypr/wallpapers/hamilton_3079629.jpg
Wed 14 Jan 19:03:01 GMT 2026: Set wallpaper to /home/solo/.config/hypr/wallpapers/thumb-1920-1345403.jpeg
Wed 14 Jan 19:05:01 GMT 2026: Set wallpaper to /home/solo/.config/hypr/wallpapers/SoloLinux_Blue_And_WHite_Text_Dark.png
Wed 14 Jan 19:07:01 GMT 2026: Set wallpaper to /home/solo/.config/hypr/wallpapers/SoloLinux_Wallpaper_Blue_White_Text.png
Wed 14 Jan 19:09:01 GMT 2026: Set wallpaper to /home/solo/.config/hypr/wallpapers/mercedes-w11.webp
Wed 14 Jan 19:11:01 GMT 2026: Set wallpaper to /home/solo/.config/hypr/wallpapers/2019-Bugatti-Divo.jpg
Wed 14 Jan 19:13:01 GMT 2026: Set wallpaper to /home/solo/.config/hypr/wallpapers/hyprland_wallpaper.png
Wed 14 Jan 19:15:01 GMT 2026: Set wallpaper to /home/solo/.config/hypr/wallpapers/2011-Mercedes-Benz-C63-AMG-Coupe-Black-002-1080.jpg
Wed 14 Jan 19:17:01 GMT 2026: Set wallpaper to /home/solo/.config/hypr/wallpapers/w11_wets.webp
Wed 14 Jan 19:19:01 GMT 2026: Set wallpaper to /home/solo/.config/hypr/wallpapers/2008-Mazda-Furai-Concept-004-1440.jpg
Wed 14 Jan 19:21:01 GMT 2026: Set wallpaper to /home/solo/.config/hypr/wallpapers/hyprland_wallpaper.png
Wed 14 Jan 19:23:01 GMT 2026: Set wallpaper to /home/solo/.config/hypr/wallpapers/w11_pfp.webp
Wed 14 Jan 19:25:01 GMT 2026: Set wallpaper to /home/solo/.config/hypr/wallpapers/thumb-1920-1345403.jpeg
Wed 14 Jan 19:27:01 GMT 2026: Set wallpaper to /home/solo/.config/hypr/wallpapers/w11_pfp.webp
Wed 14 Jan 21:19:59 GMT 2026: Set wallpaper to /home/solo/.config/hypr/wallpapers/2008-Mazda-Furai-Concept-004-1440.jpg
Wed 14 Jan 21:21:59 GMT 2026: Set wallpaper to /home/solo/.config/hypr/wallpapers/2011-Mercedes-Benz-C63-AMG-Coupe-Black-002-1080.jpg
Wed 14 Jan 21:23:59 GMT 2026: Set wallpaper to /home/solo/.config/hypr/wallpapers/mercedes_amg_f1_m11_eq_performance_4k-HD.jpg
Wed 14 Jan 21:25:59 GMT 2026: Set wallpaper to /home/solo/.config/hypr/wallpapers/2011-Mercedes-Benz-C63-AMG-Coupe-Black-002-1080.jpg
Wed 14 Jan 21:27:59 GMT 2026: Set wallpaper to /home/solo/.config/hypr/wallpapers/hyprland_wallpaper.png
Wed 14 Jan 21:29:59 GMT 2026: Set wallpaper to /home/solo/.config/hypr/wallpapers/w11_wets.webp
Wed 14 Jan 21:31:59 GMT 2026: Set wallpaper to /home/solo/.config/hypr/wallpapers/w11_wets.webp
Wed 14 Jan 21:33:59 GMT 2026: Set wallpaper to /home/solo/.config/hypr/wallpapers/2008-Mazda-Furai-Concept-004-1440.jpg
Wed 14 Jan 21:35:59 GMT 2026: Set wallpaper to /home/solo/.config/hypr/wallpapers/1979-Canepa-BMW-M1-Procar_grey.png
Wed 14 Jan 21:37:59 GMT 2026: Set wallpaper to /home/solo/.config/hypr/wallpapers/mercedes-w11.webp
Wed 14 Jan 21:39:59 GMT 2026: Set wallpaper to /home/solo/.config/hypr/wallpapers/w05.webp
Wed 14 Jan 21:41:59 GMT 2026: Set wallpaper to /home/solo/.config/hypr/wallpapers/2009-Mercedes-Benz-SL-65-AMG-Black-003-1080.jpg
Wed 14 Jan 21:43:59 GMT 2026: Set wallpaper to /home/solo/.config/hypr/wallpapers/SoloLinux_Wallpaper_1.png
Wed 14 Jan 21:46:00 GMT 2026: Set wallpaper to /home/solo/.config/hypr/wallpapers/W05.jpg
Wed 14 Jan 21:48:00 GMT 2026: Set wallpaper to /home/solo/.config/hypr/wallpapers/mazda-mx5-miata-mazda-3351.jpg
Wed 14 Jan 21:50:00 GMT 2026: Set wallpaper to /home/solo/.config/hypr/wallpapers/w05.webp
Wed 14 Jan 21:52:00 GMT 2026: Set wallpaper to /home/solo/.config/hypr/wallpapers/SilverW11.jpg
Thu 15 Jan 03:11:58 GMT 2026: Set wallpaper to /home/solo/.config/hypr/wallpapers/astize_cc0_split1.png
Thu 15 Jan 03:13:58 GMT 2026: Set wallpaper to /home/solo/.config/hypr/wallpapers/1968-Lamborghini-Miura-Jota-SVR-001-1080.jpg
Thu 15 Jan 03:15:58 GMT 2026: Set wallpaper to /home/solo/.config/hypr/wallpapers/2015-Porsche-918-Spyder-012-1440.jpg
Thu 15 Jan 03:17:59 GMT 2026: Set wallpaper to /home/solo/.config/hypr/wallpapers/2019-Bugatti-Divo.jpg
Thu 15 Jan 03:19:59 GMT 2026: Set wallpaper to /home/solo/.config/hypr/wallpapers/thumb-1920-1345403.jpeg
Thu 15 Jan 03:21:59 GMT 2026: Set wallpaper to /home/solo/.config/hypr/wallpapers/2005-Ferrari-F430-007-1080.jpg
Thu 15 Jan 03:23:59 GMT 2026: Set wallpaper to /home/solo/.config/hypr/wallpapers/SilverW11.jpg
Thu 15 Jan 03:25:59 GMT 2026: Set wallpaper to /home/solo/.config/hypr/wallpapers/hyprland_wallpaper.png
Thu 15 Jan 03:27:59 GMT 2026: Set wallpaper to /home/solo/.config/hypr/wallpapers/astize_cc0_split1.png
Thu 15 Jan 03:29:59 GMT 2026: Set wallpaper to /home/solo/.config/hypr/wallpapers/2014-Mercedes-Benz-SLS-AMG-Black-Series-009-1440.jpg
Thu 15 Jan 03:31:59 GMT 2026: Set wallpaper to /home/solo/.config/hypr/wallpapers/linux-nitros-dark-ov.jpg
Thu 15 Jan 03:33:59 GMT 2026: Set wallpaper to /home/solo/.config/hypr/wallpapers/SoloLinux4.png
Thu 15 Jan 03:35:59 GMT 2026: Set wallpaper to /home/solo/.config/hypr/wallpapers/2009-Mercedes-Benz-SL-65-AMG-Black-003-1080.jpg
Thu 15 Jan 03:37:59 GMT 2026: Set wallpaper to /home/solo/.config/hypr/wallpapers/SoloLinux4.png
Thu 15 Jan 03:39:59 GMT 2026: Set wallpaper to /home/solo/.config/hypr/wallpapers/2008-Mazda-Furai-Concept-004-1440.jpg
Thu 15 Jan 03:41:59 GMT 2026: Set wallpaper to /home/solo/.config/hypr/wallpapers/W05.jpg
Thu 15 Jan 03:43:59 GMT 2026: Set wallpaper to /home/solo/.config/hypr/wallpapers/2011-Mercedes-Benz-C63-AMG-Coupe-Black-001-1080.jpg
Thu 15 Jan 03:45:59 GMT 2026: Set wallpaper to /home/solo/.config/hypr/wallpapers/2014-Mercedes-Benz-SLS-AMG-Black-Series-009-1440.jpg
Thu 15 Jan 03:47:59 GMT 2026: Set wallpaper to /home/solo/.config/hypr/wallpapers/2011-Mercedes-Benz-C63-AMG-Coupe-Black-001-1080.jpg
Thu 15 Jan 03:49:59 GMT 2026: Set wallpaper to /home/solo/.config/hypr/wallpapers/SoloLinux_Wallpaper_1.png
Thu 15 Jan 03:51:59 GMT 2026: Set wallpaper to /home/solo/.config/hypr/wallpapers/SoloLinux_Wallpaper_Blue_White_Text.png
Thu 15 Jan 03:53:59 GMT 2026: Set wallpaper to /home/solo/.config/hypr/wallpapers/2019-Bugatti-Divo.jpg
Thu 15 Jan 03:55:59 GMT 2026: Set wallpaper to /home/solo/.config/hypr/wallpapers/2011-Mercedes-Benz-C63-AMG-Coupe-Black-001-1080.jpg
Thu 15 Jan 03:57:59 GMT 2026: Set wallpaper to /home/solo/.config/hypr/wallpapers/2014-Mercedes-Benz-SLS-AMG-Black-Series-009-1440.jpg
Thu 15 Jan 03:59:59 GMT 2026: Set wallpaper to /home/solo/.config/hypr/wallpapers/2008-Mazda-Furai-Concept_grey.png
Thu 15 Jan 04:01:59 GMT 2026: Set wallpaper to /home/solo/.config/hypr/wallpapers/W05.jpg
Thu 15 Jan 04:03:59 GMT 2026: Set wallpaper to /home/solo/.config/hypr/wallpapers/2009-Mercedes-Benz-SL-65-AMG-Black-003-1080.jpg
Thu 15 Jan 04:05:59 GMT 2026: Set wallpaper to /home/solo/.config/hypr/wallpapers/hamilton_3079629.jpg
Thu 15 Jan 04:07:59 GMT 2026: Set wallpaper to /home/solo/.config/hypr/wallpapers/thumb-1920-1345403.jpeg
Thu 15 Jan 04:09:59 GMT 2026: Set wallpaper to /home/solo/.config/hypr/wallpapers/2011-Mercedes-Benz-C63-AMG-Coupe-Black-002-1080.jpg
Thu 15 Jan 04:11:59 GMT 2026: Set wallpaper to /home/solo/.config/hypr/wallpapers/SilverW11.jpg
Thu 15 Jan 04:13:59 GMT 2026: Set wallpaper to /home/solo/.config/hypr/wallpapers/W11_with_DRS.jpg
Thu 15 Jan 04:15:59 GMT 2026: Set wallpaper to /home/solo/.config/hypr/wallpapers/w11_pfp.webp
Thu 15 Jan 04:17:59 GMT 2026: Set wallpaper to /home/solo/.config/hypr/wallpapers/linux-nitros-dark-ov.jpg
Thu 15 Jan 04:19:59 GMT 2026: Set wallpaper to /home/solo/.config/hypr/wallpapers/2011-Mercedes-Benz-C63-AMG-Coupe-Black-002-1080.jpg
Thu 15 Jan 04:21:59 GMT 2026: Set wallpaper to /home/solo/.config/hypr/wallpapers/SilverW11.jpg
Thu 15 Jan 04:23:59 GMT 2026: Set wallpaper to /home/solo/.config/hypr/wallpapers/w11_wets.webp
Thu 15 Jan 04:25:59 GMT 2026: Set wallpaper to /home/solo/.config/hypr/wallpapers/hamilton_3079629.jpg
Thu 15 Jan 04:27:59 GMT 2026: Set wallpaper to /home/solo/.config/hypr/wallpapers/thumb-1920-1345403.jpeg
Thu 15 Jan 04:29:59 GMT 2026: Set wallpaper to /home/solo/.config/hypr/wallpapers/2008-Mazda-Furai-Concept_grey.png
Thu 15 Jan 04:31:59 GMT 2026: Set wallpaper to /home/solo/.config/hypr/wallpapers/SoloLinux_Blue_And_WHite_Text_Dark.png
Thu 15 Jan 04:33:59 GMT 2026: Set wallpaper to /home/solo/.config/hypr/wallpapers/mazda-mx5-miata-mazda-3351.jpg
Thu 15 Jan 04:35:59 GMT 2026: Set wallpaper to /home/solo/.config/hypr/wallpapers/astize_cc0_split1.png
Thu 15 Jan 04:37:59 GMT 2026: Set wallpaper to /home/solo/.config/hypr/wallpapers/SoloLinux_Wallpaper_Blue_White_Text.png
Thu 15 Jan 04:40:00 GMT 2026: Set wallpaper to /home/solo/.config/hypr/wallpapers/2005-Ferrari-F430-007-1080.jpg
Thu 15 Jan 04:42:00 GMT 2026: Set wallpaper to /home/solo/.config/hypr/wallpapers/1979-Canepa-BMW-M1-Procar_grey.png
Thu 15 Jan 04:44:00 GMT 2026: Set wallpaper to /home/solo/.config/hypr/wallpapers/2014-Mercedes-Benz-SLS-AMG-Black-Series-009-1440.jpg
Thu 15 Jan 04:46:00 GMT 2026: Set wallpaper to /home/solo/.config/hypr/wallpapers/mazda-mx5-miata-mazda-3351.jpg
Thu 15 Jan 04:46:48 GMT 2026: Set wallpaper to /home/solo/.config/hypr/wallpapers/2011-Mercedes-Benz-C63-AMG-Coupe-Black-001-1080.jpg
Thu 15 Jan 04:48:48 GMT 2026: Set wallpaper to /home/solo/.config/hypr/wallpapers/w11_wets.webp
Thu 15 Jan 09:06:27 GMT 2026: Set wallpaper to /home/solo/.config/hypr/wallpapers/1979-Canepa-BMW-M1-Procar_grey.png
Thu 15 Jan 09:08:27 GMT 2026: Set wallpaper to /home/solo/.config/hypr/wallpapers/mercedes_amg_f1_m11_eq_performance_4k-HD.jpg
Thu 15 Jan 09:10:27 GMT 2026: Set wallpaper to /home/solo/.config/hypr/wallpapers/SoloLinux_Wallpaper_Blue_White_Text.png
Thu 15 Jan 09:12:28 GMT 2026: Set wallpaper to /home/solo/.config/hypr/wallpapers/1979-Canepa-BMW-M1-Procar_grey.png
Thu 15 Jan 09:14:28 GMT 2026: Set wallpaper to /home/solo/.config/hypr/wallpapers/hyprland_wallpaper.png
Thu 15 Jan 09:16:28 GMT 2026: Set wallpaper to /home/solo/.config/hypr/wallpapers/w05.webp
Thu 15 Jan 09:18:28 GMT 2026: Set wallpaper to /home/solo/.config/hypr/wallpapers/SilverW11.jpg
Thu 15 Jan 09:20:28 GMT 2026: Set wallpaper to /home/solo/.config/hypr/wallpapers/2008-Mazda-Furai-Concept-004-1440.jpg
Thu 15 Jan 09:22:28 GMT 2026: Set wallpaper to /home/solo/.config/hypr/wallpapers/1979-Canepa-BMW-M1-Procar_grey.png
Thu 15 Jan 09:24:28 GMT 2026: Set wallpaper to /home/solo/.config/hypr/wallpapers/mazda-mx5-miata-mazda-3351.jpg
Thu 15 Jan 09:26:28 GMT 2026: Set wallpaper to /home/solo/.config/hypr/wallpapers/SoloLinux4.png
Thu 15 Jan 09:28:28 GMT 2026: Set wallpaper to /home/solo/.config/hypr/wallpapers/2011-Mercedes-Benz-C63-AMG-Coupe-Black-002-1080.jpg
Thu 15 Jan 09:30:28 GMT 2026: Set wallpaper to /home/solo/.config/hypr/wallpapers/2005-Ferrari-F430-007-1080.jpg
Thu 15 Jan 09:32:28 GMT 2026: Set wallpaper to /home/solo/.config/hypr/wallpapers/hamilton_3079629.jpg
Thu 15 Jan 09:34:28 GMT 2026: Set wallpaper to /home/solo/.config/hypr/wallpapers/mercedes-w11.webp
Thu 15 Jan 09:36:28 GMT 2026: Set wallpaper to /home/solo/.config/hypr/wallpapers/linux-nitros-dark-ov.jpg
Thu 15 Jan 09:38:28 GMT 2026: Set wallpaper to /home/solo/.config/hypr/wallpapers/mazda-mx5-miata-mazda-3351.jpg
Thu 15 Jan 09:40:28 GMT 2026: Set wallpaper to /home/solo/.config/hypr/wallpapers/W11_with_DRS.jpg
Thu 15 Jan 09:42:28 GMT 2026: Set wallpaper to /home/solo/.config/hypr/wallpapers/2011-Mercedes-Benz-C63-AMG-Coupe-Black-002-1080.jpg
Thu 15 Jan 09:44:28 GMT 2026: Set wallpaper to /home/solo/.config/hypr/wallpapers/1968-Lamborghini-Miura-Jota-SVR-001-1080.jpg
Thu 15 Jan 09:46:28 GMT 2026: Set wallpaper to /home/solo/.config/hypr/wallpapers/w05.webp
Thu 15 Jan 13:14:09 GMT 2026: Set wallpaper to /home/solo/.config/hypr/wallpapers/simple.png
Thu 15 Jan 13:16:09 GMT 2026: Set wallpaper to /home/solo/.config/hypr/wallpapers/SilverW11.jpg
Thu 15 Jan 13:18:09 GMT 2026: Set wallpaper to /home/solo/.config/hypr/wallpapers/W11_with_DRS.jpg
Thu 15 Jan 13:20:09 GMT 2026: Set wallpaper to /home/solo/.config/hypr/wallpapers/mercedes_amg_f1_m11_eq_performance_4k-HD.jpg
Thu 15 Jan 13:22:09 GMT 2026: Set wallpaper to /home/solo/.config/hypr/wallpapers/astize_cc0_split1.png
Thu 15 Jan 13:24:09 GMT 2026: Set wallpaper to /home/solo/.config/hypr/wallpapers/SoloLinux4.png
Thu 15 Jan 13:26:09 GMT 2026: Set wallpaper to /home/solo/.config/hypr/wallpapers/2011-Mercedes-Benz-C63-AMG-Coupe-Black-002-1080.jpg
Thu 15 Jan 13:28:09 GMT 2026: Set wallpaper to /home/solo/.config/hypr/wallpapers/2008-Mazda-Furai-Concept_grey.png
Thu 15 Jan 13:30:09 GMT 2026: Set wallpaper to /home/solo/.config/hypr/wallpapers/thumb-1920-1345403.jpeg
Thu 15 Jan 13:32:09 GMT 2026: Set wallpaper to /home/solo/.config/hypr/wallpapers/w11_wets.webp
Thu 15 Jan 16:59:48 GMT 2026: Set wallpaper to /home/solo/.config/hypr/wallpapers/2011-Mercedes-Benz-C63-AMG-Coupe-Black-002-1080.jpg
Thu 15 Jan 17:01:48 GMT 2026: Set wallpaper to /home/solo/.config/hypr/wallpapers/2019-Bugatti-Divo.jpg
Thu 15 Jan 17:03:48 GMT 2026: Set wallpaper to /home/solo/.config/hypr/wallpapers/W05.jpg
Thu 15 Jan 17:05:48 GMT 2026: Set wallpaper to /home/solo/.config/hypr/wallpapers/2014-Mercedes-Benz-SLS-AMG-Black-Series-009-1440.jpg
Thu 15 Jan 17:07:48 GMT 2026: Set wallpaper to /home/solo/.config/hypr/wallpapers/w11_wets.webp
Thu 15 Jan 17:09:48 GMT 2026: Set wallpaper to /home/solo/.config/hypr/wallpapers/2011-Mercedes-Benz-C63-AMG-Coupe-Black-002-1080.jpg
Thu 15 Jan 17:11:48 GMT 2026: Set wallpaper to /home/solo/.config/hypr/wallpapers/simple.png
Thu 15 Jan 17:13:48 GMT 2026: Set wallpaper to /home/solo/.config/hypr/wallpapers/hamilton_3079629.jpg
Thu 15 Jan 17:15:48 GMT 2026: Set wallpaper to /home/solo/.config/hypr/wallpapers/hyprland_wallpaper.png
Thu 15 Jan 17:17:48 GMT 2026: Set wallpaper to /home/solo/.config/hypr/wallpapers/2008-Mazda-Furai-Concept-004-1440.jpg
Thu 15 Jan 17:19:48 GMT 2026: Set wallpaper to /home/solo/.config/hypr/wallpapers/W05.jpg
Thu 15 Jan 17:21:48 GMT 2026: Set wallpaper to /home/solo/.config/hypr/wallpapers/linux-nitros-dark-ov.jpg
Thu 15 Jan 17:23:48 GMT 2026: Set wallpaper to /home/solo/.config/hypr/wallpapers/2008-Mazda-Furai-Concept-004-1440.jpg
Thu 15 Jan 17:25:48 GMT 2026: Set wallpaper to /home/solo/.config/hypr/wallpapers/2005-Ferrari-F430-007-1080.jpg
Fri 16 Jan 02:31:28 GMT 2026: Set wallpaper to /home/solo/.config/hypr/wallpapers/simple.png
Fri 16 Jan 02:33:28 GMT 2026: Set wallpaper to /home/solo/.config/hypr/wallpapers/2008-Mazda-Furai-Concept_grey.png
Fri 16 Jan 02:35:28 GMT 2026: Set wallpaper to /home/solo/.config/hypr/wallpapers/2008-Mazda-Furai-Concept-004-1440.jpg
Fri 16 Jan 02:37:28 GMT 2026: Set wallpaper to /home/solo/.config/hypr/wallpapers/SilverW11.jpg
Fri 16 Jan 02:39:28 GMT 2026: Set wallpaper to /home/solo/.config/hypr/wallpapers/1979-Canepa-BMW-M1-Procar_grey.png
Fri 16 Jan 02:41:28 GMT 2026: Set wallpaper to /home/solo/.config/hypr/wallpapers/2015-Porsche-918-Spyder-012-1440.jpg
Fri 16 Jan 02:43:28 GMT 2026: Set wallpaper to /home/solo/.config/hypr/wallpapers/SoloLinux_Blue_And_WHite_Text_Dark.png
Fri 16 Jan 02:45:28 GMT 2026: Set wallpaper to /home/solo/.config/hypr/wallpapers/mercedes-w11.webp
Fri 16 Jan 02:47:28 GMT 2026: Set wallpaper to /home/solo/.config/hypr/wallpapers/1979-Canepa-BMW-M1-Procar_grey.png
Fri 16 Jan 02:49:28 GMT 2026: Set wallpaper to /home/solo/.config/hypr/wallpapers/simple.png
Fri 16 Jan 02:51:28 GMT 2026: Set wallpaper to /home/solo/.config/hypr/wallpapers/W05.jpg
Fri 16 Jan 02:53:28 GMT 2026: Set wallpaper to /home/solo/.config/hypr/wallpapers/2015-Porsche-918-Spyder-012-1440.jpg
Fri 16 Jan 02:55:28 GMT 2026: Set wallpaper to /home/solo/.config/hypr/wallpapers/1968-Lamborghini-Miura-Jota-SVR-001-1080.jpg
Fri 16 Jan 02:57:28 GMT 2026: Set wallpaper to /home/solo/.config/hypr/wallpapers/linux-nitros-dark-ov.jpg
Fri 16 Jan 04:59:17 GMT 2026: Set wallpaper to /home/solo/.config/hypr/wallpapers/2014-Mercedes-Benz-SLS-AMG-Black-Series-009-1440.jpg
Fri 16 Jan 05:01:17 GMT 2026: Set wallpaper to /home/solo/.config/hypr/wallpapers/2008-Mazda-Furai-Concept_grey.png
Fri 16 Jan 05:03:17 GMT 2026: Set wallpaper to /home/solo/.config/hypr/wallpapers/mercedes_amg_f1_m11_eq_performance_4k-HD.jpg
Fri 16 Jan 14:29:40 GMT 2026: Set wallpaper to /home/solo/.config/hypr/wallpapers/w11_pfp.webp
Fri 16 Jan 14:31:40 GMT 2026: Set wallpaper to /home/solo/.config/hypr/wallpapers/2005-Ferrari-F430-007-1080.jpg
Fri 16 Jan 14:33:40 GMT 2026: Set wallpaper to /home/solo/.config/hypr/wallpapers/2019-Bugatti-Divo.jpg
Fri 16 Jan 14:35:40 GMT 2026: Set wallpaper to /home/solo/.config/hypr/wallpapers/2011-Mercedes-Benz-C63-AMG-Coupe-Black-001-1080.jpg
Fri 16 Jan 14:37:40 GMT 2026: Set wallpaper to /home/solo/.config/hypr/wallpapers/mercedes_amg_f1_m11_eq_performance_4k-HD.jpg
Fri 16 Jan 14:39:40 GMT 2026: Set wallpaper to /home/solo/.config/hypr/wallpapers/2008-Mazda-Furai-Concept_grey.png
Fri 16 Jan 14:41:40 GMT 2026: Set wallpaper to /home/solo/.config/hypr/wallpapers/2019-Bugatti-Divo.jpg
Fri 16 Jan 14:43:40 GMT 2026: Set wallpaper to /home/solo/.config/hypr/wallpapers/astize_cc0_split1.png
Fri 16 Jan 14:45:40 GMT 2026: Set wallpaper to /home/solo/.config/hypr/wallpapers/w05.webp
Fri 16 Jan 14:47:40 GMT 2026: Set wallpaper to /home/solo/.config/hypr/wallpapers/mercedes_amg_f1_m11_eq_performance_4k-HD.jpg
Fri 16 Jan 14:49:40 GMT 2026: Set wallpaper to /home/solo/.config/hypr/wallpapers/w05.webp
Fri 16 Jan 14:51:40 GMT 2026: Set wallpaper to /home/solo/.config/hypr/wallpapers/mazda-mx5-miata-mazda-3351.jpg
Fri 16 Jan 14:53:40 GMT 2026: Set wallpaper to /home/solo/.config/hypr/wallpapers/W05.jpg
Fri 16 Jan 14:55:41 GMT 2026: Set wallpaper to /home/solo/.config/hypr/wallpapers/linux-nitros-dark-ov.jpg
Fri 16 Jan 14:57:41 GMT 2026: Set wallpaper to /home/solo/.config/hypr/wallpapers/2008-Mazda-Furai-Concept_grey.png
Fri 16 Jan 14:59:41 GMT 2026: Set wallpaper to /home/solo/.config/hypr/wallpapers/linux-nitros-dark-ov.jpg
Fri 16 Jan 19:01:13 GMT 2026: Set wallpaper to /home/solo/.config/hypr/wallpapers/SoloLinux_Wallpaper_1.png
Fri 16 Jan 19:03:13 GMT 2026: Set wallpaper to /home/solo/.config/hypr/wallpapers/simple.png
Fri 16 Jan 19:05:13 GMT 2026: Set wallpaper to /home/solo/.config/hypr/wallpapers/2014-Mercedes-Benz-SLS-AMG-Black-Series-009-1440.jpg
Fri 16 Jan 19:07:13 GMT 2026: Set wallpaper to /home/solo/.config/hypr/wallpapers/astize_cc0_split1.png
Fri 16 Jan 19:09:13 GMT 2026: Set wallpaper to /home/solo/.config/hypr/wallpapers/2019-Bugatti-Divo.jpg
Fri 16 Jan 19:11:13 GMT 2026: Set wallpaper to /home/solo/.config/hypr/wallpapers/1968-Lamborghini-Miura-Jota-SVR-001-1080.jpg
Fri 16 Jan 19:13:13 GMT 2026: Set wallpaper to /home/solo/.config/hypr/wallpapers/SoloLinux_Wallpaper_Blue_White_Text.png
Fri 16 Jan 19:15:13 GMT 2026: Set wallpaper to /home/solo/.config/hypr/wallpapers/hyprland_wallpaper.png
Fri 16 Jan 19:17:13 GMT 2026: Set wallpaper to /home/solo/.config/hypr/wallpapers/simple.png
Fri 16 Jan 19:19:13 GMT 2026: Set wallpaper to /home/solo/.config/hypr/wallpapers/mazda-mx5-miata-mazda-3351.jpg
Fri 16 Jan 19:21:13 GMT 2026: Set wallpaper to /home/solo/.config/hypr/wallpapers/2009-Mercedes-Benz-SL-65-AMG-Black-003-1080.jpg
Fri 16 Jan 19:23:13 GMT 2026: Set wallpaper to /home/solo/.config/hypr/wallpapers/w11_pfp.webp
Fri 16 Jan 19:25:13 GMT 2026: Set wallpaper to /home/solo/.config/hypr/wallpapers/SoloLinux_Wallpaper_Blue_White_Text.png
Fri 16 Jan 19:27:13 GMT 2026: Set wallpaper to /home/solo/.config/hypr/wallpapers/W05.jpg
Fri 16 Jan 19:29:13 GMT 2026: Set wallpaper to /home/solo/.config/hypr/wallpapers/linux-nitros-dark-ov.jpg
Fri 16 Jan 19:31:13 GMT 2026: Set wallpaper to /home/solo/.config/hypr/wallpapers/hamilton_3079629.jpg
Fri 16 Jan 19:33:13 GMT 2026: Set wallpaper to /home/solo/.config/hypr/wallpapers/2008-Mazda-Furai-Concept_grey.png
Fri 16 Jan 19:35:13 GMT 2026: Set wallpaper to /home/solo/.config/hypr/wallpapers/2019-Bugatti-Divo.jpg
Fri 16 Jan 19:37:13 GMT 2026: Set wallpaper to /home/solo/.config/hypr/wallpapers/2008-Mazda-Furai-Concept-004-1440.jpg
Fri 16 Jan 22:30:33 GMT 2026: Set wallpaper to /home/solo/.config/hypr/wallpapers/2008-Mazda-Furai-Concept-004-1440.jpg
Fri 16 Jan 22:32:33 GMT 2026: Set wallpaper to /home/solo/.config/hypr/wallpapers/SoloLinux_Wallpaper_1.png
Fri 16 Jan 22:34:33 GMT 2026: Set wallpaper to /home/solo/.config/hypr/wallpapers/simple.png
Fri 16 Jan 22:36:33 GMT 2026: Set wallpaper to /home/solo/.config/hypr/wallpapers/mercedes-w11.webp
Fri 16 Jan 22:38:33 GMT 2026: Set wallpaper to /home/solo/.config/hypr/wallpapers/W05.jpg
Fri 16 Jan 22:40:33 GMT 2026: Set wallpaper to /home/solo/.config/hypr/wallpapers/SilverW11.jpg
Fri 16 Jan 22:42:33 GMT 2026: Set wallpaper to /home/solo/.config/hypr/wallpapers/W11_with_DRS.jpg
Fri 16 Jan 22:44:33 GMT 2026: Set wallpaper to /home/solo/.config/hypr/wallpapers/simple.png
Fri 16 Jan 22:46:33 GMT 2026: Set wallpaper to /home/solo/.config/hypr/wallpapers/2008-Mazda-Furai-Concept_grey.png
Fri 16 Jan 22:48:33 GMT 2026: Set wallpaper to /home/solo/.config/hypr/wallpapers/hamilton_3079629.jpg
Fri 16 Jan 22:50:34 GMT 2026: Set wallpaper to /home/solo/.config/hypr/wallpapers/2014-Mercedes-Benz-SLS-AMG-Black-Series-009-1440.jpg
Fri 16 Jan 22:52:34 GMT 2026: Set wallpaper to /home/solo/.config/hypr/wallpapers/mercedes_amg_f1_m11_eq_performance_4k-HD.jpg
Fri 16 Jan 22:54:34 GMT 2026: Set wallpaper to /home/solo/.config/hypr/wallpapers/1968-Lamborghini-Miura-Jota-SVR-001-1080.jpg
Fri 16 Jan 22:56:34 GMT 2026: Set wallpaper to /home/solo/.config/hypr/wallpapers/w05.webp
Fri 16 Jan 22:58:34 GMT 2026: Set wallpaper to /home/solo/.config/hypr/wallpapers/1979-Canepa-BMW-M1-Procar_grey.png
Fri 16 Jan 23:00:34 GMT 2026: Set wallpaper to /home/solo/.config/hypr/wallpapers/2011-Mercedes-Benz-C63-AMG-Coupe-Black-002-1080.jpg
Fri 16 Jan 23:02:34 GMT 2026: Set wallpaper to /home/solo/.config/hypr/wallpapers/2015-Porsche-918-Spyder-012-1440.jpg
Fri 16 Jan 23:04:34 GMT 2026: Set wallpaper to /home/solo/.config/hypr/wallpapers/hyprland_wallpaper.png
Fri 16 Jan 23:06:34 GMT 2026: Set wallpaper to /home/solo/.config/hypr/wallpapers/2011-Mercedes-Benz-C63-AMG-Coupe-Black-001-1080.jpg
Fri 16 Jan 23:08:34 GMT 2026: Set wallpaper to /home/solo/.config/hypr/wallpapers/1968-Lamborghini-Miura-Jota-SVR-001-1080.jpg
Fri 16 Jan 23:10:34 GMT 2026: Set wallpaper to /home/solo/.config/hypr/wallpapers/W05.jpg
Fri 16 Jan 23:12:34 GMT 2026: Set wallpaper to /home/solo/.config/hypr/wallpapers/2011-Mercedes-Benz-C63-AMG-Coupe-Black-001-1080.jpg
Fri 16 Jan 23:14:34 GMT 2026: Set wallpaper to /home/solo/.config/hypr/wallpapers/hyprland_wallpaper.png
Sat 17 Jan 00:00:05 GMT 2026: Set wallpaper to /home/solo/.config/hypr/wallpapers/mercedes_amg_f1_m11_eq_performance_4k-HD.jpg
Sat 17 Jan 00:02:05 GMT 2026: Set wallpaper to /home/solo/.config/hypr/wallpapers/2005-Ferrari-F430-007-1080.jpg
Sat 17 Jan 00:04:05 GMT 2026: Set wallpaper to /home/solo/.config/hypr/wallpapers/2008-Mazda-Furai-Concept_grey.png
Sat 17 Jan 00:06:05 GMT 2026: Set wallpaper to /home/solo/.config/hypr/wallpapers/2005-Ferrari-F430-007-1080.jpg
Sat 17 Jan 15:58:44 GMT 2026: Set wallpaper to /home/solo/.config/hypr/wallpapers/simple.png
Sat 17 Jan 16:00:44 GMT 2026: Set wallpaper to /home/solo/.config/hypr/wallpapers/2011-Mercedes-Benz-C63-AMG-Coupe-Black-001-1080.jpg
Sat 17 Jan 16:02:44 GMT 2026: Set wallpaper to /home/solo/.config/hypr/wallpapers/2008-Mazda-Furai-Concept_grey.png
Sat 17 Jan 16:04:44 GMT 2026: Set wallpaper to /home/solo/.config/hypr/wallpapers/2008-Mazda-Furai-Concept_grey.png
Sat 17 Jan 16:06:44 GMT 2026: Set wallpaper to /home/solo/.config/hypr/wallpapers/simple.png
Sat 17 Jan 16:08:44 GMT 2026: Set wallpaper to /home/solo/.config/hypr/wallpapers/2011-Mercedes-Benz-C63-AMG-Coupe-Black-002-1080.jpg
Sat 17 Jan 16:10:44 GMT 2026: Set wallpaper to /home/solo/.config/hypr/wallpapers/2014-Mercedes-Benz-SLS-AMG-Black-Series-009-1440.jpg
Sat 17 Jan 16:12:44 GMT 2026: Set wallpaper to /home/solo/.config/hypr/wallpapers/2005-Ferrari-F430-007-1080.jpg
Sat 17 Jan 16:14:44 GMT 2026: Set wallpaper to /home/solo/.config/hypr/wallpapers/mazda-mx5-miata-mazda-3351.jpg
Sat 17 Jan 16:16:44 GMT 2026: Set wallpaper to /home/solo/.config/hypr/wallpapers/2019-Bugatti-Divo.jpg
Sat 17 Jan 16:18:44 GMT 2026: Set wallpaper to /home/solo/.config/hypr/wallpapers/2008-Mazda-Furai-Concept-004-1440.jpg
Sat 17 Jan 16:20:44 GMT 2026: Set wallpaper to /home/solo/.config/hypr/wallpapers/astize_cc0_split1.png
Sat 17 Jan 16:22:44 GMT 2026: Set wallpaper to /home/solo/.config/hypr/wallpapers/2005-Ferrari-F430-007-1080.jpg
Sat 17 Jan 16:24:44 GMT 2026: Set wallpaper to /home/solo/.config/hypr/wallpapers/simple.png
Sat 17 Jan 16:26:44 GMT 2026: Set wallpaper to /home/solo/.config/hypr/wallpapers/2011-Mercedes-Benz-C63-AMG-Coupe-Black-001-1080.jpg
Sat 17 Jan 16:28:44 GMT 2026: Set wallpaper to /home/solo/.config/hypr/wallpapers/1979-Canepa-BMW-M1-Procar_grey.png
Sat 17 Jan 16:30:44 GMT 2026: Set wallpaper to /home/solo/.config/hypr/wallpapers/1968-Lamborghini-Miura-Jota-SVR-001-1080.jpg
Sat 17 Jan 16:32:44 GMT 2026: Set wallpaper to /home/solo/.config/hypr/wallpapers/2014-Mercedes-Benz-SLS-AMG-Black-Series-009-1440.jpg
Sat 17 Jan 16:34:44 GMT 2026: Set wallpaper to /home/solo/.config/hypr/wallpapers/SoloLinux_Wallpaper_1.png
Sat 17 Jan 16:36:44 GMT 2026: Set wallpaper to /home/solo/.config/hypr/wallpapers/SilverW11.jpg
Sat 17 Jan 16:38:44 GMT 2026: Set wallpaper to /home/solo/.config/hypr/wallpapers/w05.webp
Sat 17 Jan 16:40:44 GMT 2026: Set wallpaper to /home/solo/.config/hypr/wallpapers/2008-Mazda-Furai-Concept_grey.png
Sat 17 Jan 16:42:44 GMT 2026: Set wallpaper to /home/solo/.config/hypr/wallpapers/hyprland_wallpaper.png
Sat 17 Jan 16:44:44 GMT 2026: Set wallpaper to /home/solo/.config/hypr/wallpapers/mercedes_amg_f1_m11_eq_performance_4k-HD.jpg
Sat 17 Jan 16:46:44 GMT 2026: Set wallpaper to /home/solo/.config/hypr/wallpapers/2009-Mercedes-Benz-SL-65-AMG-Black-003-1080.jpg
Sat 17 Jan 17:24:57 GMT 2026: Set wallpaper to /home/solo/.config/hypr/wallpapers/2015-Porsche-918-Spyder-012-1440.jpg
Sat 17 Jan 17:26:57 GMT 2026: Set wallpaper to /home/solo/.config/hypr/wallpapers/SoloLinux_Wallpaper_Blue_White_Text.png
Sat 17 Jan 17:28:57 GMT 2026: Set wallpaper to /home/solo/.config/hypr/wallpapers/SoloLinux_Wallpaper_1.png
Sat 17 Jan 17:30:57 GMT 2026: Set wallpaper to /home/solo/.config/hypr/wallpapers/SoloLinux_Wallpaper_1.png
Sat 17 Jan 17:32:57 GMT 2026: Set wallpaper to /home/solo/.config/hypr/wallpapers/SoloLinux_Wallpaper_Blue_White_Text.png
Sat 17 Jan 17:34:57 GMT 2026: Set wallpaper to /home/solo/.config/hypr/wallpapers/2015-Porsche-918-Spyder-012-1440.jpg
Sat 17 Jan 17:36:57 GMT 2026: Set wallpaper to /home/solo/.config/hypr/wallpapers/linux-nitros-dark-ov.jpg
Sat 17 Jan 17:38:57 GMT 2026: Set wallpaper to /home/solo/.config/hypr/wallpapers/2008-Mazda-Furai-Concept_grey.png
Sat 17 Jan 17:40:57 GMT 2026: Set wallpaper to /home/solo/.config/hypr/wallpapers/2009-Mercedes-Benz-SL-65-AMG-Black-003-1080.jpg
Sat 17 Jan 17:42:57 GMT 2026: Set wallpaper to /home/solo/.config/hypr/wallpapers/SoloLinux_Blue_And_WHite_Text_Dark.png
Sat 17 Jan 17:44:57 GMT 2026: Set wallpaper to /home/solo/.config/hypr/wallpapers/2005-Ferrari-F430-007-1080.jpg
Sat 17 Jan 17:46:57 GMT 2026: Set wallpaper to /home/solo/.config/hypr/wallpapers/W11_with_DRS.jpg
Sat 17 Jan 17:48:57 GMT 2026: Set wallpaper to /home/solo/.config/hypr/wallpapers/w05.webp
Sat 17 Jan 17:50:57 GMT 2026: Set wallpaper to /home/solo/.config/hypr/wallpapers/hamilton_3079629.jpg
Sat 17 Jan 17:52:57 GMT 2026: Set wallpaper to /home/solo/.config/hypr/wallpapers/2011-Mercedes-Benz-C63-AMG-Coupe-Black-001-1080.jpg
Sat 17 Jan 17:54:57 GMT 2026: Set wallpaper to /home/solo/.config/hypr/wallpapers/astize_cc0_split1.png
Sat 17 Jan 17:56:57 GMT 2026: Set wallpaper to /home/solo/.config/hypr/wallpapers/SoloLinux_Wallpaper_Blue_White_Text.png
Sat 17 Jan 17:58:57 GMT 2026: Set wallpaper to /home/solo/.config/hypr/wallpapers/2005-Ferrari-F430-007-1080.jpg
Sat 17 Jan 18:00:57 GMT 2026: Set wallpaper to /home/solo/.config/hypr/wallpapers/2011-Mercedes-Benz-C63-AMG-Coupe-Black-002-1080.jpg
Sat 17 Jan 18:02:57 GMT 2026: Set wallpaper to /home/solo/.config/hypr/wallpapers/2009-Mercedes-Benz-SL-65-AMG-Black-003-1080.jpg
Sun 18 Jan 16:20:53 GMT 2026: Set wallpaper to /home/solo/.config/hypr/wallpapers/2008-Mazda-Furai-Concept-004-1440.jpg
Sun 18 Jan 16:22:53 GMT 2026: Set wallpaper to /home/solo/.config/hypr/wallpapers/hamilton_3079629.jpg
Sun 18 Jan 16:24:53 GMT 2026: Set wallpaper to /home/solo/.config/hypr/wallpapers/SoloLinux_Wallpaper_Blue_White_Text.png
Sun 18 Jan 16:26:53 GMT 2026: Set wallpaper to /home/solo/.config/hypr/wallpapers/2008-Mazda-Furai-Concept_grey.png
Sun 18 Jan 16:28:53 GMT 2026: Set wallpaper to /home/solo/.config/hypr/wallpapers/W11_with_DRS.jpg
Sun 18 Jan 16:30:53 GMT 2026: Set wallpaper to /home/solo/.config/hypr/wallpapers/w11_pfp.webp
Sun 18 Jan 16:32:53 GMT 2026: Set wallpaper to /home/solo/.config/hypr/wallpapers/thumb-1920-1345403.jpeg
Sun 18 Jan 16:34:53 GMT 2026: Set wallpaper to /home/solo/.config/hypr/wallpapers/2011-Mercedes-Benz-C63-AMG-Coupe-Black-001-1080.jpg
Sun 18 Jan 16:36:53 GMT 2026: Set wallpaper to /home/solo/.config/hypr/wallpapers/2009-Mercedes-Benz-SL-65-AMG-Black-003-1080.jpg
Sun 18 Jan 16:38:53 GMT 2026: Set wallpaper to /home/solo/.config/hypr/wallpapers/w11_wets.webp
Sun 18 Jan 16:40:53 GMT 2026: Set wallpaper to /home/solo/.config/hypr/wallpapers/2015-Porsche-918-Spyder-012-1440.jpg
Sun 18 Jan 16:42:53 GMT 2026: Set wallpaper to /home/solo/.config/hypr/wallpapers/2009-Mercedes-Benz-SL-65-AMG-Black-003-1080.jpg
Sun 18 Jan 16:44:53 GMT 2026: Set wallpaper to /home/solo/.config/hypr/wallpapers/hyprland_wallpaper.png
Sun 18 Jan 16:46:53 GMT 2026: Set wallpaper to /home/solo/.config/hypr/wallpapers/mazda-mx5-miata-mazda-3351.jpg
Sun 18 Jan 16:48:53 GMT 2026: Set wallpaper to /home/solo/.config/hypr/wallpapers/thumb-1920-1345403.jpeg
Sun 18 Jan 16:50:53 GMT 2026: Set wallpaper to /home/solo/.config/hypr/wallpapers/SilverW11.jpg
Sun 18 Jan 16:52:53 GMT 2026: Set wallpaper to /home/solo/.config/hypr/wallpapers/SoloLinux_Wallpaper_1.png
Sun 18 Jan 16:54:53 GMT 2026: Set wallpaper to /home/solo/.config/hypr/wallpapers/2009-Mercedes-Benz-SL-65-AMG-Black-003-1080.jpg
Sun 18 Jan 16:56:53 GMT 2026: Set wallpaper to /home/solo/.config/hypr/wallpapers/2014-Mercedes-Benz-SLS-AMG-Black-Series-009-1440.jpg
Sun 18 Jan 16:58:53 GMT 2026: Set wallpaper to /home/solo/.config/hypr/wallpapers/w11_wets.webp
Sun 18 Jan 17:00:53 GMT 2026: Set wallpaper to /home/solo/.config/hypr/wallpapers/mercedes_amg_f1_m11_eq_performance_4k-HD.jpg
Sun 18 Jan 17:02:53 GMT 2026: Set wallpaper to /home/solo/.config/hypr/wallpapers/mercedes-w11.webp
Sun 18 Jan 17:04:53 GMT 2026: Set wallpaper to /home/solo/.config/hypr/wallpapers/2015-Porsche-918-Spyder-012-1440.jpg
Sun 18 Jan 18:09:53 GMT 2026: Set wallpaper to /home/solo/.config/hypr/wallpapers/w11_wets.webp
Sun 18 Jan 18:11:53 GMT 2026: Set wallpaper to /home/solo/.config/hypr/wallpapers/SoloLinux4.png
Sun 18 Jan 18:13:53 GMT 2026: Set wallpaper to /home/solo/.config/hypr/wallpapers/mercedes-w11.webp
Sun 18 Jan 18:15:53 GMT 2026: Set wallpaper to /home/solo/.config/hypr/wallpapers/mercedes-w11.webp
Sun 18 Jan 18:17:53 GMT 2026: Set wallpaper to /home/solo/.config/hypr/wallpapers/thumb-1920-1345403.jpeg
Sun 18 Jan 18:19:53 GMT 2026: Set wallpaper to /home/solo/.config/hypr/wallpapers/1968-Lamborghini-Miura-Jota-SVR-001-1080.jpg
Sun 18 Jan 18:21:53 GMT 2026: Set wallpaper to /home/solo/.config/hypr/wallpapers/linux-nitros-dark-ov.jpg
Sun 18 Jan 18:23:53 GMT 2026: Set wallpaper to /home/solo/.config/hypr/wallpapers/W05.jpg
Sun 18 Jan 18:25:53 GMT 2026: Set wallpaper to /home/solo/.config/hypr/wallpapers/linux-nitros-dark-ov.jpg
Sun 18 Jan 18:27:53 GMT 2026: Set wallpaper to /home/solo/.config/hypr/wallpapers/1968-Lamborghini-Miura-Jota-SVR-001-1080.jpg
Sun 18 Jan 18:29:53 GMT 2026: Set wallpaper to /home/solo/.config/hypr/wallpapers/thumb-1920-1345403.jpeg
Sun 18 Jan 18:31:53 GMT 2026: Set wallpaper to /home/solo/.config/hypr/wallpapers/w05.webp
Sun 18 Jan 18:33:53 GMT 2026: Set wallpaper to /home/solo/.config/hypr/wallpapers/w11_wets.webp
Sun 18 Jan 18:35:53 GMT 2026: Set wallpaper to /home/solo/.config/hypr/wallpapers/SoloLinux_Wallpaper_1.png
Sun 18 Jan 18:37:53 GMT 2026: Set wallpaper to /home/solo/.config/hypr/wallpapers/W05.jpg
Sun 18 Jan 18:39:54 GMT 2026: Set wallpaper to /home/solo/.config/hypr/wallpapers/2019-Bugatti-Divo.jpg
Sun 18 Jan 18:41:54 GMT 2026: Set wallpaper to /home/solo/.config/hypr/wallpapers/w05.webp
Sun 18 Jan 18:43:54 GMT 2026: Set wallpaper to /home/solo/.config/hypr/wallpapers/2008-Mazda-Furai-Concept_grey.png
Sun 18 Jan 18:45:54 GMT 2026: Set wallpaper to /home/solo/.config/hypr/wallpapers/SoloLinux_Wallpaper_Blue_White_Text.png
Sun 18 Jan 18:47:54 GMT 2026: Set wallpaper to /home/solo/.config/hypr/wallpapers/2009-Mercedes-Benz-SL-65-AMG-Black-003-1080.jpg
Sun 18 Jan 18:49:54 GMT 2026: Set wallpaper to /home/solo/.config/hypr/wallpapers/simple.png
Sun 18 Jan 21:52:23 GMT 2026: Set wallpaper to /home/solo/.config/hypr/wallpapers/linux-nitros-dark-ov.jpg
Sun 18 Jan 21:54:23 GMT 2026: Set wallpaper to /home/solo/.config/hypr/wallpapers/2008-Mazda-Furai-Concept_grey.png
Sun 18 Jan 21:56:23 GMT 2026: Set wallpaper to /home/solo/.config/hypr/wallpapers/SilverW11.jpg
Sun 18 Jan 21:58:23 GMT 2026: Set wallpaper to /home/solo/.config/hypr/wallpapers/w11_pfp.webp
Sun 18 Jan 22:00:23 GMT 2026: Set wallpaper to /home/solo/.config/hypr/wallpapers/2011-Mercedes-Benz-C63-AMG-Coupe-Black-002-1080.jpg
Sun 18 Jan 22:02:23 GMT 2026: Set wallpaper to /home/solo/.config/hypr/wallpapers/2011-Mercedes-Benz-C63-AMG-Coupe-Black-002-1080.jpg
Sun 18 Jan 22:04:23 GMT 2026: Set wallpaper to /home/solo/.config/hypr/wallpapers/w11_pfp.webp
Sun 18 Jan 22:06:23 GMT 2026: Set wallpaper to /home/solo/.config/hypr/wallpapers/hyprland_wallpaper.png
Sun 18 Jan 22:08:23 GMT 2026: Set wallpaper to /home/solo/.config/hypr/wallpapers/W05.jpg
Sun 18 Jan 22:10:23 GMT 2026: Set wallpaper to /home/solo/.config/hypr/wallpapers/SoloLinux_Wallpaper_1.png
Sun 18 Jan 22:12:23 GMT 2026: Set wallpaper to /home/solo/.config/hypr/wallpapers/SoloLinux_Wallpaper_1.png
Sun 18 Jan 22:14:23 GMT 2026: Set wallpaper to /home/solo/.config/hypr/wallpapers/SoloLinux_Wallpaper_Blue_White_Text.png
Sun 18 Jan 22:16:23 GMT 2026: Set wallpaper to /home/solo/.config/hypr/wallpapers/w11_wets.webp
Sun 18 Jan 22:18:23 GMT 2026: Set wallpaper to /home/solo/.config/hypr/wallpapers/mercedes-w11.webp
Sun 18 Jan 22:20:23 GMT 2026: Set wallpaper to /home/solo/.config/hypr/wallpapers/SilverW11.jpg
Sun 18 Jan 22:22:23 GMT 2026: Set wallpaper to /home/solo/.config/hypr/wallpapers/W05.jpg
Sun 18 Jan 22:24:23 GMT 2026: Set wallpaper to /home/solo/.config/hypr/wallpapers/W05.jpg
Sun 18 Jan 22:26:23 GMT 2026: Set wallpaper to /home/solo/.config/hypr/wallpapers/2015-Porsche-918-Spyder-012-1440.jpg
Sun 18 Jan 22:28:23 GMT 2026: Set wallpaper to /home/solo/.config/hypr/wallpapers/2009-Mercedes-Benz-SL-65-AMG-Black-003-1080.jpg
Sun 18 Jan 22:30:23 GMT 2026: Set wallpaper to /home/solo/.config/hypr/wallpapers/SoloLinux4.png
Sun 18 Jan 22:32:23 GMT 2026: Set wallpaper to /home/solo/.config/hypr/wallpapers/2005-Ferrari-F430-007-1080.jpg
Mon 19 Jan 12:21:25 GMT 2026: Set wallpaper to /home/solo/.config/hypr/wallpapers/SoloLinux_Wallpaper_1.png
Mon 19 Jan 12:23:25 GMT 2026: Set wallpaper to /home/solo/.config/hypr/wallpapers/1979-Canepa-BMW-M1-Procar_grey.png
Mon 19 Jan 12:25:25 GMT 2026: Set wallpaper to /home/solo/.config/hypr/wallpapers/2009-Mercedes-Benz-SL-65-AMG-Black-003-1080.jpg
Mon 19 Jan 12:27:25 GMT 2026: Set wallpaper to /home/solo/.config/hypr/wallpapers/w11_wets.webp
Mon 19 Jan 12:29:25 GMT 2026: Set wallpaper to /home/solo/.config/hypr/wallpapers/SoloLinux_Wallpaper_1.png
Mon 19 Jan 12:31:26 GMT 2026: Set wallpaper to /home/solo/.config/hypr/wallpapers/simple.png
Mon 19 Jan 12:33:26 GMT 2026: Set wallpaper to /home/solo/.config/hypr/wallpapers/simple.png
Mon 19 Jan 12:35:26 GMT 2026: Set wallpaper to /home/solo/.config/hypr/wallpapers/2009-Mercedes-Benz-SL-65-AMG-Black-003-1080.jpg
Mon 19 Jan 12:37:26 GMT 2026: Set wallpaper to /home/solo/.config/hypr/wallpapers/w05.webp
Mon 19 Jan 12:39:26 GMT 2026: Set wallpaper to /home/solo/.config/hypr/wallpapers/2008-Mazda-Furai-Concept-004-1440.jpg
Mon 19 Jan 16:45:22 GMT 2026: Set wallpaper to /home/solo/.config/hypr/wallpapers/2008-Mazda-Furai-Concept_grey.png
Mon 19 Jan 16:47:22 GMT 2026: Set wallpaper to /home/solo/.config/hypr/wallpapers/2011-Mercedes-Benz-C63-AMG-Coupe-Black-001-1080.jpg
Mon 19 Jan 16:49:22 GMT 2026: Set wallpaper to /home/solo/.config/hypr/wallpapers/linux-nitros-dark-ov.jpg
Mon 19 Jan 16:51:22 GMT 2026: Set wallpaper to /home/solo/.config/hypr/wallpapers/2008-Mazda-Furai-Concept_grey.png
Mon 19 Jan 16:53:22 GMT 2026: Set wallpaper to /home/solo/.config/hypr/wallpapers/hyprland_wallpaper.png
Mon 19 Jan 16:55:22 GMT 2026: Set wallpaper to /home/solo/.config/hypr/wallpapers/hamilton_3079629.jpg
Mon 19 Jan 16:57:22 GMT 2026: Set wallpaper to /home/solo/.config/hypr/wallpapers/w11_wets.webp
Mon 19 Jan 16:59:22 GMT 2026: Set wallpaper to /home/solo/.config/hypr/wallpapers/astize_cc0_split1.png
Mon 19 Jan 23:28:35 GMT 2026: Set wallpaper to /home/solo/.config/hypr/wallpapers/SoloLinux_Wallpaper_1.png
Mon 19 Jan 23:30:35 GMT 2026: Set wallpaper to /home/solo/.config/hypr/wallpapers/2014-Mercedes-Benz-SLS-AMG-Black-Series-009-1440.jpg
Mon 19 Jan 23:32:35 GMT 2026: Set wallpaper to /home/solo/.config/hypr/wallpapers/thumb-1920-1345403.jpeg
Mon 19 Jan 23:34:35 GMT 2026: Set wallpaper to /home/solo/.config/hypr/wallpapers/SilverW11.jpg
Mon 19 Jan 23:36:35 GMT 2026: Set wallpaper to /home/solo/.config/hypr/wallpapers/2015-Porsche-918-Spyder-012-1440.jpg
Mon 19 Jan 23:38:35 GMT 2026: Set wallpaper to /home/solo/.config/hypr/wallpapers/2008-Mazda-Furai-Concept_grey.png
Mon 19 Jan 23:40:35 GMT 2026: Set wallpaper to /home/solo/.config/hypr/wallpapers/W05.jpg
Mon 19 Jan 23:42:35 GMT 2026: Set wallpaper to /home/solo/.config/hypr/wallpapers/mazda-mx5-miata-mazda-3351.jpg
Mon 19 Jan 23:44:35 GMT 2026: Set wallpaper to /home/solo/.config/hypr/wallpapers/thumb-1920-1345403.jpeg
Mon 19 Jan 23:46:35 GMT 2026: Set wallpaper to /home/solo/.config/hypr/wallpapers/W05.jpg
Mon 19 Jan 23:48:35 GMT 2026: Set wallpaper to /home/solo/.config/hypr/wallpapers/2014-Mercedes-Benz-SLS-AMG-Black-Series-009-1440.jpg
Mon 19 Jan 23:50:35 GMT 2026: Set wallpaper to /home/solo/.config/hypr/wallpapers/w11_wets.webp
Mon 19 Jan 23:52:35 GMT 2026: Set wallpaper to /home/solo/.config/hypr/wallpapers/mercedes_amg_f1_m11_eq_performance_4k-HD.jpg
Mon 19 Jan 23:54:35 GMT 2026: Set wallpaper to /home/solo/.config/hypr/wallpapers/SoloLinux_Wallpaper_Blue_White_Text.png
Mon 19 Jan 23:56:35 GMT 2026: Set wallpaper to /home/solo/.config/hypr/wallpapers/2008-Mazda-Furai-Concept-004-1440.jpg
Mon 19 Jan 23:58:35 GMT 2026: Set wallpaper to /home/solo/.config/hypr/wallpapers/W11_with_DRS.jpg
Tue 20 Jan 00:00:35 GMT 2026: Set wallpaper to /home/solo/.config/hypr/wallpapers/w11_pfp.webp
Tue 20 Jan 00:02:35 GMT 2026: Set wallpaper to /home/solo/.config/hypr/wallpapers/mercedes_amg_f1_m11_eq_performance_4k-HD.jpg
Tue 20 Jan 00:04:35 GMT 2026: Set wallpaper to /home/solo/.config/hypr/wallpapers/2015-Porsche-918-Spyder-012-1440.jpg
Tue 20 Jan 00:06:35 GMT 2026: Set wallpaper to /home/solo/.config/hypr/wallpapers/thumb-1920-1345403.jpeg
Tue 20 Jan 00:08:35 GMT 2026: Set wallpaper to /home/solo/.config/hypr/wallpapers/w11_wets.webp
Tue 20 Jan 18:46:01 GMT 2026: Set wallpaper to /home/solo/.config/hypr/wallpapers/SoloLinux4.png
Tue 20 Jan 18:48:01 GMT 2026: Set wallpaper to /home/solo/.config/hypr/wallpapers/astize_cc0_split1.png
Tue 20 Jan 18:50:01 GMT 2026: Set wallpaper to /home/solo/.config/hypr/wallpapers/1979-Canepa-BMW-M1-Procar_grey.png
Tue 20 Jan 18:52:01 GMT 2026: Set wallpaper to /home/solo/.config/hypr/wallpapers/linux-nitros-dark-ov.jpg
Tue 20 Jan 18:54:01 GMT 2026: Set wallpaper to /home/solo/.config/hypr/wallpapers/mercedes-w11.webp
Tue 20 Jan 18:56:01 GMT 2026: Set wallpaper to /home/solo/.config/hypr/wallpapers/linux-nitros-dark-ov.jpg
Tue 20 Jan 18:58:01 GMT 2026: Set wallpaper to /home/solo/.config/hypr/wallpapers/2019-Bugatti-Divo.jpg
Tue 20 Jan 19:00:01 GMT 2026: Set wallpaper to /home/solo/.config/hypr/wallpapers/w05.webp
Tue 20 Jan 19:02:01 GMT 2026: Set wallpaper to /home/solo/.config/hypr/wallpapers/hyprland_wallpaper.png
Tue 20 Jan 19:04:01 GMT 2026: Set wallpaper to /home/solo/.config/hypr/wallpapers/2019-Bugatti-Divo.jpg
Tue 20 Jan 19:06:01 GMT 2026: Set wallpaper to /home/solo/.config/hypr/wallpapers/SoloLinux4.png
Tue 20 Jan 19:08:01 GMT 2026: Set wallpaper to /home/solo/.config/hypr/wallpapers/hyprland_wallpaper.png
Tue 20 Jan 19:10:01 GMT 2026: Set wallpaper to /home/solo/.config/hypr/wallpapers/simple.png
Tue 20 Jan 19:12:01 GMT 2026: Set wallpaper to /home/solo/.config/hypr/wallpapers/w11_wets.webp
Wed 21 Jan 02:06:45 GMT 2026: Set wallpaper to /home/solo/.config/hypr/wallpapers/2008-Mazda-Furai-Concept_grey.png
Wed 21 Jan 02:08:45 GMT 2026: Set wallpaper to /home/solo/.config/hypr/wallpapers/W11_with_DRS.jpg
Wed 21 Jan 02:10:45 GMT 2026: Set wallpaper to /home/solo/.config/hypr/wallpapers/mercedes-w11.webp
Wed 21 Jan 02:12:45 GMT 2026: Set wallpaper to /home/solo/.config/hypr/wallpapers/simple.png
Wed 21 Jan 02:14:45 GMT 2026: Set wallpaper to /home/solo/.config/hypr/wallpapers/2009-Mercedes-Benz-SL-65-AMG-Black-003-1080.jpg
Wed 21 Jan 02:16:45 GMT 2026: Set wallpaper to /home/solo/.config/hypr/wallpapers/thumb-1920-1345403.jpeg
Wed 21 Jan 02:18:45 GMT 2026: Set wallpaper to /home/solo/.config/hypr/wallpapers/W05.jpg
Wed 21 Jan 02:20:45 GMT 2026: Set wallpaper to /home/solo/.config/hypr/wallpapers/2008-Mazda-Furai-Concept_grey.png
Wed 21 Jan 02:22:45 GMT 2026: Set wallpaper to /home/solo/.config/hypr/wallpapers/2009-Mercedes-Benz-SL-65-AMG-Black-003-1080.jpg
Wed 21 Jan 02:24:45 GMT 2026: Set wallpaper to /home/solo/.config/hypr/wallpapers/1968-Lamborghini-Miura-Jota-SVR-001-1080.jpg
Wed 21 Jan 02:26:45 GMT 2026: Set wallpaper to /home/solo/.config/hypr/wallpapers/2011-Mercedes-Benz-C63-AMG-Coupe-Black-001-1080.jpg
Wed 21 Jan 02:28:45 GMT 2026: Set wallpaper to /home/solo/.config/hypr/wallpapers/SoloLinux_Wallpaper_Blue_White_Text.png
Wed 21 Jan 02:30:46 GMT 2026: Set wallpaper to /home/solo/.config/hypr/wallpapers/hyprland_wallpaper.png
Wed 21 Jan 02:32:46 GMT 2026: Set wallpaper to /home/solo/.config/hypr/wallpapers/mercedes-w11.webp
Wed 21 Jan 02:34:46 GMT 2026: Set wallpaper to /home/solo/.config/hypr/wallpapers/2019-Bugatti-Divo.jpg
Wed 21 Jan 02:36:46 GMT 2026: Set wallpaper to /home/solo/.config/hypr/wallpapers/hamilton_3079629.jpg
Wed 21 Jan 02:38:46 GMT 2026: Set wallpaper to /home/solo/.config/hypr/wallpapers/1968-Lamborghini-Miura-Jota-SVR-001-1080.jpg
Wed 21 Jan 02:40:46 GMT 2026: Set wallpaper to /home/solo/.config/hypr/wallpapers/mercedes_amg_f1_m11_eq_performance_4k-HD.jpg
Wed 21 Jan 02:42:46 GMT 2026: Set wallpaper to /home/solo/.config/hypr/wallpapers/mercedes_amg_f1_m11_eq_performance_4k-HD.jpg
Wed 21 Jan 02:44:46 GMT 2026: Set wallpaper to /home/solo/.config/hypr/wallpapers/W05.jpg
Wed 21 Jan 02:46:46 GMT 2026: Set wallpaper to /home/solo/.config/hypr/wallpapers/mazda-mx5-miata-mazda-3351.jpg
Wed 21 Jan 11:06:39 GMT 2026: Set wallpaper to /home/solo/.config/hypr/wallpapers/hyprland_wallpaper.png
Wed 21 Jan 11:08:39 GMT 2026: Set wallpaper to /home/solo/.config/hypr/wallpapers/w05.webp
Wed 21 Jan 11:10:39 GMT 2026: Set wallpaper to /home/solo/.config/hypr/wallpapers/2011-Mercedes-Benz-C63-AMG-Coupe-Black-001-1080.jpg
Wed 21 Jan 11:12:39 GMT 2026: Set wallpaper to /home/solo/.config/hypr/wallpapers/mazda-mx5-miata-mazda-3351.jpg
Wed 21 Jan 11:14:39 GMT 2026: Set wallpaper to /home/solo/.config/hypr/wallpapers/mazda-mx5-miata-mazda-3351.jpg
Wed 21 Jan 11:16:39 GMT 2026: Set wallpaper to /home/solo/.config/hypr/wallpapers/w05.webp
Wed 21 Jan 11:18:39 GMT 2026: Set wallpaper to /home/solo/.config/hypr/wallpapers/mercedes-w11.webp
Wed 21 Jan 11:20:39 GMT 2026: Set wallpaper to /home/solo/.config/hypr/wallpapers/1979-Canepa-BMW-M1-Procar_grey.png
Wed 21 Jan 11:22:39 GMT 2026: Set wallpaper to /home/solo/.config/hypr/wallpapers/2014-Mercedes-Benz-SLS-AMG-Black-Series-009-1440.jpg
Wed 21 Jan 11:24:39 GMT 2026: Set wallpaper to /home/solo/.config/hypr/wallpapers/SilverW11.jpg
Wed 21 Jan 11:26:39 GMT 2026: Set wallpaper to /home/solo/.config/hypr/wallpapers/SoloLinux_Wallpaper_Blue_White_Text.png
Wed 21 Jan 11:28:39 GMT 2026: Set wallpaper to /home/solo/.config/hypr/wallpapers/mercedes-w11.webp
Wed 21 Jan 11:30:39 GMT 2026: Set wallpaper to /home/solo/.config/hypr/wallpapers/astize_cc0_split1.png
Wed 21 Jan 11:32:39 GMT 2026: Set wallpaper to /home/solo/.config/hypr/wallpapers/2008-Mazda-Furai-Concept_grey.png
Wed 21 Jan 11:34:39 GMT 2026: Set wallpaper to /home/solo/.config/hypr/wallpapers/W05.jpg
Wed 21 Jan 11:36:39 GMT 2026: Set wallpaper to /home/solo/.config/hypr/wallpapers/SoloLinux4.png
Wed 21 Jan 20:42:59 GMT 2026: Set wallpaper to /home/solo/.config/hypr/wallpapers/SoloLinux4.png
Wed 21 Jan 20:44:59 GMT 2026: Set wallpaper to /home/solo/.config/hypr/wallpapers/hyprland_wallpaper.png
Wed 21 Jan 20:47:58 GMT 2026: Set wallpaper to /home/solo/.config/hypr/wallpapers/2005-Ferrari-F430-007-1080.jpg
Wed 21 Jan 20:49:58 GMT 2026: Set wallpaper to /home/solo/.config/hypr/wallpapers/w11_pfp.webp
Wed 21 Jan 20:51:58 GMT 2026: Set wallpaper to /home/solo/.config/hypr/wallpapers/W11_with_DRS.jpg
Wed 21 Jan 20:53:58 GMT 2026: Set wallpaper to /home/solo/.config/hypr/wallpapers/w05.webp
Wed 21 Jan 20:55:58 GMT 2026: Set wallpaper to /home/solo/.config/hypr/wallpapers/hyprland_wallpaper.png
Wed 21 Jan 20:57:58 GMT 2026: Set wallpaper to /home/solo/.config/hypr/wallpapers/1979-Canepa-BMW-M1-Procar_grey.png
Wed 21 Jan 20:59:58 GMT 2026: Set wallpaper to /home/solo/.config/hypr/wallpapers/2019-Bugatti-Divo.jpg
Wed 21 Jan 21:01:58 GMT 2026: Set wallpaper to /home/solo/.config/hypr/wallpapers/thumb-1920-1345403.jpeg
Wed 21 Jan 21:03:58 GMT 2026: Set wallpaper to /home/solo/.config/hypr/wallpapers/w11_wets.webp
Wed 21 Jan 21:05:58 GMT 2026: Set wallpaper to /home/solo/.config/hypr/wallpapers/2014-Mercedes-Benz-SLS-AMG-Black-Series-009-1440.jpg
Wed 21 Jan 21:07:58 GMT 2026: Set wallpaper to /home/solo/.config/hypr/wallpapers/mazda-mx5-miata-mazda-3351.jpg
Thu 22 Jan 01:58:49 GMT 2026: Set wallpaper to /home/solo/.config/hypr/wallpapers/W05.jpg
Thu 22 Jan 02:00:49 GMT 2026: Set wallpaper to /home/solo/.config/hypr/wallpapers/SoloLinux_Blue_And_WHite_Text_Dark.png
Thu 22 Jan 02:02:49 GMT 2026: Set wallpaper to /home/solo/.config/hypr/wallpapers/2008-Mazda-Furai-Concept_grey.png
Thu 22 Jan 02:04:49 GMT 2026: Set wallpaper to /home/solo/.config/hypr/wallpapers/w05.webp
Thu 22 Jan 02:06:49 GMT 2026: Set wallpaper to /home/solo/.config/hypr/wallpapers/SoloLinux_Wallpaper_Blue_White_Text.png
Thu 22 Jan 02:08:49 GMT 2026: Set wallpaper to /home/solo/.config/hypr/wallpapers/W05.jpg
Thu 22 Jan 02:10:49 GMT 2026: Set wallpaper to /home/solo/.config/hypr/wallpapers/1979-Canepa-BMW-M1-Procar_grey.png
Thu 22 Jan 02:12:49 GMT 2026: Set wallpaper to /home/solo/.config/hypr/wallpapers/1979-Canepa-BMW-M1-Procar_grey.png
Thu 22 Jan 02:14:49 GMT 2026: Set wallpaper to /home/solo/.config/hypr/wallpapers/2011-Mercedes-Benz-C63-AMG-Coupe-Black-002-1080.jpg
Thu 22 Jan 02:16:49 GMT 2026: Set wallpaper to /home/solo/.config/hypr/wallpapers/SoloLinux4.png
Thu 22 Jan 02:18:49 GMT 2026: Set wallpaper to /home/solo/.config/hypr/wallpapers/w05.webp
Thu 22 Jan 09:43:25 GMT 2026: Set wallpaper to /home/solo/.config/hypr/wallpapers/astize_cc0_split1.png
Thu 22 Jan 09:45:25 GMT 2026: Set wallpaper to /home/solo/.config/hypr/wallpapers/mercedes_amg_f1_m11_eq_performance_4k-HD.jpg
Thu 22 Jan 09:47:25 GMT 2026: Set wallpaper to /home/solo/.config/hypr/wallpapers/mercedes_amg_f1_m11_eq_performance_4k-HD.jpg
Thu 22 Jan 09:49:26 GMT 2026: Set wallpaper to /home/solo/.config/hypr/wallpapers/SoloLinux_Wallpaper_Blue_White_Text.png
Thu 22 Jan 09:51:26 GMT 2026: Set wallpaper to /home/solo/.config/hypr/wallpapers/2011-Mercedes-Benz-C63-AMG-Coupe-Black-001-1080.jpg
Thu 22 Jan 09:53:26 GMT 2026: Set wallpaper to /home/solo/.config/hypr/wallpapers/thumb-1920-1345403.jpeg
Thu 22 Jan 09:55:26 GMT 2026: Set wallpaper to /home/solo/.config/hypr/wallpapers/SoloLinux_Blue_And_WHite_Text_Dark.png
Thu 22 Jan 09:57:26 GMT 2026: Set wallpaper to /home/solo/.config/hypr/wallpapers/SoloLinux_Wallpaper_Blue_White_Text.png
Thu 22 Jan 09:59:26 GMT 2026: Set wallpaper to /home/solo/.config/hypr/wallpapers/linux-nitros-dark-ov.jpg
Thu 22 Jan 10:01:26 GMT 2026: Set wallpaper to /home/solo/.config/hypr/wallpapers/2009-Mercedes-Benz-SL-65-AMG-Black-003-1080.jpg
Thu 22 Jan 10:03:26 GMT 2026: Set wallpaper to /home/solo/.config/hypr/wallpapers/W11_with_DRS.jpg
Thu 22 Jan 10:05:26 GMT 2026: Set wallpaper to /home/solo/.config/hypr/wallpapers/2011-Mercedes-Benz-C63-AMG-Coupe-Black-001-1080.jpg
Thu 22 Jan 10:07:26 GMT 2026: Set wallpaper to /home/solo/.config/hypr/wallpapers/2019-Bugatti-Divo.jpg
Thu 22 Jan 10:09:26 GMT 2026: Set wallpaper to /home/solo/.config/hypr/wallpapers/W11_with_DRS.jpg
Thu 22 Jan 10:11:26 GMT 2026: Set wallpaper to /home/solo/.config/hypr/wallpapers/2014-Mercedes-Benz-SLS-AMG-Black-Series-009-1440.jpg
Thu 22 Jan 10:13:26 GMT 2026: Set wallpaper to /home/solo/.config/hypr/wallpapers/2019-Bugatti-Divo.jpg
Thu 22 Jan 10:15:26 GMT 2026: Set wallpaper to /home/solo/.config/hypr/wallpapers/2019-Bugatti-Divo.jpg
Thu 22 Jan 10:17:26 GMT 2026: Set wallpaper to /home/solo/.config/hypr/wallpapers/2005-Ferrari-F430-007-1080.jpg
Thu 22 Jan 10:19:26 GMT 2026: Set wallpaper to /home/solo/.config/hypr/wallpapers/SoloLinux_Wallpaper_1.png
Thu 22 Jan 10:21:26 GMT 2026: Set wallpaper to /home/solo/.config/hypr/wallpapers/mazda-mx5-miata-mazda-3351.jpg
Thu 22 Jan 22:42:02 GMT 2026: Set wallpaper to /home/solo/.config/hypr/wallpapers/1979-Canepa-BMW-M1-Procar_grey.png
Thu 22 Jan 22:44:02 GMT 2026: Set wallpaper to /home/solo/.config/hypr/wallpapers/SoloLinux_Wallpaper_1.png
Thu 22 Jan 22:46:02 GMT 2026: Set wallpaper to /home/solo/.config/hypr/wallpapers/1979-Canepa-BMW-M1-Procar_grey.png
Thu 22 Jan 22:48:02 GMT 2026: Set wallpaper to /home/solo/.config/hypr/wallpapers/1968-Lamborghini-Miura-Jota-SVR-001-1080.jpg
Thu 22 Jan 22:50:02 GMT 2026: Set wallpaper to /home/solo/.config/hypr/wallpapers/2009-Mercedes-Benz-SL-65-AMG-Black-003-1080.jpg
Thu 22 Jan 22:52:02 GMT 2026: Set wallpaper to /home/solo/.config/hypr/wallpapers/mercedes_amg_f1_m11_eq_performance_4k-HD.jpg
Thu 22 Jan 22:54:03 GMT 2026: Set wallpaper to /home/solo/.config/hypr/wallpapers/W11_with_DRS.jpg
Thu 22 Jan 22:56:03 GMT 2026: Set wallpaper to /home/solo/.config/hypr/wallpapers/astize_cc0_split1.png
Thu 22 Jan 22:58:03 GMT 2026: Set wallpaper to /home/solo/.config/hypr/wallpapers/SoloLinux_Wallpaper_1.png
Thu 22 Jan 23:00:03 GMT 2026: Set wallpaper to /home/solo/.config/hypr/wallpapers/SoloLinux_Wallpaper_Blue_White_Text.png
Thu 22 Jan 23:02:03 GMT 2026: Set wallpaper to /home/solo/.config/hypr/wallpapers/SilverW11.jpg
Thu 22 Jan 23:04:03 GMT 2026: Set wallpaper to /home/solo/.config/hypr/wallpapers/thumb-1920-1345403.jpeg
Thu 22 Jan 23:06:03 GMT 2026: Set wallpaper to /home/solo/.config/hypr/wallpapers/2009-Mercedes-Benz-SL-65-AMG-Black-003-1080.jpg
Thu 22 Jan 23:08:03 GMT 2026: Set wallpaper to /home/solo/.config/hypr/wallpapers/mercedes-w11.webp
Thu 22 Jan 23:10:03 GMT 2026: Set wallpaper to /home/solo/.config/hypr/wallpapers/1968-Lamborghini-Miura-Jota-SVR-001-1080.jpg
Thu 22 Jan 23:12:03 GMT 2026: Set wallpaper to /home/solo/.config/hypr/wallpapers/2008-Mazda-Furai-Concept_grey.png
Thu 22 Jan 23:14:03 GMT 2026: Set wallpaper to /home/solo/.config/hypr/wallpapers/w11_pfp.webp
Thu 22 Jan 23:16:03 GMT 2026: Set wallpaper to /home/solo/.config/hypr/wallpapers/W05.jpg
Thu 22 Jan 23:18:03 GMT 2026: Set wallpaper to /home/solo/.config/hypr/wallpapers/W11_with_DRS.jpg
Thu 22 Jan 23:20:03 GMT 2026: Set wallpaper to /home/solo/.config/hypr/wallpapers/1968-Lamborghini-Miura-Jota-SVR-001-1080.jpg
Thu 22 Jan 23:22:03 GMT 2026: Set wallpaper to /home/solo/.config/hypr/wallpapers/2011-Mercedes-Benz-C63-AMG-Coupe-Black-001-1080.jpg
Thu 22 Jan 23:24:03 GMT 2026: Set wallpaper to /home/solo/.config/hypr/wallpapers/2014-Mercedes-Benz-SLS-AMG-Black-Series-009-1440.jpg
Thu 22 Jan 23:26:03 GMT 2026: Set wallpaper to /home/solo/.config/hypr/wallpapers/2011-Mercedes-Benz-C63-AMG-Coupe-Black-002-1080.jpg
Thu 22 Jan 23:28:03 GMT 2026: Set wallpaper to /home/solo/.config/hypr/wallpapers/SoloLinux_Wallpaper_Blue_White_Text.png
Thu 22 Jan 23:30:03 GMT 2026: Set wallpaper to /home/solo/.config/hypr/wallpapers/W05.jpg
Thu 22 Jan 23:32:03 GMT 2026: Set wallpaper to /home/solo/.config/hypr/wallpapers/SoloLinux_Blue_And_WHite_Text_Dark.png
Thu 22 Jan 23:34:03 GMT 2026: Set wallpaper to /home/solo/.config/hypr/wallpapers/w05.webp
Thu 22 Jan 23:36:03 GMT 2026: Set wallpaper to /home/solo/.config/hypr/wallpapers/2019-Bugatti-Divo.jpg
Thu 22 Jan 23:38:03 GMT 2026: Set wallpaper to /home/solo/.config/hypr/wallpapers/linux-nitros-dark-ov.jpg
Thu 22 Jan 23:40:03 GMT 2026: Set wallpaper to /home/solo/.config/hypr/wallpapers/2009-Mercedes-Benz-SL-65-AMG-Black-003-1080.jpg
Thu 22 Jan 23:42:03 GMT 2026: Set wallpaper to /home/solo/.config/hypr/wallpapers/mercedes_amg_f1_m11_eq_performance_4k-HD.jpg
Thu 22 Jan 23:44:03 GMT 2026: Set wallpaper to /home/solo/.config/hypr/wallpapers/SoloLinux_Blue_And_WHite_Text_Dark.png
Thu 22 Jan 23:46:03 GMT 2026: Set wallpaper to /home/solo/.config/hypr/wallpapers/hamilton_3079629.jpg
Thu 22 Jan 23:48:03 GMT 2026: Set wallpaper to /home/solo/.config/hypr/wallpapers/2011-Mercedes-Benz-C63-AMG-Coupe-Black-001-1080.jpg
Thu 22 Jan 23:50:03 GMT 2026: Set wallpaper to /home/solo/.config/hypr/wallpapers/w11_wets.webp
Thu 22 Jan 23:52:03 GMT 2026: Set wallpaper to /home/solo/.config/hypr/wallpapers/SilverW11.jpg
Fri 23 Jan 04:12:39 GMT 2026: Set wallpaper to /home/solo/.config/hypr/wallpapers/SoloLinux_Blue_And_WHite_Text_Dark.png
Fri 23 Jan 04:14:39 GMT 2026: Set wallpaper to /home/solo/.config/hypr/wallpapers/simple.png
Fri 23 Jan 04:16:39 GMT 2026: Set wallpaper to /home/solo/.config/hypr/wallpapers/W11_with_DRS.jpg
Fri 23 Jan 04:18:39 GMT 2026: Set wallpaper to /home/solo/.config/hypr/wallpapers/2011-Mercedes-Benz-C63-AMG-Coupe-Black-002-1080.jpg
Fri 23 Jan 04:20:39 GMT 2026: Set wallpaper to /home/solo/.config/hypr/wallpapers/2014-Mercedes-Benz-SLS-AMG-Black-Series-009-1440.jpg
Fri 23 Jan 04:22:39 GMT 2026: Set wallpaper to /home/solo/.config/hypr/wallpapers/w11_wets.webp
Fri 23 Jan 04:24:39 GMT 2026: Set wallpaper to /home/solo/.config/hypr/wallpapers/2008-Mazda-Furai-Concept_grey.png
Fri 23 Jan 04:26:39 GMT 2026: Set wallpaper to /home/solo/.config/hypr/wallpapers/mercedes_amg_f1_m11_eq_performance_4k-HD.jpg
Fri 23 Jan 04:28:39 GMT 2026: Set wallpaper to /home/solo/.config/hypr/wallpapers/mazda-mx5-miata-mazda-3351.jpg
Fri 23 Jan 04:30:39 GMT 2026: Set wallpaper to /home/solo/.config/hypr/wallpapers/2011-Mercedes-Benz-C63-AMG-Coupe-Black-001-1080.jpg
Fri 23 Jan 04:32:39 GMT 2026: Set wallpaper to /home/solo/.config/hypr/wallpapers/w11_pfp.webp
Fri 23 Jan 04:34:39 GMT 2026: Set wallpaper to /home/solo/.config/hypr/wallpapers/mercedes_amg_f1_m11_eq_performance_4k-HD.jpg
Fri 23 Jan 04:36:39 GMT 2026: Set wallpaper to /home/solo/.config/hypr/wallpapers/2009-Mercedes-Benz-SL-65-AMG-Black-003-1080.jpg
Fri 23 Jan 04:38:39 GMT 2026: Set wallpaper to /home/solo/.config/hypr/wallpapers/thumb-1920-1345403.jpeg
Fri 23 Jan 04:40:39 GMT 2026: Set wallpaper to /home/solo/.config/hypr/wallpapers/SoloLinux_Blue_And_WHite_Text_Dark.png
Fri 23 Jan 04:42:39 GMT 2026: Set wallpaper to /home/solo/.config/hypr/wallpapers/thumb-1920-1345403.jpeg
Fri 23 Jan 04:44:39 GMT 2026: Set wallpaper to /home/solo/.config/hypr/wallpapers/linux-nitros-dark-ov.jpg
Fri 23 Jan 04:46:39 GMT 2026: Set wallpaper to /home/solo/.config/hypr/wallpapers/2008-Mazda-Furai-Concept_grey.png
Fri 23 Jan 12:26:56 GMT 2026: Set wallpaper to /home/solo/.config/hypr/wallpapers/SilverW11.jpg
Fri 23 Jan 12:28:56 GMT 2026: Set wallpaper to /home/solo/.config/hypr/wallpapers/2019-Bugatti-Divo.jpg
Fri 23 Jan 12:30:56 GMT 2026: Set wallpaper to /home/solo/.config/hypr/wallpapers/SoloLinux_Wallpaper_Blue_White_Text.png
Fri 23 Jan 12:32:56 GMT 2026: Set wallpaper to /home/solo/.config/hypr/wallpapers/hyprland_wallpaper.png
Fri 23 Jan 12:34:56 GMT 2026: Set wallpaper to /home/solo/.config/hypr/wallpapers/SilverW11.jpg
Fri 23 Jan 12:36:56 GMT 2026: Set wallpaper to /home/solo/.config/hypr/wallpapers/SoloLinux_Wallpaper_Blue_White_Text.png
Fri 23 Jan 12:38:56 GMT 2026: Set wallpaper to /home/solo/.config/hypr/wallpapers/mazda-mx5-miata-mazda-3351.jpg
Fri 23 Jan 12:40:56 GMT 2026: Set wallpaper to /home/solo/.config/hypr/wallpapers/2011-Mercedes-Benz-C63-AMG-Coupe-Black-001-1080.jpg
Fri 23 Jan 12:42:56 GMT 2026: Set wallpaper to /home/solo/.config/hypr/wallpapers/2011-Mercedes-Benz-C63-AMG-Coupe-Black-002-1080.jpg
Fri 23 Jan 12:44:56 GMT 2026: Set wallpaper to /home/solo/.config/hypr/wallpapers/SoloLinux_Wallpaper_1.png
Fri 23 Jan 12:46:56 GMT 2026: Set wallpaper to /home/solo/.config/hypr/wallpapers/2014-Mercedes-Benz-SLS-AMG-Black-Series-009-1440.jpg
Fri 23 Jan 12:48:56 GMT 2026: Set wallpaper to /home/solo/.config/hypr/wallpapers/SoloLinux4.png
Fri 23 Jan 12:50:56 GMT 2026: Set wallpaper to /home/solo/.config/hypr/wallpapers/linux-nitros-dark-ov.jpg
Fri 23 Jan 12:52:56 GMT 2026: Set wallpaper to /home/solo/.config/hypr/wallpapers/simple.png
Fri 23 Jan 12:54:56 GMT 2026: Set wallpaper to /home/solo/.config/hypr/wallpapers/2009-Mercedes-Benz-SL-65-AMG-Black-003-1080.jpg
Fri 23 Jan 12:56:56 GMT 2026: Set wallpaper to /home/solo/.config/hypr/wallpapers/SoloLinux_Wallpaper_1.png
Fri 23 Jan 13:00:36 GMT 2026: Set wallpaper to /home/solo/.config/hypr/wallpapers/SoloLinux4.png
Fri 23 Jan 14:41:35 GMT 2026: Set wallpaper to /home/solo/.config/hypr/wallpapers/mercedes-w11.webp
Fri 23 Jan 14:43:35 GMT 2026: Set wallpaper to /home/solo/.config/hypr/wallpapers/SoloLinux_Blue_And_WHite_Text_Dark.png
Fri 23 Jan 14:45:35 GMT 2026: Set wallpaper to /home/solo/.config/hypr/wallpapers/hamilton_3079629.jpg
Fri 23 Jan 14:47:35 GMT 2026: Set wallpaper to /home/solo/.config/hypr/wallpapers/mercedes-w11.webp
Fri 23 Jan 14:49:35 GMT 2026: Set wallpaper to /home/solo/.config/hypr/wallpapers/SilverW11.jpg
Fri 23 Jan 14:51:35 GMT 2026: Set wallpaper to /home/solo/.config/hypr/wallpapers/SoloLinux_Wallpaper_1.png
Fri 23 Jan 14:53:35 GMT 2026: Set wallpaper to /home/solo/.config/hypr/wallpapers/W05.jpg
Fri 23 Jan 14:55:35 GMT 2026: Set wallpaper to /home/solo/.config/hypr/wallpapers/w05.webp
Fri 23 Jan 14:57:35 GMT 2026: Set wallpaper to /home/solo/.config/hypr/wallpapers/2019-Bugatti-Divo.jpg
Fri 23 Jan 14:59:35 GMT 2026: Set wallpaper to /home/solo/.config/hypr/wallpapers/mazda-mx5-miata-mazda-3351.jpg
Fri 23 Jan 15:01:35 GMT 2026: Set wallpaper to /home/solo/.config/hypr/wallpapers/2011-Mercedes-Benz-C63-AMG-Coupe-Black-001-1080.jpg
Fri 23 Jan 15:03:35 GMT 2026: Set wallpaper to /home/solo/.config/hypr/wallpapers/thumb-1920-1345403.jpeg
Fri 23 Jan 15:05:35 GMT 2026: Set wallpaper to /home/solo/.config/hypr/wallpapers/thumb-1920-1345403.jpeg
Fri 23 Jan 15:07:35 GMT 2026: Set wallpaper to /home/solo/.config/hypr/wallpapers/w05.webp
Fri 23 Jan 15:09:35 GMT 2026: Set wallpaper to /home/solo/.config/hypr/wallpapers/hyprland_wallpaper.png
Fri 23 Jan 15:11:35 GMT 2026: Set wallpaper to /home/solo/.config/hypr/wallpapers/w05.webp
Fri 23 Jan 21:07:41 GMT 2026: Set wallpaper to /home/solo/.config/hypr/wallpapers/SilverW11.jpg
Fri 23 Jan 21:09:41 GMT 2026: Set wallpaper to /home/solo/.config/hypr/wallpapers/2008-Mazda-Furai-Concept_grey.png
Fri 23 Jan 21:11:41 GMT 2026: Set wallpaper to /home/solo/.config/hypr/wallpapers/astize_cc0_split1.png
Fri 23 Jan 21:13:41 GMT 2026: Set wallpaper to /home/solo/.config/hypr/wallpapers/1979-Canepa-BMW-M1-Procar_grey.png
Fri 23 Jan 21:15:41 GMT 2026: Set wallpaper to /home/solo/.config/hypr/wallpapers/2008-Mazda-Furai-Concept_grey.png
Fri 23 Jan 21:17:41 GMT 2026: Set wallpaper to /home/solo/.config/hypr/wallpapers/linux-nitros-dark-ov.jpg
Fri 23 Jan 21:19:41 GMT 2026: Set wallpaper to /home/solo/.config/hypr/wallpapers/astize_cc0_split1.png
Fri 23 Jan 21:21:41 GMT 2026: Set wallpaper to /home/solo/.config/hypr/wallpapers/SoloLinux4.png
Fri 23 Jan 21:23:41 GMT 2026: Set wallpaper to /home/solo/.config/hypr/wallpapers/2005-Ferrari-F430-007-1080.jpg
Fri 23 Jan 21:25:41 GMT 2026: Set wallpaper to /home/solo/.config/hypr/wallpapers/astize_cc0_split1.png
Fri 23 Jan 21:29:22 GMT 2026: Set wallpaper to /home/solo/.config/hypr/wallpapers/1979-Canepa-BMW-M1-Procar_grey.png
Fri 23 Jan 21:31:22 GMT 2026: Set wallpaper to /home/solo/.config/hypr/wallpapers/2019-Bugatti-Divo.jpg
Fri 23 Jan 21:33:22 GMT 2026: Set wallpaper to /home/solo/.config/hypr/wallpapers/1968-Lamborghini-Miura-Jota-SVR-001-1080.jpg
Fri 23 Jan 21:35:22 GMT 2026: Set wallpaper to /home/solo/.config/hypr/wallpapers/w11_wets.webp
Fri 23 Jan 21:37:22 GMT 2026: Set wallpaper to /home/solo/.config/hypr/wallpapers/1979-Canepa-BMW-M1-Procar_grey.png
Fri 23 Jan 21:39:22 GMT 2026: Set wallpaper to /home/solo/.config/hypr/wallpapers/1979-Canepa-BMW-M1-Procar_grey.png
Fri 23 Jan 21:41:22 GMT 2026: Set wallpaper to /home/solo/.config/hypr/wallpapers/2009-Mercedes-Benz-SL-65-AMG-Black-003-1080.jpg
Fri 23 Jan 21:43:22 GMT 2026: Set wallpaper to /home/solo/.config/hypr/wallpapers/W05.jpg
Fri 23 Jan 21:45:22 GMT 2026: Set wallpaper to /home/solo/.config/hypr/wallpapers/hyprland_wallpaper.png
Fri 23 Jan 21:47:22 GMT 2026: Set wallpaper to /home/solo/.config/hypr/wallpapers/SoloLinux_Wallpaper_1.png
Fri 23 Jan 21:49:22 GMT 2026: Set wallpaper to /home/solo/.config/hypr/wallpapers/2008-Mazda-Furai-Concept-004-1440.jpg
Fri 23 Jan 21:51:22 GMT 2026: Set wallpaper to /home/solo/.config/hypr/wallpapers/thumb-1920-1345403.jpeg
Fri 23 Jan 21:53:23 GMT 2026: Set wallpaper to /home/solo/.config/hypr/wallpapers/2011-Mercedes-Benz-C63-AMG-Coupe-Black-002-1080.jpg
Fri 23 Jan 21:55:23 GMT 2026: Set wallpaper to /home/solo/.config/hypr/wallpapers/2009-Mercedes-Benz-SL-65-AMG-Black-003-1080.jpg
Fri 23 Jan 21:57:23 GMT 2026: Set wallpaper to /home/solo/.config/hypr/wallpapers/2008-Mazda-Furai-Concept-004-1440.jpg
Fri 23 Jan 21:59:23 GMT 2026: Set wallpaper to /home/solo/.config/hypr/wallpapers/w11_pfp.webp
Fri 23 Jan 22:01:23 GMT 2026: Set wallpaper to /home/solo/.config/hypr/wallpapers/2014-Mercedes-Benz-SLS-AMG-Black-Series-009-1440.jpg
Fri 23 Jan 22:03:23 GMT 2026: Set wallpaper to /home/solo/.config/hypr/wallpapers/SoloLinux_Blue_And_WHite_Text_Dark.png
Fri 23 Jan 23:14:07 GMT 2026: Set wallpaper to /home/solo/.config/hypr/wallpapers/1979-Canepa-BMW-M1-Procar_grey.png
Fri 23 Jan 23:16:07 GMT 2026: Set wallpaper to /home/solo/.config/hypr/wallpapers/simple.png
Fri 23 Jan 23:18:07 GMT 2026: Set wallpaper to /home/solo/.config/hypr/wallpapers/hamilton_3079629.jpg
Fri 23 Jan 23:20:07 GMT 2026: Set wallpaper to /home/solo/.config/hypr/wallpapers/2008-Mazda-Furai-Concept-004-1440.jpg
Fri 23 Jan 23:22:07 GMT 2026: Set wallpaper to /home/solo/.config/hypr/wallpapers/SoloLinux4.png
Fri 23 Jan 23:24:07 GMT 2026: Set wallpaper to /home/solo/.config/hypr/wallpapers/SoloLinux_Blue_And_WHite_Text_Dark.png
Sat 24 Jan 14:25:31 GMT 2026: Set wallpaper to /home/solo/.config/hypr/wallpapers/w11_pfp.webp
Sat 24 Jan 14:27:31 GMT 2026: Set wallpaper to /home/solo/.config/hypr/wallpapers/mercedes-w11.webp
Sat 24 Jan 14:29:31 GMT 2026: Set wallpaper to /home/solo/.config/hypr/wallpapers/simple.png
Sat 24 Jan 14:31:31 GMT 2026: Set wallpaper to /home/solo/.config/hypr/wallpapers/hyprland_wallpaper.png
Sat 24 Jan 14:33:31 GMT 2026: Set wallpaper to /home/solo/.config/hypr/wallpapers/2011-Mercedes-Benz-C63-AMG-Coupe-Black-001-1080.jpg
Sat 24 Jan 14:35:31 GMT 2026: Set wallpaper to /home/solo/.config/hypr/wallpapers/SilverW11.jpg
Sat 24 Jan 14:37:31 GMT 2026: Set wallpaper to /home/solo/.config/hypr/wallpapers/2019-Bugatti-Divo.jpg
Sat 24 Jan 14:39:31 GMT 2026: Set wallpaper to /home/solo/.config/hypr/wallpapers/mercedes-w11.webp
Sat 24 Jan 14:41:31 GMT 2026: Set wallpaper to /home/solo/.config/hypr/wallpapers/2015-Porsche-918-Spyder-012-1440.jpg
Sat 24 Jan 14:43:31 GMT 2026: Set wallpaper to /home/solo/.config/hypr/wallpapers/mercedes-w11.webp
Sat 24 Jan 14:45:31 GMT 2026: Set wallpaper to /home/solo/.config/hypr/wallpapers/2008-Mazda-Furai-Concept-004-1440.jpg
Sat 24 Jan 14:47:32 GMT 2026: Set wallpaper to /home/solo/.config/hypr/wallpapers/linux-nitros-dark-ov.jpg
Sat 24 Jan 14:49:32 GMT 2026: Set wallpaper to /home/solo/.config/hypr/wallpapers/2008-Mazda-Furai-Concept-004-1440.jpg
Sat 24 Jan 14:51:32 GMT 2026: Set wallpaper to /home/solo/.config/hypr/wallpapers/2019-Bugatti-Divo.jpg
Sat 24 Jan 14:53:32 GMT 2026: Set wallpaper to /home/solo/.config/hypr/wallpapers/linux-nitros-dark-ov.jpg
Sat 24 Jan 14:55:32 GMT 2026: Set wallpaper to /home/solo/.config/hypr/wallpapers/W05.jpg
Sat 24 Jan 23:16:17 GMT 2026: Set wallpaper to /home/solo/.config/hypr/wallpapers/w11_pfp.webp
Sat 24 Jan 23:18:17 GMT 2026: Set wallpaper to /home/solo/.config/hypr/wallpapers/mercedes_amg_f1_m11_eq_performance_4k-HD.jpg
Sat 24 Jan 23:20:17 GMT 2026: Set wallpaper to /home/solo/.config/hypr/wallpapers/mercedes_amg_f1_m11_eq_performance_4k-HD.jpg
Sat 24 Jan 23:22:17 GMT 2026: Set wallpaper to /home/solo/.config/hypr/wallpapers/thumb-1920-1345403.jpeg
Sat 24 Jan 23:24:17 GMT 2026: Set wallpaper to /home/solo/.config/hypr/wallpapers/mazda-mx5-miata-mazda-3351.jpg
Sat 24 Jan 23:26:17 GMT 2026: Set wallpaper to /home/solo/.config/hypr/wallpapers/2011-Mercedes-Benz-C63-AMG-Coupe-Black-002-1080.jpg
Sat 24 Jan 23:28:17 GMT 2026: Set wallpaper to /home/solo/.config/hypr/wallpapers/2008-Mazda-Furai-Concept-004-1440.jpg
Sat 24 Jan 23:30:17 GMT 2026: Set wallpaper to /home/solo/.config/hypr/wallpapers/astize_cc0_split1.png
Sat 24 Jan 23:32:17 GMT 2026: Set wallpaper to /home/solo/.config/hypr/wallpapers/2011-Mercedes-Benz-C63-AMG-Coupe-Black-002-1080.jpg
Sat 24 Jan 23:34:17 GMT 2026: Set wallpaper to /home/solo/.config/hypr/wallpapers/linux-nitros-dark-ov.jpg
Sat 24 Jan 23:36:17 GMT 2026: Set wallpaper to /home/solo/.config/hypr/wallpapers/2009-Mercedes-Benz-SL-65-AMG-Black-003-1080.jpg
Sat 24 Jan 23:38:17 GMT 2026: Set wallpaper to /home/solo/.config/hypr/wallpapers/2015-Porsche-918-Spyder-012-1440.jpg
Sat 24 Jan 23:40:17 GMT 2026: Set wallpaper to /home/solo/.config/hypr/wallpapers/2005-Ferrari-F430-007-1080.jpg
Sat 24 Jan 23:42:17 GMT 2026: Set wallpaper to /home/solo/.config/hypr/wallpapers/2011-Mercedes-Benz-C63-AMG-Coupe-Black-001-1080.jpg
Sat 24 Jan 23:44:17 GMT 2026: Set wallpaper to /home/solo/.config/hypr/wallpapers/mercedes-w11.webp
Sat 24 Jan 23:46:17 GMT 2026: Set wallpaper to /home/solo/.config/hypr/wallpapers/simple.png
Sat 24 Jan 23:48:17 GMT 2026: Set wallpaper to /home/solo/.config/hypr/wallpapers/SoloLinux_Blue_And_WHite_Text_Dark.png
Sat 24 Jan 23:50:17 GMT 2026: Set wallpaper to /home/solo/.config/hypr/wallpapers/astize_cc0_split1.png
Sat 24 Jan 23:52:17 GMT 2026: Set wallpaper to /home/solo/.config/hypr/wallpapers/2015-Porsche-918-Spyder-012-1440.jpg
Sun 25 Jan 16:54:42 GMT 2026: Set wallpaper to /home/solo/.config/hypr/wallpapers/W05.jpg
Sun 25 Jan 16:56:42 GMT 2026: Set wallpaper to /home/solo/.config/hypr/wallpapers/2015-Porsche-918-Spyder-012-1440.jpg
Sun 25 Jan 16:58:42 GMT 2026: Set wallpaper to /home/solo/.config/hypr/wallpapers/thumb-1920-1345403.jpeg
Sun 25 Jan 17:00:42 GMT 2026: Set wallpaper to /home/solo/.config/hypr/wallpapers/thumb-1920-1345403.jpeg
Sun 25 Jan 17:02:42 GMT 2026: Set wallpaper to /home/solo/.config/hypr/wallpapers/w11_wets.webp
Sun 25 Jan 17:04:42 GMT 2026: Set wallpaper to /home/solo/.config/hypr/wallpapers/2009-Mercedes-Benz-SL-65-AMG-Black-003-1080.jpg
Sun 25 Jan 17:06:42 GMT 2026: Set wallpaper to /home/solo/.config/hypr/wallpapers/SoloLinux_Blue_And_WHite_Text_Dark.png
Sun 25 Jan 17:08:42 GMT 2026: Set wallpaper to /home/solo/.config/hypr/wallpapers/2011-Mercedes-Benz-C63-AMG-Coupe-Black-002-1080.jpg
Sun 25 Jan 17:10:43 GMT 2026: Set wallpaper to /home/solo/.config/hypr/wallpapers/2009-Mercedes-Benz-SL-65-AMG-Black-003-1080.jpg
Sun 25 Jan 17:12:43 GMT 2026: Set wallpaper to /home/solo/.config/hypr/wallpapers/1968-Lamborghini-Miura-Jota-SVR-001-1080.jpg
Sun 25 Jan 17:14:43 GMT 2026: Set wallpaper to /home/solo/.config/hypr/wallpapers/mazda-mx5-miata-mazda-3351.jpg
Sun 25 Jan 17:16:43 GMT 2026: Set wallpaper to /home/solo/.config/hypr/wallpapers/2009-Mercedes-Benz-SL-65-AMG-Black-003-1080.jpg
Sun 25 Jan 17:18:43 GMT 2026: Set wallpaper to /home/solo/.config/hypr/wallpapers/hamilton_3079629.jpg
Sun 25 Jan 17:20:43 GMT 2026: Set wallpaper to /home/solo/.config/hypr/wallpapers/2008-Mazda-Furai-Concept_grey.png
Sun 25 Jan 17:22:43 GMT 2026: Set wallpaper to /home/solo/.config/hypr/wallpapers/mercedes_amg_f1_m11_eq_performance_4k-HD.jpg
Sun 25 Jan 17:24:43 GMT 2026: Set wallpaper to /home/solo/.config/hypr/wallpapers/linux-nitros-dark-ov.jpg
Sun 25 Jan 17:26:43 GMT 2026: Set wallpaper to /home/solo/.config/hypr/wallpapers/mazda-mx5-miata-mazda-3351.jpg
Sun 25 Jan 17:28:43 GMT 2026: Set wallpaper to /home/solo/.config/hypr/wallpapers/2015-Porsche-918-Spyder-012-1440.jpg
Sun 25 Jan 17:30:43 GMT 2026: Set wallpaper to /home/solo/.config/hypr/wallpapers/simple.png
Sun 25 Jan 17:32:43 GMT 2026: Set wallpaper to /home/solo/.config/hypr/wallpapers/2015-Porsche-918-Spyder-012-1440.jpg
Sun 25 Jan 17:34:43 GMT 2026: Set wallpaper to /home/solo/.config/hypr/wallpapers/W11_with_DRS.jpg
Sun 25 Jan 17:36:43 GMT 2026: Set wallpaper to /home/solo/.config/hypr/wallpapers/mercedes-w11.webp
Sun 25 Jan 17:38:43 GMT 2026: Set wallpaper to /home/solo/.config/hypr/wallpapers/w11_wets.webp
Sun 25 Jan 17:40:43 GMT 2026: Set wallpaper to /home/solo/.config/hypr/wallpapers/thumb-1920-1345403.jpeg
Sun 25 Jan 17:42:43 GMT 2026: Set wallpaper to /home/solo/.config/hypr/wallpapers/2011-Mercedes-Benz-C63-AMG-Coupe-Black-002-1080.jpg
Sun 25 Jan 17:44:43 GMT 2026: Set wallpaper to /home/solo/.config/hypr/wallpapers/SoloLinux4.png
Sun 25 Jan 17:46:43 GMT 2026: Set wallpaper to /home/solo/.config/hypr/wallpapers/SoloLinux_Blue_And_WHite_Text_Dark.png
Sun 25 Jan 17:48:43 GMT 2026: Set wallpaper to /home/solo/.config/hypr/wallpapers/SoloLinux_Blue_And_WHite_Text_Dark.png
Sun 25 Jan 17:50:43 GMT 2026: Set wallpaper to /home/solo/.config/hypr/wallpapers/2008-Mazda-Furai-Concept_grey.png
Sun 25 Jan 17:52:43 GMT 2026: Set wallpaper to /home/solo/.config/hypr/wallpapers/thumb-1920-1345403.jpeg
Sun 25 Jan 17:54:43 GMT 2026: Set wallpaper to /home/solo/.config/hypr/wallpapers/astize_cc0_split1.png
Sun 25 Jan 17:56:43 GMT 2026: Set wallpaper to /home/solo/.config/hypr/wallpapers/mazda-mx5-miata-mazda-3351.jpg
Sun 25 Jan 17:58:43 GMT 2026: Set wallpaper to /home/solo/.config/hypr/wallpapers/mazda-mx5-miata-mazda-3351.jpg
Sun 25 Jan 18:00:43 GMT 2026: Set wallpaper to /home/solo/.config/hypr/wallpapers/2019-Bugatti-Divo.jpg
Sun 25 Jan 18:02:43 GMT 2026: Set wallpaper to /home/solo/.config/hypr/wallpapers/mercedes-w11.webp
Sun 25 Jan 18:04:43 GMT 2026: Set wallpaper to /home/solo/.config/hypr/wallpapers/2008-Mazda-Furai-Concept_grey.png
Sun 25 Jan 18:06:43 GMT 2026: Set wallpaper to /home/solo/.config/hypr/wallpapers/SoloLinux_Wallpaper_Blue_White_Text.png
Sun 25 Jan 18:08:43 GMT 2026: Set wallpaper to /home/solo/.config/hypr/wallpapers/2011-Mercedes-Benz-C63-AMG-Coupe-Black-002-1080.jpg
Sun 25 Jan 18:10:43 GMT 2026: Set wallpaper to /home/solo/.config/hypr/wallpapers/2014-Mercedes-Benz-SLS-AMG-Black-Series-009-1440.jpg
Sun 25 Jan 18:12:43 GMT 2026: Set wallpaper to /home/solo/.config/hypr/wallpapers/2011-Mercedes-Benz-C63-AMG-Coupe-Black-002-1080.jpg
Sun 25 Jan 18:14:43 GMT 2026: Set wallpaper to /home/solo/.config/hypr/wallpapers/W05.jpg
Sun 25 Jan 18:16:43 GMT 2026: Set wallpaper to /home/solo/.config/hypr/wallpapers/2005-Ferrari-F430-007-1080.jpg
Sun 25 Jan 18:18:43 GMT 2026: Set wallpaper to /home/solo/.config/hypr/wallpapers/mercedes-w11.webp
Sun 25 Jan 18:20:43 GMT 2026: Set wallpaper to /home/solo/.config/hypr/wallpapers/mercedes_amg_f1_m11_eq_performance_4k-HD.jpg
Sun 25 Jan 18:22:43 GMT 2026: Set wallpaper to /home/solo/.config/hypr/wallpapers/SoloLinux4.png
Sun 25 Jan 18:24:43 GMT 2026: Set wallpaper to /home/solo/.config/hypr/wallpapers/SoloLinux4.png
Sun 25 Jan 18:26:43 GMT 2026: Set wallpaper to /home/solo/.config/hypr/wallpapers/SilverW11.jpg
Sun 25 Jan 18:28:43 GMT 2026: Set wallpaper to /home/solo/.config/hypr/wallpapers/w11_wets.webp
Sun 25 Jan 18:30:43 GMT 2026: Set wallpaper to /home/solo/.config/hypr/wallpapers/2008-Mazda-Furai-Concept-004-1440.jpg
Sun 25 Jan 18:32:43 GMT 2026: Set wallpaper to /home/solo/.config/hypr/wallpapers/2009-Mercedes-Benz-SL-65-AMG-Black-003-1080.jpg
Sun 25 Jan 18:34:43 GMT 2026: Set wallpaper to /home/solo/.config/hypr/wallpapers/2011-Mercedes-Benz-C63-AMG-Coupe-Black-001-1080.jpg
Sun 25 Jan 18:36:43 GMT 2026: Set wallpaper to /home/solo/.config/hypr/wallpapers/mercedes-w11.webp
Sun 25 Jan 18:38:43 GMT 2026: Set wallpaper to /home/solo/.config/hypr/wallpapers/mercedes_amg_f1_m11_eq_performance_4k-HD.jpg
Sun 25 Jan 18:40:43 GMT 2026: Set wallpaper to /home/solo/.config/hypr/wallpapers/astize_cc0_split1.png
Sun 25 Jan 18:42:43 GMT 2026: Set wallpaper to /home/solo/.config/hypr/wallpapers/2011-Mercedes-Benz-C63-AMG-Coupe-Black-001-1080.jpg
Sun 25 Jan 18:44:43 GMT 2026: Set wallpaper to /home/solo/.config/hypr/wallpapers/SoloLinux_Wallpaper_1.png
Sun 25 Jan 18:46:43 GMT 2026: Set wallpaper to /home/solo/.config/hypr/wallpapers/thumb-1920-1345403.jpeg
Sun 25 Jan 18:48:43 GMT 2026: Set wallpaper to /home/solo/.config/hypr/wallpapers/W11_with_DRS.jpg
Sun 25 Jan 18:50:43 GMT 2026: Set wallpaper to /home/solo/.config/hypr/wallpapers/1968-Lamborghini-Miura-Jota-SVR-001-1080.jpg
Sun 25 Jan 18:52:43 GMT 2026: Set wallpaper to /home/solo/.config/hypr/wallpapers/simple.png
Sun 25 Jan 18:54:43 GMT 2026: Set wallpaper to /home/solo/.config/hypr/wallpapers/2011-Mercedes-Benz-C63-AMG-Coupe-Black-002-1080.jpg
Sun 25 Jan 18:56:43 GMT 2026: Set wallpaper to /home/solo/.config/hypr/wallpapers/W11_with_DRS.jpg
Sun 25 Jan 18:58:43 GMT 2026: Set wallpaper to /home/solo/.config/hypr/wallpapers/hamilton_3079629.jpg
Sun 25 Jan 19:00:43 GMT 2026: Set wallpaper to /home/solo/.config/hypr/wallpapers/2005-Ferrari-F430-007-1080.jpg
Sun 25 Jan 19:02:44 GMT 2026: Set wallpaper to /home/solo/.config/hypr/wallpapers/W11_with_DRS.jpg
Sun 25 Jan 19:04:44 GMT 2026: Set wallpaper to /home/solo/.config/hypr/wallpapers/mercedes-w11.webp
Sun 25 Jan 19:06:44 GMT 2026: Set wallpaper to /home/solo/.config/hypr/wallpapers/hyprland_wallpaper.png
Sun 25 Jan 19:08:44 GMT 2026: Set wallpaper to /home/solo/.config/hypr/wallpapers/hyprland_wallpaper.png
Sun 25 Jan 19:10:44 GMT 2026: Set wallpaper to /home/solo/.config/hypr/wallpapers/w11_wets.webp
Sun 25 Jan 19:12:44 GMT 2026: Set wallpaper to /home/solo/.config/hypr/wallpapers/SilverW11.jpg
Sun 25 Jan 19:14:44 GMT 2026: Set wallpaper to /home/solo/.config/hypr/wallpapers/w11_wets.webp
Sun 25 Jan 19:16:44 GMT 2026: Set wallpaper to /home/solo/.config/hypr/wallpapers/2005-Ferrari-F430-007-1080.jpg
Sun 25 Jan 19:18:44 GMT 2026: Set wallpaper to /home/solo/.config/hypr/wallpapers/mercedes_amg_f1_m11_eq_performance_4k-HD.jpg
Sun 25 Jan 19:20:44 GMT 2026: Set wallpaper to /home/solo/.config/hypr/wallpapers/w05.webp
Sun 25 Jan 19:22:44 GMT 2026: Set wallpaper to /home/solo/.config/hypr/wallpapers/2019-Bugatti-Divo.jpg
Sun 25 Jan 19:24:44 GMT 2026: Set wallpaper to /home/solo/.config/hypr/wallpapers/2014-Mercedes-Benz-SLS-AMG-Black-Series-009-1440.jpg
Sun 25 Jan 19:26:44 GMT 2026: Set wallpaper to /home/solo/.config/hypr/wallpapers/2015-Porsche-918-Spyder-012-1440.jpg
Sun 25 Jan 19:28:44 GMT 2026: Set wallpaper to /home/solo/.config/hypr/wallpapers/SilverW11.jpg
Sun 25 Jan 19:30:44 GMT 2026: Set wallpaper to /home/solo/.config/hypr/wallpapers/1968-Lamborghini-Miura-Jota-SVR-001-1080.jpg
Sun 25 Jan 19:32:44 GMT 2026: Set wallpaper to /home/solo/.config/hypr/wallpapers/2005-Ferrari-F430-007-1080.jpg
Sun 25 Jan 19:34:44 GMT 2026: Set wallpaper to /home/solo/.config/hypr/wallpapers/2015-Porsche-918-Spyder-012-1440.jpg
Sun 25 Jan 19:36:44 GMT 2026: Set wallpaper to /home/solo/.config/hypr/wallpapers/2015-Porsche-918-Spyder-012-1440.jpg
Mon 26 Jan 08:21:58 GMT 2026: Set wallpaper to /home/solo/.config/hypr/wallpapers/2008-Mazda-Furai-Concept-004-1440.jpg
Mon 26 Jan 08:23:58 GMT 2026: Set wallpaper to /home/solo/.config/hypr/wallpapers/W05.jpg
Mon 26 Jan 08:25:58 GMT 2026: Set wallpaper to /home/solo/.config/hypr/wallpapers/2015-Porsche-918-Spyder-012-1440.jpg
Mon 26 Jan 08:27:58 GMT 2026: Set wallpaper to /home/solo/.config/hypr/wallpapers/w11_pfp.webp
Mon 26 Jan 08:29:58 GMT 2026: Set wallpaper to /home/solo/.config/hypr/wallpapers/2011-Mercedes-Benz-C63-AMG-Coupe-Black-001-1080.jpg
Mon 26 Jan 08:31:58 GMT 2026: Set wallpaper to /home/solo/.config/hypr/wallpapers/2019-Bugatti-Divo.jpg
Mon 26 Jan 08:33:58 GMT 2026: Set wallpaper to /home/solo/.config/hypr/wallpapers/SoloLinux_Wallpaper_1.png
Mon 26 Jan 08:35:58 GMT 2026: Set wallpaper to /home/solo/.config/hypr/wallpapers/simple.png
Mon 26 Jan 08:37:58 GMT 2026: Set wallpaper to /home/solo/.config/hypr/wallpapers/w11_wets.webp
Mon 26 Jan 08:39:58 GMT 2026: Set wallpaper to /home/solo/.config/hypr/wallpapers/hyprland_wallpaper.png
Mon 26 Jan 08:41:58 GMT 2026: Set wallpaper to /home/solo/.config/hypr/wallpapers/thumb-1920-1345403.jpeg
Mon 26 Jan 08:43:58 GMT 2026: Set wallpaper to /home/solo/.config/hypr/wallpapers/2008-Mazda-Furai-Concept-004-1440.jpg
Mon 26 Jan 08:45:58 GMT 2026: Set wallpaper to /home/solo/.config/hypr/wallpapers/2008-Mazda-Furai-Concept_grey.png
Mon 26 Jan 08:47:58 GMT 2026: Set wallpaper to /home/solo/.config/hypr/wallpapers/W05.jpg
Mon 26 Jan 08:49:58 GMT 2026: Set wallpaper to /home/solo/.config/hypr/wallpapers/thumb-1920-1345403.jpeg
Mon 26 Jan 08:51:58 GMT 2026: Set wallpaper to /home/solo/.config/hypr/wallpapers/SilverW11.jpg
Mon 26 Jan 08:53:58 GMT 2026: Set wallpaper to /home/solo/.config/hypr/wallpapers/mazda-mx5-miata-mazda-3351.jpg
Mon 26 Jan 08:55:58 GMT 2026: Set wallpaper to /home/solo/.config/hypr/wallpapers/W11_with_DRS.jpg
Mon 26 Jan 08:57:58 GMT 2026: Set wallpaper to /home/solo/.config/hypr/wallpapers/2011-Mercedes-Benz-C63-AMG-Coupe-Black-002-1080.jpg
Mon 26 Jan 08:59:58 GMT 2026: Set wallpaper to /home/solo/.config/hypr/wallpapers/2011-Mercedes-Benz-C63-AMG-Coupe-Black-002-1080.jpg
Mon 26 Jan 09:01:58 GMT 2026: Set wallpaper to /home/solo/.config/hypr/wallpapers/thumb-1920-1345403.jpeg
Mon 26 Jan 09:03:58 GMT 2026: Set wallpaper to /home/solo/.config/hypr/wallpapers/mercedes-w11.webp
Mon 26 Jan 09:05:58 GMT 2026: Set wallpaper to /home/solo/.config/hypr/wallpapers/2008-Mazda-Furai-Concept-004-1440.jpg
Mon 26 Jan 09:07:58 GMT 2026: Set wallpaper to /home/solo/.config/hypr/wallpapers/hamilton_3079629.jpg
Mon 26 Jan 09:09:58 GMT 2026: Set wallpaper to /home/solo/.config/hypr/wallpapers/astize_cc0_split1.png
Mon 26 Jan 09:11:58 GMT 2026: Set wallpaper to /home/solo/.config/hypr/wallpapers/mercedes_amg_f1_m11_eq_performance_4k-HD.jpg
Mon 26 Jan 09:13:58 GMT 2026: Set wallpaper to /home/solo/.config/hypr/wallpapers/1979-Canepa-BMW-M1-Procar_grey.png
Mon 26 Jan 09:15:58 GMT 2026: Set wallpaper to /home/solo/.config/hypr/wallpapers/2005-Ferrari-F430-007-1080.jpg
Mon 26 Jan 09:17:58 GMT 2026: Set wallpaper to /home/solo/.config/hypr/wallpapers/2015-Porsche-918-Spyder-012-1440.jpg
Mon 26 Jan 09:19:58 GMT 2026: Set wallpaper to /home/solo/.config/hypr/wallpapers/2011-Mercedes-Benz-C63-AMG-Coupe-Black-001-1080.jpg
Mon 26 Jan 09:21:58 GMT 2026: Set wallpaper to /home/solo/.config/hypr/wallpapers/mazda-mx5-miata-mazda-3351.jpg
Mon 26 Jan 09:23:58 GMT 2026: Set wallpaper to /home/solo/.config/hypr/wallpapers/w11_wets.webp
Mon 26 Jan 09:25:58 GMT 2026: Set wallpaper to /home/solo/.config/hypr/wallpapers/2005-Ferrari-F430-007-1080.jpg
Mon 26 Jan 09:27:58 GMT 2026: Set wallpaper to /home/solo/.config/hypr/wallpapers/mercedes-w11.webp
Mon 26 Jan 09:29:58 GMT 2026: Set wallpaper to /home/solo/.config/hypr/wallpapers/2015-Porsche-918-Spyder-012-1440.jpg
Mon 26 Jan 09:31:58 GMT 2026: Set wallpaper to /home/solo/.config/hypr/wallpapers/astize_cc0_split1.png
Mon 26 Jan 09:33:58 GMT 2026: Set wallpaper to /home/solo/.config/hypr/wallpapers/SoloLinux_Wallpaper_1.png
Mon 26 Jan 09:35:58 GMT 2026: Set wallpaper to /home/solo/.config/hypr/wallpapers/mazda-mx5-miata-mazda-3351.jpg
Mon 26 Jan 09:37:58 GMT 2026: Set wallpaper to /home/solo/.config/hypr/wallpapers/1968-Lamborghini-Miura-Jota-SVR-001-1080.jpg
Mon 26 Jan 09:39:58 GMT 2026: Set wallpaper to /home/solo/.config/hypr/wallpapers/2011-Mercedes-Benz-C63-AMG-Coupe-Black-001-1080.jpg
Mon 26 Jan 09:41:58 GMT 2026: Set wallpaper to /home/solo/.config/hypr/wallpapers/simple.png
Mon 26 Jan 09:43:58 GMT 2026: Set wallpaper to /home/solo/.config/hypr/wallpapers/linux-nitros-dark-ov.jpg
Mon 26 Jan 09:45:58 GMT 2026: Set wallpaper to /home/solo/.config/hypr/wallpapers/2009-Mercedes-Benz-SL-65-AMG-Black-003-1080.jpg
Mon 26 Jan 09:47:58 GMT 2026: Set wallpaper to /home/solo/.config/hypr/wallpapers/2011-Mercedes-Benz-C63-AMG-Coupe-Black-002-1080.jpg
Mon 26 Jan 09:49:58 GMT 2026: Set wallpaper to /home/solo/.config/hypr/wallpapers/w11_pfp.webp
Mon 26 Jan 09:51:58 GMT 2026: Set wallpaper to /home/solo/.config/hypr/wallpapers/2008-Mazda-Furai-Concept_grey.png
Mon 26 Jan 09:53:58 GMT 2026: Set wallpaper to /home/solo/.config/hypr/wallpapers/linux-nitros-dark-ov.jpg
Mon 26 Jan 09:55:58 GMT 2026: Set wallpaper to /home/solo/.config/hypr/wallpapers/2014-Mercedes-Benz-SLS-AMG-Black-Series-009-1440.jpg
Mon 26 Jan 09:57:58 GMT 2026: Set wallpaper to /home/solo/.config/hypr/wallpapers/astize_cc0_split1.png
Mon 26 Jan 09:59:58 GMT 2026: Set wallpaper to /home/solo/.config/hypr/wallpapers/2014-Mercedes-Benz-SLS-AMG-Black-Series-009-1440.jpg
Mon 26 Jan 10:01:58 GMT 2026: Set wallpaper to /home/solo/.config/hypr/wallpapers/thumb-1920-1345403.jpeg
Mon 26 Jan 10:03:58 GMT 2026: Set wallpaper to /home/solo/.config/hypr/wallpapers/SoloLinux_Wallpaper_Blue_White_Text.png
Mon 26 Jan 10:05:58 GMT 2026: Set wallpaper to /home/solo/.config/hypr/wallpapers/W05.jpg
Mon 26 Jan 10:07:58 GMT 2026: Set wallpaper to /home/solo/.config/hypr/wallpapers/hamilton_3079629.jpg
Mon 26 Jan 10:09:58 GMT 2026: Set wallpaper to /home/solo/.config/hypr/wallpapers/simple.png
Mon 26 Jan 10:11:58 GMT 2026: Set wallpaper to /home/solo/.config/hypr/wallpapers/w05.webp
Mon 26 Jan 10:13:58 GMT 2026: Set wallpaper to /home/solo/.config/hypr/wallpapers/mercedes-w11.webp
Mon 26 Jan 10:15:58 GMT 2026: Set wallpaper to /home/solo/.config/hypr/wallpapers/W11_with_DRS.jpg
Mon 26 Jan 10:17:59 GMT 2026: Set wallpaper to /home/solo/.config/hypr/wallpapers/linux-nitros-dark-ov.jpg
Mon 26 Jan 10:19:59 GMT 2026: Set wallpaper to /home/solo/.config/hypr/wallpapers/W05.jpg
Mon 26 Jan 10:21:59 GMT 2026: Set wallpaper to /home/solo/.config/hypr/wallpapers/2014-Mercedes-Benz-SLS-AMG-Black-Series-009-1440.jpg
Mon 26 Jan 10:23:59 GMT 2026: Set wallpaper to /home/solo/.config/hypr/wallpapers/2008-Mazda-Furai-Concept-004-1440.jpg
Mon 26 Jan 10:25:59 GMT 2026: Set wallpaper to /home/solo/.config/hypr/wallpapers/w05.webp
Mon 26 Jan 10:27:59 GMT 2026: Set wallpaper to /home/solo/.config/hypr/wallpapers/w11_wets.webp
Mon 26 Jan 10:29:59 GMT 2026: Set wallpaper to /home/solo/.config/hypr/wallpapers/w11_pfp.webp
Mon 26 Jan 10:31:59 GMT 2026: Set wallpaper to /home/solo/.config/hypr/wallpapers/hamilton_3079629.jpg
Mon 26 Jan 10:33:59 GMT 2026: Set wallpaper to /home/solo/.config/hypr/wallpapers/1979-Canepa-BMW-M1-Procar_grey.png
Mon 26 Jan 10:35:59 GMT 2026: Set wallpaper to /home/solo/.config/hypr/wallpapers/2009-Mercedes-Benz-SL-65-AMG-Black-003-1080.jpg
Mon 26 Jan 10:37:59 GMT 2026: Set wallpaper to /home/solo/.config/hypr/wallpapers/thumb-1920-1345403.jpeg
Mon 26 Jan 10:39:59 GMT 2026: Set wallpaper to /home/solo/.config/hypr/wallpapers/SoloLinux4.png
Mon 26 Jan 10:41:59 GMT 2026: Set wallpaper to /home/solo/.config/hypr/wallpapers/2009-Mercedes-Benz-SL-65-AMG-Black-003-1080.jpg
Mon 26 Jan 10:43:59 GMT 2026: Set wallpaper to /home/solo/.config/hypr/wallpapers/2019-Bugatti-Divo.jpg
Mon 26 Jan 10:45:59 GMT 2026: Set wallpaper to /home/solo/.config/hypr/wallpapers/2008-Mazda-Furai-Concept_grey.png
Mon 26 Jan 10:47:59 GMT 2026: Set wallpaper to /home/solo/.config/hypr/wallpapers/2015-Porsche-918-Spyder-012-1440.jpg
Mon 26 Jan 10:49:59 GMT 2026: Set wallpaper to /home/solo/.config/hypr/wallpapers/hamilton_3079629.jpg
Mon 26 Jan 10:51:59 GMT 2026: Set wallpaper to /home/solo/.config/hypr/wallpapers/2015-Porsche-918-Spyder-012-1440.jpg
Mon 26 Jan 10:53:59 GMT 2026: Set wallpaper to /home/solo/.config/hypr/wallpapers/2011-Mercedes-Benz-C63-AMG-Coupe-Black-002-1080.jpg
Mon 26 Jan 10:55:59 GMT 2026: Set wallpaper to /home/solo/.config/hypr/wallpapers/w05.webp
Mon 26 Jan 10:57:59 GMT 2026: Set wallpaper to /home/solo/.config/hypr/wallpapers/w11_wets.webp
Mon 26 Jan 10:59:59 GMT 2026: Set wallpaper to /home/solo/.config/hypr/wallpapers/w11_pfp.webp
Mon 26 Jan 11:01:59 GMT 2026: Set wallpaper to /home/solo/.config/hypr/wallpapers/mercedes-w11.webp
Mon 26 Jan 11:03:59 GMT 2026: Set wallpaper to /home/solo/.config/hypr/wallpapers/hyprland_wallpaper.png
Mon 26 Jan 11:05:59 GMT 2026: Set wallpaper to /home/solo/.config/hypr/wallpapers/SoloLinux4.png
Mon 26 Jan 11:07:59 GMT 2026: Set wallpaper to /home/solo/.config/hypr/wallpapers/mercedes_amg_f1_m11_eq_performance_4k-HD.jpg
Mon 26 Jan 11:09:59 GMT 2026: Set wallpaper to /home/solo/.config/hypr/wallpapers/2011-Mercedes-Benz-C63-AMG-Coupe-Black-001-1080.jpg
Mon 26 Jan 11:11:59 GMT 2026: Set wallpaper to /home/solo/.config/hypr/wallpapers/SoloLinux4.png
Mon 26 Jan 11:13:59 GMT 2026: Set wallpaper to /home/solo/.config/hypr/wallpapers/w05.webp
Mon 26 Jan 11:15:59 GMT 2026: Set wallpaper to /home/solo/.config/hypr/wallpapers/2009-Mercedes-Benz-SL-65-AMG-Black-003-1080.jpg
Mon 26 Jan 11:17:59 GMT 2026: Set wallpaper to /home/solo/.config/hypr/wallpapers/2008-Mazda-Furai-Concept-004-1440.jpg
Mon 26 Jan 11:19:59 GMT 2026: Set wallpaper to /home/solo/.config/hypr/wallpapers/W05.jpg
Mon 26 Jan 11:21:59 GMT 2026: Set wallpaper to /home/solo/.config/hypr/wallpapers/2011-Mercedes-Benz-C63-AMG-Coupe-Black-002-1080.jpg
Mon 26 Jan 11:23:59 GMT 2026: Set wallpaper to /home/solo/.config/hypr/wallpapers/hyprland_wallpaper.png
Mon 26 Jan 11:25:59 GMT 2026: Set wallpaper to /home/solo/.config/hypr/wallpapers/2014-Mercedes-Benz-SLS-AMG-Black-Series-009-1440.jpg
Mon 26 Jan 11:27:59 GMT 2026: Set wallpaper to /home/solo/.config/hypr/wallpapers/2015-Porsche-918-Spyder-012-1440.jpg
Mon 26 Jan 11:29:59 GMT 2026: Set wallpaper to /home/solo/.config/hypr/wallpapers/SoloLinux4.png
Mon 26 Jan 11:31:59 GMT 2026: Set wallpaper to /home/solo/.config/hypr/wallpapers/thumb-1920-1345403.jpeg
Mon 26 Jan 11:33:59 GMT 2026: Set wallpaper to /home/solo/.config/hypr/wallpapers/SoloLinux_Wallpaper_Blue_White_Text.png
Mon 26 Jan 11:35:59 GMT 2026: Set wallpaper to /home/solo/.config/hypr/wallpapers/1968-Lamborghini-Miura-Jota-SVR-001-1080.jpg
Mon 26 Jan 11:37:59 GMT 2026: Set wallpaper to /home/solo/.config/hypr/wallpapers/SilverW11.jpg
Mon 26 Jan 11:39:59 GMT 2026: Set wallpaper to /home/solo/.config/hypr/wallpapers/2009-Mercedes-Benz-SL-65-AMG-Black-003-1080.jpg
Mon 26 Jan 11:41:59 GMT 2026: Set wallpaper to /home/solo/.config/hypr/wallpapers/mercedes-w11.webp
Mon 26 Jan 11:43:59 GMT 2026: Set wallpaper to /home/solo/.config/hypr/wallpapers/linux-nitros-dark-ov.jpg
Mon 26 Jan 11:45:59 GMT 2026: Set wallpaper to /home/solo/.config/hypr/wallpapers/2011-Mercedes-Benz-C63-AMG-Coupe-Black-001-1080.jpg
Mon 26 Jan 11:47:59 GMT 2026: Set wallpaper to /home/solo/.config/hypr/wallpapers/2015-Porsche-918-Spyder-012-1440.jpg
Mon 26 Jan 11:49:59 GMT 2026: Set wallpaper to /home/solo/.config/hypr/wallpapers/2005-Ferrari-F430-007-1080.jpg
Mon 26 Jan 11:51:59 GMT 2026: Set wallpaper to /home/solo/.config/hypr/wallpapers/2009-Mercedes-Benz-SL-65-AMG-Black-003-1080.jpg
Mon 26 Jan 11:53:59 GMT 2026: Set wallpaper to /home/solo/.config/hypr/wallpapers/w11_wets.webp
Mon 26 Jan 11:55:59 GMT 2026: Set wallpaper to /home/solo/.config/hypr/wallpapers/w05.webp
Mon 26 Jan 13:05:18 GMT 2026: Set wallpaper to /home/solo/.config/hypr/wallpapers/mazda-mx5-miata-mazda-3351.jpg
Mon 26 Jan 13:07:18 GMT 2026: Set wallpaper to /home/solo/.config/hypr/wallpapers/SoloLinux4.png
Mon 26 Jan 13:09:19 GMT 2026: Set wallpaper to /home/solo/.config/hypr/wallpapers/w05.webp
Mon 26 Jan 13:11:19 GMT 2026: Set wallpaper to /home/solo/.config/hypr/wallpapers/SilverW11.jpg
Mon 26 Jan 13:13:19 GMT 2026: Set wallpaper to /home/solo/.config/hypr/wallpapers/W05.jpg
Mon 26 Jan 13:15:19 GMT 2026: Set wallpaper to /home/solo/.config/hypr/wallpapers/SoloLinux_Wallpaper_Blue_White_Text.png
Mon 26 Jan 13:17:19 GMT 2026: Set wallpaper to /home/solo/.config/hypr/wallpapers/mercedes-w11.webp
Mon 26 Jan 13:19:19 GMT 2026: Set wallpaper to /home/solo/.config/hypr/wallpapers/2005-Ferrari-F430-007-1080.jpg
Mon 26 Jan 13:21:19 GMT 2026: Set wallpaper to /home/solo/.config/hypr/wallpapers/hamilton_3079629.jpg
Mon 26 Jan 13:23:19 GMT 2026: Set wallpaper to /home/solo/.config/hypr/wallpapers/w11_wets.webp
Mon 26 Jan 13:25:19 GMT 2026: Set wallpaper to /home/solo/.config/hypr/wallpapers/SoloLinux_Wallpaper_1.png
Mon 26 Jan 13:27:19 GMT 2026: Set wallpaper to /home/solo/.config/hypr/wallpapers/2014-Mercedes-Benz-SLS-AMG-Black-Series-009-1440.jpg
Mon 26 Jan 13:29:19 GMT 2026: Set wallpaper to /home/solo/.config/hypr/wallpapers/hamilton_3079629.jpg
Mon 26 Jan 13:31:19 GMT 2026: Set wallpaper to /home/solo/.config/hypr/wallpapers/2019-Bugatti-Divo.jpg
Mon 26 Jan 13:33:19 GMT 2026: Set wallpaper to /home/solo/.config/hypr/wallpapers/SoloLinux_Wallpaper_Blue_White_Text.png
Mon 26 Jan 13:35:19 GMT 2026: Set wallpaper to /home/solo/.config/hypr/wallpapers/1968-Lamborghini-Miura-Jota-SVR-001-1080.jpg
Mon 26 Jan 13:37:19 GMT 2026: Set wallpaper to /home/solo/.config/hypr/wallpapers/W11_with_DRS.jpg
Mon 26 Jan 13:39:19 GMT 2026: Set wallpaper to /home/solo/.config/hypr/wallpapers/2009-Mercedes-Benz-SL-65-AMG-Black-003-1080.jpg
Mon 26 Jan 13:41:19 GMT 2026: Set wallpaper to /home/solo/.config/hypr/wallpapers/SoloLinux_Wallpaper_1.png
Mon 26 Jan 13:43:19 GMT 2026: Set wallpaper to /home/solo/.config/hypr/wallpapers/w05.webp
Mon 26 Jan 13:45:19 GMT 2026: Set wallpaper to /home/solo/.config/hypr/wallpapers/2019-Bugatti-Divo.jpg
Mon 26 Jan 13:47:19 GMT 2026: Set wallpaper to /home/solo/.config/hypr/wallpapers/mercedes-w11.webp
Mon 26 Jan 13:49:19 GMT 2026: Set wallpaper to /home/solo/.config/hypr/wallpapers/2015-Porsche-918-Spyder-012-1440.jpg
Mon 26 Jan 13:51:19 GMT 2026: Set wallpaper to /home/solo/.config/hypr/wallpapers/1979-Canepa-BMW-M1-Procar_grey.png
Mon 26 Jan 13:53:19 GMT 2026: Set wallpaper to /home/solo/.config/hypr/wallpapers/1979-Canepa-BMW-M1-Procar_grey.png
Mon 26 Jan 13:55:19 GMT 2026: Set wallpaper to /home/solo/.config/hypr/wallpapers/SoloLinux_Wallpaper_1.png
Mon 26 Jan 13:57:19 GMT 2026: Set wallpaper to /home/solo/.config/hypr/wallpapers/W11_with_DRS.jpg
Mon 26 Jan 13:59:19 GMT 2026: Set wallpaper to /home/solo/.config/hypr/wallpapers/linux-nitros-dark-ov.jpg
Mon 26 Jan 14:01:19 GMT 2026: Set wallpaper to /home/solo/.config/hypr/wallpapers/thumb-1920-1345403.jpeg
Mon 26 Jan 14:03:19 GMT 2026: Set wallpaper to /home/solo/.config/hypr/wallpapers/hamilton_3079629.jpg
Mon 26 Jan 14:05:19 GMT 2026: Set wallpaper to /home/solo/.config/hypr/wallpapers/W05.jpg
Mon 26 Jan 14:07:19 GMT 2026: Set wallpaper to /home/solo/.config/hypr/wallpapers/simple.png
Mon 26 Jan 14:09:19 GMT 2026: Set wallpaper to /home/solo/.config/hypr/wallpapers/w11_pfp.webp
Mon 26 Jan 14:11:19 GMT 2026: Set wallpaper to /home/solo/.config/hypr/wallpapers/2011-Mercedes-Benz-C63-AMG-Coupe-Black-002-1080.jpg
Mon 26 Jan 14:13:19 GMT 2026: Set wallpaper to /home/solo/.config/hypr/wallpapers/2019-Bugatti-Divo.jpg
Mon 26 Jan 14:15:19 GMT 2026: Set wallpaper to /home/solo/.config/hypr/wallpapers/1979-Canepa-BMW-M1-Procar_grey.png
Mon 26 Jan 14:17:19 GMT 2026: Set wallpaper to /home/solo/.config/hypr/wallpapers/2011-Mercedes-Benz-C63-AMG-Coupe-Black-001-1080.jpg
Mon 26 Jan 14:19:19 GMT 2026: Set wallpaper to /home/solo/.config/hypr/wallpapers/SoloLinux4.png
Mon 26 Jan 14:21:19 GMT 2026: Set wallpaper to /home/solo/.config/hypr/wallpapers/hyprland_wallpaper.png
Mon 26 Jan 14:55:18 GMT 2026: Set wallpaper to /home/solo/.config/hypr/wallpapers/hamilton_3079629.jpg
Mon 26 Jan 14:57:18 GMT 2026: Set wallpaper to /home/solo/.config/hypr/wallpapers/linux-nitros-dark-ov.jpg
Mon 26 Jan 14:59:18 GMT 2026: Set wallpaper to /home/solo/.config/hypr/wallpapers/2014-Mercedes-Benz-SLS-AMG-Black-Series-009-1440.jpg
Mon 26 Jan 15:01:18 GMT 2026: Set wallpaper to /home/solo/.config/hypr/wallpapers/2014-Mercedes-Benz-SLS-AMG-Black-Series-009-1440.jpg
Mon 26 Jan 15:03:18 GMT 2026: Set wallpaper to /home/solo/.config/hypr/wallpapers/W11_with_DRS.jpg
Mon 26 Jan 15:05:18 GMT 2026: Set wallpaper to /home/solo/.config/hypr/wallpapers/mercedes-w11.webp
Mon 26 Jan 15:07:18 GMT 2026: Set wallpaper to /home/solo/.config/hypr/wallpapers/SoloLinux_Wallpaper_Blue_White_Text.png
Mon 26 Jan 15:09:18 GMT 2026: Set wallpaper to /home/solo/.config/hypr/wallpapers/w11_pfp.webp
Mon 26 Jan 15:11:18 GMT 2026: Set wallpaper to /home/solo/.config/hypr/wallpapers/2008-Mazda-Furai-Concept-004-1440.jpg
Mon 26 Jan 15:13:18 GMT 2026: Set wallpaper to /home/solo/.config/hypr/wallpapers/mazda-mx5-miata-mazda-3351.jpg
Mon 26 Jan 15:15:18 GMT 2026: Set wallpaper to /home/solo/.config/hypr/wallpapers/2019-Bugatti-Divo.jpg
Mon 26 Jan 15:17:20 GMT 2026: Set wallpaper to /home/solo/.config/hypr/wallpapers/SilverW11.jpg
Mon 26 Jan 15:19:20 GMT 2026: Set wallpaper to /home/solo/.config/hypr/wallpapers/2014-Mercedes-Benz-SLS-AMG-Black-Series-009-1440.jpg
Mon 26 Jan 15:21:20 GMT 2026: Set wallpaper to /home/solo/.config/hypr/wallpapers/1979-Canepa-BMW-M1-Procar_grey.png
Mon 26 Jan 15:23:20 GMT 2026: Set wallpaper to /home/solo/.config/hypr/wallpapers/w11_wets.webp
Mon 26 Jan 15:25:20 GMT 2026: Set wallpaper to /home/solo/.config/hypr/wallpapers/hamilton_3079629.jpg
Mon 26 Jan 15:27:20 GMT 2026: Set wallpaper to /home/solo/.config/hypr/wallpapers/SoloLinux_Wallpaper_Blue_White_Text.png
Mon 26 Jan 15:29:20 GMT 2026: Set wallpaper to /home/solo/.config/hypr/wallpapers/SoloLinux_Wallpaper_1.png
Mon 26 Jan 15:31:20 GMT 2026: Set wallpaper to /home/solo/.config/hypr/wallpapers/2005-Ferrari-F430-007-1080.jpg
Mon 26 Jan 15:33:20 GMT 2026: Set wallpaper to /home/solo/.config/hypr/wallpapers/astize_cc0_split1.png
Mon 26 Jan 15:35:20 GMT 2026: Set wallpaper to /home/solo/.config/hypr/wallpapers/2014-Mercedes-Benz-SLS-AMG-Black-Series-009-1440.jpg
Mon 26 Jan 15:37:20 GMT 2026: Set wallpaper to /home/solo/.config/hypr/wallpapers/hyprland_wallpaper.png
Mon 26 Jan 15:39:20 GMT 2026: Set wallpaper to /home/solo/.config/hypr/wallpapers/simple.png
Mon 26 Jan 15:41:20 GMT 2026: Set wallpaper to /home/solo/.config/hypr/wallpapers/hyprland_wallpaper.png
Mon 26 Jan 15:43:20 GMT 2026: Set wallpaper to /home/solo/.config/hypr/wallpapers/2019-Bugatti-Divo.jpg
Mon 26 Jan 20:34:04 GMT 2026: Set wallpaper to /home/solo/.config/hypr/wallpapers/w11_pfp.webp
Mon 26 Jan 20:36:04 GMT 2026: Set wallpaper to /home/solo/.config/hypr/wallpapers/mercedes-w11.webp
Mon 26 Jan 20:38:04 GMT 2026: Set wallpaper to /home/solo/.config/hypr/wallpapers/2015-Porsche-918-Spyder-012-1440.jpg
Mon 26 Jan 20:40:04 GMT 2026: Set wallpaper to /home/solo/.config/hypr/wallpapers/thumb-1920-1345403.jpeg
Mon 26 Jan 20:42:04 GMT 2026: Set wallpaper to /home/solo/.config/hypr/wallpapers/thumb-1920-1345403.jpeg
Mon 26 Jan 20:44:04 GMT 2026: Set wallpaper to /home/solo/.config/hypr/wallpapers/2015-Porsche-918-Spyder-012-1440.jpg
Mon 26 Jan 20:46:04 GMT 2026: Set wallpaper to /home/solo/.config/hypr/wallpapers/2009-Mercedes-Benz-SL-65-AMG-Black-003-1080.jpg
Mon 26 Jan 20:48:04 GMT 2026: Set wallpaper to /home/solo/.config/hypr/wallpapers/simple.png
Mon 26 Jan 20:50:04 GMT 2026: Set wallpaper to /home/solo/.config/hypr/wallpapers/w11_wets.webp
Mon 26 Jan 20:52:04 GMT 2026: Set wallpaper to /home/solo/.config/hypr/wallpapers/1968-Lamborghini-Miura-Jota-SVR-001-1080.jpg
Mon 26 Jan 20:54:04 GMT 2026: Set wallpaper to /home/solo/.config/hypr/wallpapers/W05.jpg
Mon 26 Jan 20:56:04 GMT 2026: Set wallpaper to /home/solo/.config/hypr/wallpapers/w05.webp
Mon 26 Jan 20:58:04 GMT 2026: Set wallpaper to /home/solo/.config/hypr/wallpapers/w05.webp
Mon 26 Jan 21:00:04 GMT 2026: Set wallpaper to /home/solo/.config/hypr/wallpapers/linux-nitros-dark-ov.jpg
Mon 26 Jan 21:02:04 GMT 2026: Set wallpaper to /home/solo/.config/hypr/wallpapers/w11_pfp.webp
Mon 26 Jan 21:04:04 GMT 2026: Set wallpaper to /home/solo/.config/hypr/wallpapers/SoloLinux_Blue_And_WHite_Text_Dark.png
Mon 26 Jan 21:06:04 GMT 2026: Set wallpaper to /home/solo/.config/hypr/wallpapers/linux-nitros-dark-ov.jpg
Mon 26 Jan 21:08:04 GMT 2026: Set wallpaper to /home/solo/.config/hypr/wallpapers/W05.jpg
Mon 26 Jan 21:10:04 GMT 2026: Set wallpaper to /home/solo/.config/hypr/wallpapers/w05.webp
Mon 26 Jan 21:12:04 GMT 2026: Set wallpaper to /home/solo/.config/hypr/wallpapers/SoloLinux_Wallpaper_Blue_White_Text.png
Mon 26 Jan 21:14:05 GMT 2026: Set wallpaper to /home/solo/.config/hypr/wallpapers/2015-Porsche-918-Spyder-012-1440.jpg
Mon 26 Jan 21:16:05 GMT 2026: Set wallpaper to /home/solo/.config/hypr/wallpapers/SilverW11.jpg
Mon 26 Jan 21:18:05 GMT 2026: Set wallpaper to /home/solo/.config/hypr/wallpapers/thumb-1920-1345403.jpeg
Mon 26 Jan 21:20:05 GMT 2026: Set wallpaper to /home/solo/.config/hypr/wallpapers/w11_wets.webp
Mon 26 Jan 21:22:05 GMT 2026: Set wallpaper to /home/solo/.config/hypr/wallpapers/2008-Mazda-Furai-Concept-004-1440.jpg
Mon 26 Jan 21:24:05 GMT 2026: Set wallpaper to /home/solo/.config/hypr/wallpapers/SilverW11.jpg
Mon 26 Jan 21:26:05 GMT 2026: Set wallpaper to /home/solo/.config/hypr/wallpapers/SilverW11.jpg
Mon 26 Jan 21:28:05 GMT 2026: Set wallpaper to /home/solo/.config/hypr/wallpapers/2009-Mercedes-Benz-SL-65-AMG-Black-003-1080.jpg
Mon 26 Jan 21:30:05 GMT 2026: Set wallpaper to /home/solo/.config/hypr/wallpapers/w05.webp
Mon 26 Jan 21:32:05 GMT 2026: Set wallpaper to /home/solo/.config/hypr/wallpapers/astize_cc0_split1.png
Mon 26 Jan 21:34:05 GMT 2026: Set wallpaper to /home/solo/.config/hypr/wallpapers/2011-Mercedes-Benz-C63-AMG-Coupe-Black-002-1080.jpg
Mon 26 Jan 21:36:05 GMT 2026: Set wallpaper to /home/solo/.config/hypr/wallpapers/w11_wets.webp
Mon 26 Jan 21:38:05 GMT 2026: Set wallpaper to /home/solo/.config/hypr/wallpapers/2008-Mazda-Furai-Concept-004-1440.jpg
Mon 26 Jan 21:40:05 GMT 2026: Set wallpaper to /home/solo/.config/hypr/wallpapers/2011-Mercedes-Benz-C63-AMG-Coupe-Black-002-1080.jpg
Mon 26 Jan 21:42:05 GMT 2026: Set wallpaper to /home/solo/.config/hypr/wallpapers/SoloLinux_Wallpaper_Blue_White_Text.png
Mon 26 Jan 21:44:05 GMT 2026: Set wallpaper to /home/solo/.config/hypr/wallpapers/2019-Bugatti-Divo.jpg
Tue 27 Jan 11:00:07 GMT 2026: Set wallpaper to /home/solo/.config/hypr/wallpapers/W11_with_DRS.jpg
Tue 27 Jan 11:02:07 GMT 2026: Set wallpaper to /home/solo/.config/hypr/wallpapers/1979-Canepa-BMW-M1-Procar_grey.png
Tue 27 Jan 11:04:07 GMT 2026: Set wallpaper to /home/solo/.config/hypr/wallpapers/2011-Mercedes-Benz-C63-AMG-Coupe-Black-001-1080.jpg
Tue 27 Jan 11:06:07 GMT 2026: Set wallpaper to /home/solo/.config/hypr/wallpapers/thumb-1920-1345403.jpeg
Tue 27 Jan 11:08:07 GMT 2026: Set wallpaper to /home/solo/.config/hypr/wallpapers/mercedes-w11.webp
Tue 27 Jan 11:10:07 GMT 2026: Set wallpaper to /home/solo/.config/hypr/wallpapers/mazda-mx5-miata-mazda-3351.jpg
Tue 27 Jan 11:12:07 GMT 2026: Set wallpaper to /home/solo/.config/hypr/wallpapers/SoloLinux4.png
Tue 27 Jan 11:14:07 GMT 2026: Set wallpaper to /home/solo/.config/hypr/wallpapers/SoloLinux_Wallpaper_Blue_White_Text.png
Tue 27 Jan 11:16:07 GMT 2026: Set wallpaper to /home/solo/.config/hypr/wallpapers/1979-Canepa-BMW-M1-Procar_grey.png
Tue 27 Jan 11:18:07 GMT 2026: Set wallpaper to /home/solo/.config/hypr/wallpapers/SoloLinux4.png
Tue 27 Jan 11:20:07 GMT 2026: Set wallpaper to /home/solo/.config/hypr/wallpapers/2019-Bugatti-Divo.jpg
Tue 27 Jan 11:22:07 GMT 2026: Set wallpaper to /home/solo/.config/hypr/wallpapers/2008-Mazda-Furai-Concept-004-1440.jpg
Tue 27 Jan 11:24:07 GMT 2026: Set wallpaper to /home/solo/.config/hypr/wallpapers/2008-Mazda-Furai-Concept-004-1440.jpg
